instance,set,rule,relax,status,solved,nodes,time,uplo,loup,timeout
3pk-borne.bch,coconutbenchmark-library2,largestfirst,affine,timeout,0,271288,600.0007650000002,-2221143.036823218,12042.901982205569,600.0
3pk-borne.bch,coconutbenchmark-library2,lsmear,affine,timeout,0,186602,600.0034110000003,-98477.00339661831,4815.14011242407,600.0
3pk-borne.bch,coconutbenchmark-library2,lsmear-box,affine,timeout,0,185658,600.0035980000002,-98607.8462474523,4815.14011242407,600.0
3pk-borne.bch,coconutbenchmark-library2,roundrobin,affine,timeout,0,250822,600.0023230000002,-1071279.650029461,29062.89673028221,600.0
3pk-borne.bch,coconutbenchmark-library2,smearmax,affine,timeout,0,192838,600.0013900000002,-97701.2543791695,2602.5509329398355,600.0
3pk-borne.bch,coconutbenchmark-library2,smearmaxrel,affine,timeout,0,191368,600.0063140000002,-97857.19780654626,4815.14011242407,600.0
3pk-borne.bch,coconutbenchmark-library2,smearsum,affine,timeout,0,192720,600.0001450000002,-97716.51018308348,4815.14011242407,600.0
3pk-borne.bch,coconutbenchmark-library2,smearsumrel,affine,timeout,0,192038,600.0064810000002,-97798.62985621962,4815.14011242407,600.0
3pk-borne.bch,coconutbenchmark-library2,largestfirst,both,timeout,0,113438,600.0062260000002,-2221143.036823218,9115.837173818396,600.0
3pk-borne.bch,coconutbenchmark-library2,lsmear,both,timeout,0,97374,600.0123500000003,-113169.26003462265,4859.016611612017,600.0
3pk-borne.bch,coconutbenchmark-library2,lsmear-box,both,timeout,0,97666,600.0065940000001,-113169.26003462265,4859.016611612017,600.0
3pk-borne.bch,coconutbenchmark-library2,roundrobin,both,timeout,0,129634,600.0033240000001,-1149870.7122596838,28933.88104958765,600.0
3pk-borne.bch,coconutbenchmark-library2,smearmax,both,timeout,0,99734,600.0135700000002,-112637.64270029003,4859.016611612017,600.0
3pk-borne.bch,coconutbenchmark-library2,smearmaxrel,both,timeout,0,98882,600.0047500000003,-112854.04014786938,4859.016611612017,600.0
3pk-borne.bch,coconutbenchmark-library2,smearsum,both,timeout,0,99392,600.0072060000002,-112740.8648486565,4859.016611612017,600.0
3pk-borne.bch,coconutbenchmark-library2,smearsumrel,both,timeout,0,99670,600.0063710000003,-112639.99890590223,4859.016611612017,600.0
3pk-borne.bch,coconutbenchmark-library2,largestfirst,xtaylor,timeout,0,131074,600.0054180000002,-2221143.036823218,11970.914060133755,600.0
3pk-borne.bch,coconutbenchmark-library2,lsmear,xtaylor,timeout,0,108144,600.0041430000003,-112110.76118267841,4487.346893625451,600.0
3pk-borne.bch,coconutbenchmark-library2,lsmear-box,xtaylor,timeout,0,109222,600.0037780000004,-111965.02244507604,4487.346893625451,600.0
3pk-borne.bch,coconutbenchmark-library2,roundrobin,xtaylor,timeout,0,144170,600.0047550000003,-1129030.19522518,29062.89673028221,600.0
3pk-borne.bch,coconutbenchmark-library2,smearmax,xtaylor,timeout,0,110340,600.0022830000001,-111601.46002264315,4487.346893625451,600.0
3pk-borne.bch,coconutbenchmark-library2,smearmaxrel,xtaylor,timeout,0,111274,600.0038440000001,-111397.36386388246,4487.346893625451,600.0
3pk-borne.bch,coconutbenchmark-library2,smearsum,xtaylor,timeout,0,111224,600.0012900000002,-111400.89867612028,4487.346893625451,600.0
3pk-borne.bch,coconutbenchmark-library2,smearsumrel,xtaylor,timeout,0,110620,600.0080480000003,-111525.8444706957,4487.346893625451,600.0
3pk.bch,coconutbenchmark-library2,largestfirst,affine,unbounded,0,62,0.016324000000000005,-inf,5.270870301420892e+23,600.0
3pk.bch,coconutbenchmark-library2,lsmear,affine,unbounded,0,62,0.017703999999999998,-inf,5.270870301420892e+23,600.0
3pk.bch,coconutbenchmark-library2,lsmear-box,affine,unbounded,0,62,0.017673999999999912,-inf,5.270870301420892e+23,600.0
3pk.bch,coconutbenchmark-library2,roundrobin,affine,unbounded,0,62,0.01623800000000003,-inf,5.270870301420892e+23,600.0
3pk.bch,coconutbenchmark-library2,smearmax,affine,unbounded,0,62,0.01762400000000003,-inf,5.270870301420892e+23,600.0
3pk.bch,coconutbenchmark-library2,smearmaxrel,affine,unbounded,0,62,0.017681000000000002,-inf,5.270870301420892e+23,600.0
3pk.bch,coconutbenchmark-library2,smearsum,affine,unbounded,0,62,0.017676000000000025,-inf,5.270870301420892e+23,600.0
3pk.bch,coconutbenchmark-library2,smearsumrel,affine,unbounded,0,62,0.017741000000000007,-inf,5.270870301420892e+23,600.0
3pk.bch,coconutbenchmark-library2,largestfirst,both,unbounded,0,62,0.01618900000000001,-inf,5.270870301420892e+23,600.0
3pk.bch,coconutbenchmark-library2,lsmear,both,unbounded,0,62,0.017657000000000034,-inf,5.270870301420892e+23,600.0
3pk.bch,coconutbenchmark-library2,lsmear-box,both,unbounded,0,62,0.017789,-inf,5.270870301420892e+23,600.0
3pk.bch,coconutbenchmark-library2,roundrobin,both,unbounded,0,62,0.016168000000000016,-inf,5.270870301420892e+23,600.0
3pk.bch,coconutbenchmark-library2,smearmax,both,unbounded,0,62,0.017857000000000012,-inf,5.270870301420892e+23,600.0
3pk.bch,coconutbenchmark-library2,smearmaxrel,both,unbounded,0,62,0.017631000000000008,-inf,5.270870301420892e+23,600.0
3pk.bch,coconutbenchmark-library2,smearsum,both,unbounded,0,62,0.017791,-inf,5.270870301420892e+23,600.0
3pk.bch,coconutbenchmark-library2,smearsumrel,both,unbounded,0,62,0.01766899999999999,-inf,5.270870301420892e+23,600.0
3pk.bch,coconutbenchmark-library2,largestfirst,xtaylor,unbounded,0,62,0.01691999999999999,-inf,5.270870301420892e+23,10
3pk.bch,coconutbenchmark-library2,lsmear,xtaylor,unbounded,0,62,0.017764999999999975,-inf,5.270870301420892e+23,10
3pk.bch,coconutbenchmark-library2,lsmear-box,xtaylor,unbounded,0,62,0.017757999999999996,-inf,5.270870301420892e+23,10
3pk.bch,coconutbenchmark-library2,roundrobin,xtaylor,unbounded,0,62,0.01630200000000004,-inf,5.270870301420892e+23,10
3pk.bch,coconutbenchmark-library2,smearmax,xtaylor,unbounded,0,62,0.018127000000000004,-inf,5.270870301420892e+23,10
3pk.bch,coconutbenchmark-library2,smearmaxrel,xtaylor,unbounded,0,62,0.018011,-inf,5.270870301420892e+23,10
3pk.bch,coconutbenchmark-library2,smearsum,xtaylor,unbounded,0,62,0.018054000000000014,-inf,5.270870301420892e+23,10
3pk.bch,coconutbenchmark-library2,smearsumrel,xtaylor,unbounded,0,62,0.01805899999999999,-inf,5.270870301420892e+23,10
abel.bch,unsolved,largestfirst,both,timeout,0,102408,600.0008350000003,-6305418.382878161,425105.83263491443,600.0
abel.bch,unsolved,lsmear,both,timeout,0,65958,600.0175780000002,-1074435.5041293753,122648.05985773428,600.0
abel.bch,unsolved,lsmear-box,both,timeout,0,47848,600.0003990000002,-1071993.7188248984,115488.52212478095,600.0
abel.bch,unsolved,roundrobin,both,timeout,0,48684,600.0218600000002,-1236442.9372373424,95381.95920573447,600.0
abel.bch,unsolved,smearmax,both,timeout,0,81246,600.0097500000003,-779391.0143612078,35464.30903949168,600.0
abel.bch,unsolved,smearmaxrel,both,timeout,0,79934,600.0098960000003,-3727163.5303807626,57341.054993339974,600.0
abel.bch,unsolved,smearsum,both,timeout,0,82456,600.0114520000003,-779733.9589038884,157881.2361518703,600.0
abel.bch,unsolved,smearsumrel,both,timeout,0,51792,600.0491880000002,-1508786.4024221245,59768.29785710474,600.0
abel.bch,unsolved,largestfirst,xtaylor,timeout,0,145554,600.0054650000003,-41994313.242011756,347013.1146653597,600.0
abel.bch,unsolved,lsmear,xtaylor,timeout,0,92618,600.0054650000002,-1075106.2062818292,232160.73958775087,600.0
abel.bch,unsolved,lsmear-box,xtaylor,timeout,0,88266,600.0058190000002,-1173520.1750918722,246176.81463631341,600.0
abel.bch,unsolved,roundrobin,xtaylor,timeout,0,60676,600.0096980000003,-8240362.906568278,105505.51265308462,600.0
abel.bch,unsolved,smearmax,xtaylor,timeout,0,108656,600.0110990000002,-1455531.8046957618,102023.63110505161,600.0
abel.bch,unsolved,smearmaxrel,xtaylor,timeout,0,109580,600.0009660000004,-9988487.006272467,358827.3872431995,600.0
abel.bch,unsolved,smearsum,xtaylor,timeout,0,103070,600.0189410000003,-1455531.8046957618,131188.3964087757,600.0
abel.bch,unsolved,smearsumrel,xtaylor,timeout,0,96380,600.0026300000001,-19938226.217494093,176589.6130395408,600.0
abelbis-1.bch,unsolved,largestfirst,both,timeout,0,110768,600.0037130000004,-1559979.6073397303,215094.1767102709,600.0
abelbis-1.bch,unsolved,lsmear,both,timeout,0,33818,600.0036180000003,-279.89378583379,255.5712420152994,600.0
abelbis-1.bch,unsolved,lsmear-box,both,timeout,0,27652,600.0390130000003,-208.45937297413298,241.8549934469776,600.0
abelbis-1.bch,unsolved,roundrobin,both,timeout,0,29626,600.0422420000002,-4147.753745277176,284.9841916981026,600.0
abelbis-1.bch,unsolved,smearmax,both,timeout,0,29402,600.0194780000004,-611.9178778081096,263.5171799978098,600.0
abelbis-1.bch,unsolved,smearmaxrel,both,timeout,0,91984,600.0037140000002,-1940435.9883168174,29270.563942338125,600.0
abelbis-1.bch,unsolved,smearsum,both,timeout,0,28432,600.0179750000002,-449.6026278470607,271.04765556776005,600.0
abelbis-1.bch,unsolved,smearsumrel,both,timeout,0,73082,600.0059860000002,-894724.2440717295,30798.131490564738,600.0
abelbis-1.bch,unsolved,largestfirst,xtaylor,timeout,0,166204,600.0049140000002,-2969474.9820935484,1159714.4245134592,600.0
abelbis-1.bch,unsolved,lsmear,xtaylor,timeout,0,32618,600.0308570000002,-331.7821502019435,273.3858266708776,600.0
abelbis-1.bch,unsolved,lsmear-box,xtaylor,timeout,0,28384,600.0038870000003,-760.4751504613791,284.3002005448508,600.0
abelbis-1.bch,unsolved,roundrobin,xtaylor,timeout,0,34420,600.0303280000002,-3068.4649685263075,296.4833811399778,600.0
abelbis-1.bch,unsolved,smearmax,xtaylor,timeout,0,38722,600.0103000000003,-105.88235577541398,237.1811137668064,600.0
abelbis-1.bch,unsolved,smearmaxrel,xtaylor,timeout,0,124094,600.0000470000002,-2829242.171457575,68745.49344678986,600.0
abelbis-1.bch,unsolved,smearsum,xtaylor,timeout,0,31396,600.0225710000003,-385.71693482606673,247.38485086067317,600.0
abelbis-1.bch,unsolved,smearsumrel,xtaylor,timeout,0,58568,600.0211100000002,-434.250955530253,270.4959450000936,600.0
abelbis.bch,unsolved,largestfirst,both,timeout,0,132986,600.0036170000002,-35858836291267720,inf,600.0
abelbis.bch,unsolved,lsmear,both,timeout,0,101508,600.0127750000004,-6614738379.990052,395055.7246061318,600.0
abelbis.bch,unsolved,lsmear-box,both,timeout,0,71788,600.1102780000002,-2713286050.9147396,67971.10367401733,600.0
abelbis.bch,unsolved,roundrobin,both,timeout,0,24766,600.0386520000003,-310065264240.3298,13812.625207546585,600.0
abelbis.bch,unsolved,smearmax,both,timeout,0,16478,600.0810210000003,-889710095412922,7805.478965873397,600.0
abelbis.bch,unsolved,smearmaxrel,both,timeout,0,89556,600.0013640000002,-108000467535880.66,6329260465621.586,600.0
abelbis.bch,unsolved,smearsum,both,timeout,0,17522,600.1143710000001,-879414630671474.6,7680.454256380338,600.0
abelbis.bch,unsolved,smearsumrel,both,timeout,0,69240,600.0145650000002,-118477.43078020502,1552.7082035038397,600.0
abelbis.bch,unsolved,largestfirst,xtaylor,timeout,0,157192,600.0061140000001,-35858836291267720,inf,600.0
abelbis.bch,unsolved,lsmear,xtaylor,timeout,0,141358,600.0010450000002,-12029050037269102,1575477426186.7578,600.0
abelbis.bch,unsolved,lsmear-box,xtaylor,timeout,0,150634,600.0119740000004,-10578216766333266,1575477426186.7578,600.0
abelbis.bch,unsolved,roundrobin,xtaylor,timeout,0,21380,600.1541850000002,-3777373506.0610623,1565.5702939068262,600.0
abelbis.bch,unsolved,smearmax,xtaylor,timeout,0,28460,600.0801990000002,-764184702685136,412893.8015410561,600.0
abelbis.bch,unsolved,smearmaxrel,xtaylor,timeout,0,119168,600.0044860000003,-116376466828114.34,1120956419360.964,600.0
abelbis.bch,unsolved,smearsum,xtaylor,timeout,0,28728,600.0441710000002,-764184702685136,413321.104574932,600.0
abelbis.bch,unsolved,smearsumrel,xtaylor,timeout,0,177704,600.0005080000002,-6473990358518078,794890470495.0205,600.0
abelter-1.bch,unsolved,largestfirst,both,timeout,0,117100,600.0032010000002,9.087677628146056e-28,279.53858982069096,600.0
abelter-1.bch,unsolved,lsmear,both,timeout,0,64998,600.0038770000002,73.56672209002575,243.94544810350433,600.0
abelter-1.bch,unsolved,lsmear-box,both,timeout,0,64976,600.0043730000003,73.23082501714394,243.76794782563064,600.0
abelter-1.bch,unsolved,roundrobin,both,timeout,0,42158,600.0069300000001,56.16127055718375,275.0728317927882,600.0
abelter-1.bch,unsolved,smearmax,both,timeout,0,58880,600.0150930000002,67.89329301713629,235.60511686819072,600.0
abelter-1.bch,unsolved,smearmaxrel,both,timeout,0,91516,600.0047970000003,4.811827183892824,238.09691108338032,600.0
abelter-1.bch,unsolved,smearsum,both,timeout,0,61594,600.0111280000002,60.307053132250054,228.30490324348224,600.0
abelter-1.bch,unsolved,smearsumrel,both,timeout,0,51010,600.0023630000003,51.77569484324617,230.19060715838305,600.0
abelter-1.bch,unsolved,largestfirst,xtaylor,timeout,0,171578,600.0015630000001,3.8370194429950014e-27,293.7395534728334,600.0
abelter-1.bch,unsolved,lsmear,xtaylor,timeout,0,67562,600.0117690000002,72.9055775827599,240.46683722099488,600.0
abelter-1.bch,unsolved,lsmear-box,xtaylor,timeout,0,63732,600.0272090000003,73.83518024236906,266.3688837506592,600.0
abelter-1.bch,unsolved,roundrobin,xtaylor,timeout,0,52314,600.0192910000001,46.7370309738347,235.76405464300746,600.0
abelter-1.bch,unsolved,smearmax,xtaylor,timeout,0,76526,600.0124880000002,56.24375414103302,259.96313358154595,600.0
abelter-1.bch,unsolved,smearmaxrel,xtaylor,timeout,0,123696,600.0006740000001,16.845432160975022,240.9911978840629,600.0
abelter-1.bch,unsolved,smearsum,xtaylor,timeout,0,87072,600.0049680000002,53.4763223922454,255.6397290899725,600.0
abelter-1.bch,unsolved,smearsumrel,xtaylor,timeout,0,101920,600.0061460000002,51.32017738322682,231.26093907373084,600.0
ackley_5.bch,easy,largestfirst,affine,complete,1,410,0.14414500000000005,-8.284590578000461e-07,-7.453231702925223e-07,60.0
ackley_5.bch,easy,lsmear,affine,complete,1,140,0.05555400000000001,-8.284590578000461e-07,-8.284590364837641e-07,60.0
ackley_5.bch,easy,lsmear-box,affine,complete,1,140,0.055314000000000016,-8.284590578000461e-07,-8.284590364837641e-07,60.0
ackley_5.bch,easy,roundrobin,affine,complete,1,12,0.005471000000000001,-8.284590578000461e-07,-8.284590364837641e-07,60.0
ackley_5.bch,easy,smearmax,affine,complete,1,140,0.05504200000000001,-8.284590578000461e-07,-8.284590364837641e-07,60.0
ackley_5.bch,easy,smearmaxrel,affine,complete,1,140,0.05627900000000001,-8.284590578000461e-07,-8.284590364837641e-07,60.0
ackley_5.bch,easy,smearsum,affine,complete,1,140,0.055657000000000005,-8.284590578000461e-07,-8.284590364837641e-07,60.0
ackley_5.bch,easy,smearsumrel,affine,complete,1,140,0.05544800000000001,-8.284590578000461e-07,-8.284590364837641e-07,60.0
ackley_5.bch,easy,largestfirst,both,complete,1,366,0.16300300000000006,-8.284590578000461e-07,-7.734256293190356e-07,600.0
ackley_5.bch,easy,lsmear,both,complete,1,126,0.06561300000000003,-8.284590578000461e-07,-8.284590364837641e-07,600.0
ackley_5.bch,easy,lsmear-box,both,complete,1,126,0.06556100000000001,-8.284590578000461e-07,-8.284590364837641e-07,600.0
ackley_5.bch,easy,roundrobin,both,complete,1,12,0.006238000000000003,-8.284590578000461e-07,-8.284590364837641e-07,600.0
ackley_5.bch,easy,smearmax,both,complete,1,126,0.07220400000000002,-8.284590578000461e-07,-8.284590364837641e-07,600.0
ackley_5.bch,easy,smearmaxrel,both,complete,1,126,0.06489000000000003,-8.284590578000461e-07,-8.284590364837641e-07,600.0
ackley_5.bch,easy,smearsum,both,complete,1,126,0.06476400000000002,-8.284590578000461e-07,-8.284590364837641e-07,600.0
ackley_5.bch,easy,smearsumrel,both,complete,1,126,0.06928600000000001,-8.284590578000461e-07,-8.284590364837641e-07,600.0
ackley_5.bch,easy,largestfirst,xtaylor,complete,1,366,0.12709200000000004,-8.284590578000461e-07,-7.734256293190356e-07,10
ackley_5.bch,easy,lsmear,xtaylor,complete,1,126,0.044378000000000015,-8.284590578000461e-07,-8.284590364837641e-07,10
ackley_5.bch,easy,lsmear-box,xtaylor,complete,1,126,0.04389600000000001,-8.284590578000461e-07,-8.284590364837641e-07,10
ackley_5.bch,easy,roundrobin,xtaylor,complete,1,12,0.002764,-8.284590578000461e-07,-8.284590364837641e-07,10
ackley_5.bch,easy,smearmax,xtaylor,complete,1,126,0.043527,-8.284590578000461e-07,-8.284590364837641e-07,10
ackley_5.bch,easy,smearmaxrel,xtaylor,complete,1,126,0.043615000000000015,-8.284590578000461e-07,-8.284590364837641e-07,10
ackley_5.bch,easy,smearsum,xtaylor,complete,1,126,0.043361000000000004,-8.284590578000461e-07,-8.284590364837641e-07,10
ackley_5.bch,easy,smearsumrel,xtaylor,complete,1,126,0.04358400000000001,-8.284590578000461e-07,-8.284590364837641e-07,10
aircraftb.bch,coconutbenchmark-library2,largestfirst,both,complete,1,35118,19.292911000000004,0,4.1899752140815977e-08,600.0
aircraftb.bch,coconutbenchmark-library2,lsmear,both,complete,1,2888,2.078926000000001,0,5.3332261686616916e-08,600.0
aircraftb.bch,coconutbenchmark-library2,lsmear-box,both,complete,1,2888,2.0768860000000005,0,5.3332261686616916e-08,600.0
aircraftb.bch,coconutbenchmark-library2,roundrobin,both,complete,1,1024,0.6400890000000002,0,2.637262287301443e-08,600.0
aircraftb.bch,coconutbenchmark-library2,smearmax,both,complete,1,2888,1.9373960000000006,0,5.3332261686616916e-08,600.0
aircraftb.bch,coconutbenchmark-library2,smearmaxrel,both,complete,1,2888,1.9458230000000005,0,5.3332261686616916e-08,600.0
aircraftb.bch,coconutbenchmark-library2,smearsum,both,complete,1,2888,1.9543440000000003,0,5.3332261686616916e-08,600.0
aircraftb.bch,coconutbenchmark-library2,smearsumrel,both,complete,1,2888,1.9665600000000005,0,5.3332261686616916e-08,600.0
aircraftb.bch,coconutbenchmark-library2,largestfirst,xtaylor,timeout,0,1460366,600.0008750000002,0,1.762150566622567e-05,600.0
aircraftb.bch,coconutbenchmark-library2,lsmear,xtaylor,complete,1,4436,3.2049200000000004,0,7.837958004128884e-08,10
aircraftb.bch,coconutbenchmark-library2,lsmear-box,xtaylor,complete,1,4436,3.166747000000001,0,7.837958004128884e-08,10
aircraftb.bch,coconutbenchmark-library2,roundrobin,xtaylor,complete,1,958,0.5332420000000001,0,4.571373389228182e-08,10
aircraftb.bch,coconutbenchmark-library2,smearmax,xtaylor,complete,1,4436,2.985766000000001,0,7.837958004128884e-08,10
aircraftb.bch,coconutbenchmark-library2,smearmaxrel,xtaylor,complete,1,4436,3.009738000000001,0,7.837958004128884e-08,10
aircraftb.bch,coconutbenchmark-library2,smearsum,xtaylor,complete,1,4436,3.011499000000001,0,7.837958004128884e-08,10
aircraftb.bch,coconutbenchmark-library2,smearsumrel,xtaylor,complete,1,4436,3.023626000000001,0,7.837958004128884e-08,10
alkyl.bch,medium,largestfirst,both,complete,1,968,2.564661000000001,-1.7652200379478282,-1.7634548179098806,600.0
alkyl.bch,medium,lsmear,both,complete,1,62,0.2816680000000001,-1.7664861888475087,-1.7647197026586614,600.0
alkyl.bch,medium,lsmear-box,both,complete,1,30,0.15350300000000003,-1.7652890427352277,-1.7635237536924926,600.0
alkyl.bch,medium,roundrobin,both,complete,1,152,0.5480520000000001,-1.7655098842765473,-1.763744374392271,600.0
alkyl.bch,medium,smearmax,both,complete,1,232,0.8168490000000003,-1.7652012489436482,-1.7634360476947046,600.0
alkyl.bch,medium,smearmaxrel,both,complete,1,282,1.0791800000000003,-1.7661828492243639,-1.7644166663751397,600.0
alkyl.bch,medium,smearsum,both,complete,1,214,0.7336260000000001,-1.7652450625615723,-1.763479817499011,600.0
alkyl.bch,medium,smearsumrel,both,complete,1,240,0.8313390000000002,-1.7654552119341924,-1.7636897567222585,600.0
alkyl.bch,medium,largestfirst,xtaylor,complete,1,1656,3.6818110000000006,-1.766006954215082,-1.764240947260867,10
alkyl.bch,medium,lsmear,xtaylor,complete,1,54,0.2370700000000001,-1.7650549973490683,-1.7649670196605722,10
alkyl.bch,medium,lsmear-box,xtaylor,complete,1,54,0.23742500000000005,-1.7650549973490683,-1.7649670196605722,10
alkyl.bch,medium,roundrobin,xtaylor,complete,1,148,0.48079800000000017,-1.7662665959338808,-1.764500329337947,10
alkyl.bch,medium,smearmax,xtaylor,complete,1,224,0.6454840000000002,-1.7652044632317956,-1.7634392587685639,10
alkyl.bch,medium,smearmaxrel,xtaylor,complete,1,318,0.9370770000000003,-1.7663789400202117,-1.7646125610801917,10
alkyl.bch,medium,smearsum,xtaylor,complete,1,210,0.6092250000000002,-1.7663523096070128,-1.764585957297406,10
alkyl.bch,medium,smearsumrel,xtaylor,complete,1,156,0.4671010000000001,-1.7650760914986263,-1.7633110154071279,10
alkylbis.bch,medium,largestfirst,both,complete,1,1182,3.078180000000001,-1.7667477386257753,-1.7649809908871497,600.0
alkylbis.bch,medium,lsmear,both,complete,1,60,0.2672040000000001,-1.7667622715868085,-1.7649955093152219,600.0
alkylbis.bch,medium,lsmear-box,both,complete,1,52,0.24105800000000002,-1.7650027276170661,-1.7649929152334476,600.0
alkylbis.bch,medium,roundrobin,both,complete,1,148,0.5426950000000001,-1.7653769535289483,-1.7636115765754194,600.0
alkylbis.bch,medium,smearmax,both,complete,1,220,0.8230720000000002,-1.766759528723027,-1.7649927691943041,600.0
alkylbis.bch,medium,smearmaxrel,both,complete,1,248,0.8809020000000002,-1.7667668116886357,-1.7650000448769472,600.0
alkylbis.bch,medium,smearsum,both,complete,1,280,0.9980590000000004,-1.766452196138575,-1.7646857439424366,600.0
alkylbis.bch,medium,smearsumrel,both,complete,1,268,0.9254460000000002,-1.7657672456258593,-1.7640014783802336,600.0
alkylbis.bch,medium,largestfirst,xtaylor,complete,1,1530,3.334333000000001,-1.765271209412038,-1.7635059382026261,10
alkylbis.bch,medium,lsmear,xtaylor,complete,1,48,0.21566500000000002,-1.7650600494037825,-1.7649615298007149,10
alkylbis.bch,medium,lsmear-box,xtaylor,complete,1,48,0.21666200000000005,-1.7650600494037825,-1.7649615298007149,10
alkylbis.bch,medium,roundrobin,xtaylor,complete,1,176,0.5461280000000002,-1.766602698200977,-1.7648360955027762,10
alkylbis.bch,medium,smearmax,xtaylor,complete,1,266,0.8133170000000001,-1.7652670900275356,-1.7635018229375081,10
alkylbis.bch,medium,smearmaxrel,xtaylor,complete,1,288,0.9152720000000002,-1.7666140582963092,-1.764847444238013,10
alkylbis.bch,medium,smearsum,xtaylor,complete,1,278,0.8181540000000003,-1.7659982342976883,-1.7642322360633909,10
alkylbis.bch,medium,smearsumrel,xtaylor,complete,1,186,0.5843340000000001,-1.7665957018608283,-1.7648291061589676,10
avgasa.bch,coconutbenchmark-library2,largestfirst,both,timeout,0,431672,600.0001080000001,-6.2475762310809575,-4.409670095662158,600.0
avgasa.bch,coconutbenchmark-library2,lsmear,both,complete,1,262,0.7670940000000003,-4.414844186645964,-4.410429342459319,600.0
avgasa.bch,coconutbenchmark-library2,lsmear-box,both,complete,1,262,0.7637010000000003,-4.414844186645964,-4.410429342459319,600.0
avgasa.bch,coconutbenchmark-library2,roundrobin,both,complete,1,402,1.1971460000000005,-4.4149593972489924,-4.410544437851744,600.0
avgasa.bch,coconutbenchmark-library2,smearmax,both,complete,1,328,1.0076400000000003,-4.414427202808254,-4.410012775605447,600.0
avgasa.bch,coconutbenchmark-library2,smearmaxrel,both,timeout,0,302820,600.0010480000001,-4.461714161396478,-4.410821396395684,600.0
avgasa.bch,coconutbenchmark-library2,smearsum,both,complete,1,306,0.9685940000000003,-4.414782344194861,-4.410367561850667,600.0
avgasa.bch,coconutbenchmark-library2,smearsumrel,both,complete,1,392,1.0855520000000005,-4.415161338134584,-4.41074617679645,600.0
avgasa.bch,coconutbenchmark-library2,largestfirst,xtaylor,timeout,0,513882,600.0002990000002,-8.81719681498258,-4.407849243578943,600.0
avgasa.bch,coconutbenchmark-library2,lsmear,xtaylor,complete,1,1010,2.1357640000000004,-4.415559248326793,-4.411143689078467,10
avgasa.bch,coconutbenchmark-library2,lsmear-box,xtaylor,complete,1,1010,2.1297140000000008,-4.415559248326793,-4.411143689078467,10
avgasa.bch,coconutbenchmark-library2,roundrobin,xtaylor,complete,1,1446,3.252973000000001,-4.415863649844644,-4.4114477861948,10
avgasa.bch,coconutbenchmark-library2,smearmax,xtaylor,complete,1,1054,2.5059770000000006,-4.415827956609951,-4.4114121286533425,10
avgasa.bch,coconutbenchmark-library2,smearmaxrel,xtaylor,timeout,0,348108,600.0018280000003,-4.580937773442715,-4.410033796347838,600.0
avgasa.bch,coconutbenchmark-library2,smearsum,xtaylor,complete,1,866,2.2667080000000004,-4.415662700861801,-4.41124703816094,10
avgasa.bch,coconutbenchmark-library2,smearsumrel,xtaylor,complete,1,1226,2.821198000000001,-4.41595131346111,-4.41153536214765,10
avgasb.bch,coconutbenchmark-library2,largestfirst,both,timeout,0,403660,600.0024650000003,-5.625198185123666,-4.480209042403721,600.0
avgasb.bch,coconutbenchmark-library2,lsmear,both,complete,1,84,0.3217780000000001,-4.484760660529889,-4.48027589986936,600.0
avgasb.bch,coconutbenchmark-library2,lsmear-box,both,complete,1,84,0.31784600000000013,-4.484760660529889,-4.48027589986936,600.0
avgasb.bch,coconutbenchmark-library2,roundrobin,both,complete,1,78,0.28165500000000004,-4.483713143964872,-4.479229430820908,600.0
avgasb.bch,coconutbenchmark-library2,smearmax,both,complete,1,44,0.20672600000000008,-4.485407827911427,-4.480922420083516,600.0
avgasb.bch,coconutbenchmark-library2,smearmaxrel,both,complete,1,124,0.4530210000000001,-4.486904738925862,-4.482417834186937,600.0
avgasb.bch,coconutbenchmark-library2,smearsum,both,complete,1,72,0.27628700000000006,-4.4866568656054735,-4.482170208739869,600.0
avgasb.bch,coconutbenchmark-library2,smearsumrel,both,complete,1,78,0.3216540000000001,-4.484340982381673,-4.479856641399293,600.0
avgasb.bch,coconutbenchmark-library2,largestfirst,xtaylor,timeout,0,414632,600.0019210000003,-7.891668655212348,-4.482462661701049,600.0
avgasb.bch,coconutbenchmark-library2,lsmear,xtaylor,complete,1,352,0.8401140000000002,-4.486542499649502,-4.4820559571498535,10
avgasb.bch,coconutbenchmark-library2,lsmear-box,xtaylor,complete,1,352,0.8492310000000003,-4.486542499649502,-4.4820559571498535,10
avgasb.bch,coconutbenchmark-library2,roundrobin,xtaylor,complete,1,334,0.9251580000000001,-4.487204674332094,-4.482717469657763,10
avgasb.bch,coconutbenchmark-library2,smearmax,xtaylor,complete,1,240,0.7247960000000002,-4.485738273446284,-4.481252535172838,10
avgasb.bch,coconutbenchmark-library2,smearmaxrel,xtaylor,complete,1,268,0.8360150000000001,-4.486944244208965,-4.482457299964757,10
avgasb.bch,coconutbenchmark-library2,smearsum,xtaylor,complete,1,192,0.6351840000000003,-4.487024640140367,-4.4825376155002274,10
avgasb.bch,coconutbenchmark-library2,smearsumrel,xtaylor,complete,1,230,0.7209340000000003,-4.485565745435933,-4.4810801796904975,10
avion2.bch,coconutbenchmark-library2,largestfirst,both,timeout,0,124298,600.0044020000001,94552248.23987706,95015125.30488169,600.0
avion2.bch,coconutbenchmark-library2,lsmear,both,timeout,0,97006,600.0068810000001,94552248.23987706,213664116.49302188,600.0
avion2.bch,coconutbenchmark-library2,lsmear-box,both,timeout,0,109900,600.0009990000002,94552248.23987706,238313524.65259072,600.0
avion2.bch,coconutbenchmark-library2,roundrobin,both,complete,1,834,6.755643000000003,94630553.96441904,94725184.51838344,600.0
avion2.bch,coconutbenchmark-library2,smearmax,both,timeout,0,97606,600.0057670000001,94552248.23987706,264045399.96931988,600.0
avion2.bch,coconutbenchmark-library2,smearmaxrel,both,timeout,0,114894,600.0128230000003,94552248.23987706,264045399.96931988,600.0
avion2.bch,coconutbenchmark-library2,smearsum,both,complete,1,79580,469.6620750000001,94676722.58772138,94771399.31030908,600.0
avion2.bch,coconutbenchmark-library2,smearsumrel,both,timeout,0,107582,600.0088410000002,94552248.23987706,222679344.1876471,600.0
avion2.bch,coconutbenchmark-library2,largestfirst,xtaylor,timeout,0,161990,600.0004960000002,94552248.23987706,205585569.5562656,600.0
avion2.bch,coconutbenchmark-library2,lsmear,xtaylor,timeout,0,106706,600.0042300000003,94552248.23987706,220647939.0098764,600.0
avion2.bch,coconutbenchmark-library2,lsmear-box,xtaylor,timeout,0,100856,600.0096440000001,94552248.23987706,162642460.66169593,600.0
avion2.bch,coconutbenchmark-library2,roundrobin,xtaylor,complete,1,722,4.370507000000001,94679676.29665874,94774355.97295538,10
avion2.bch,coconutbenchmark-library2,smearmax,xtaylor,timeout,0,87090,600.0077730000003,94552248.23987706,249016280.67287531,600.0
avion2.bch,coconutbenchmark-library2,smearmaxrel,xtaylor,timeout,0,137866,600.0017550000001,94552248.23987706,166625910.70218468,600.0
avion2.bch,coconutbenchmark-library2,smearsum,xtaylor,timeout,0,91176,600.0409520000003,94552248.23987706,229477339.8064375,600.0
avion2.bch,coconutbenchmark-library2,smearsumrel,xtaylor,timeout,0,152252,600.0050150000002,94552248.23987706,113805709.21505961,600.0
batch.bch,coconutbenchmark-library2,largestfirst,both,timeout,0,36710,600.0035130000002,143919.06423663645,302079.90932775935,600.0
batch.bch,coconutbenchmark-library2,lsmear,both,complete,1,184,5.4925830000000015,259105.50281278227,259364.60831559502,600.0
batch.bch,coconutbenchmark-library2,lsmear-box,both,complete,1,182,4.890435000000002,259055.01420921335,259314.06922342253,600.0
batch.bch,coconutbenchmark-library2,roundrobin,both,complete,1,692,25.204862000000006,259140.85675451622,259399.99761127072,600.0
batch.bch,coconutbenchmark-library2,smearmax,both,complete,1,320,11.453661000000004,259116.54299600382,259375.6595389998,600.0
batch.bch,coconutbenchmark-library2,smearmaxrel,both,complete,1,536,14.772328000000002,259142.4525739348,259401.5950265087,600.0
batch.bch,coconutbenchmark-library2,smearsum,both,complete,1,264,9.045165000000004,259041.0402180943,259300.08125831236,600.0
batch.bch,coconutbenchmark-library2,smearsumrel,both,complete,1,410,10.198086000000002,259008.7443692035,259267.75311357266,600.0
batch.bch,coconutbenchmark-library2,largestfirst,xtaylor,timeout,0,57486,600.0107800000002,137638.30835983492,304139.1091820969,600.0
batch.bch,coconutbenchmark-library2,lsmear,xtaylor,complete,1,24986,504.3404320000001,259069.44396261734,259328.51340657994,600.0
batch.bch,coconutbenchmark-library2,lsmear-box,xtaylor,complete,1,25540,506.3339350000001,259040.24423845293,259299.28448269135,600.0
batch.bch,coconutbenchmark-library2,roundrobin,xtaylor,timeout,0,43552,600.0020150000003,206453.7084886028,263885.7033563167,600.0
batch.bch,coconutbenchmark-library2,smearmax,xtaylor,timeout,0,33760,600.0135380000002,256409.66539186088,264269.4572738185,600.0
batch.bch,coconutbenchmark-library2,smearmaxrel,xtaylor,timeout,0,26524,600.0167060000003,238059.13959051867,260568.0929873741,600.0
batch.bch,coconutbenchmark-library2,smearsum,xtaylor,timeout,0,34286,600.0291980000002,256409.66539186088,263525.9467622112,600.0
batch.bch,coconutbenchmark-library2,smearsumrel,xtaylor,timeout,0,28550,600.0152430000002,253425.26825006263,259361.16105316108,600.0
bearing.bch,medium,largestfirst,both,complete,1,5956,24.18421100000001,1.949612005913588,1.9515616179195014,600.0
bearing.bch,medium,lsmear,both,complete,1,2744,17.032939000000002,1.9510659818878682,1.951070227311431,600.0
bearing.bch,medium,lsmear-box,both,complete,1,1994,14.010441000000005,1.9510659657178497,1.9510736738024217,600.0
bearing.bch,medium,roundrobin,both,complete,1,10822,40.43123400000002,1.9510659865754396,1.951066012210175,600.0
bearing.bch,medium,smearmax,both,timeout,0,1377106,600.0004810000001,1.9510659865839204,2.3186034610660746,600.0
bearing.bch,medium,smearmaxrel,both,complete,1,32318,110.36757400000002,1.9493805351336437,1.9513299156687771,600.0
bearing.bch,medium,smearsum,both,timeout,0,1064058,600.0004250000002,1.9510659858208916,2.657628559289661,600.0
bearing.bch,medium,smearsumrel,both,complete,1,11190,43.97779000000002,1.9510659800459829,1.9510992514078334,600.0
bearing.bch,medium,largestfirst,xtaylor,complete,1,27456,87.46366700000003,1.9500845028417664,1.9520345873446079,600.0
bearing.bch,medium,lsmear,xtaylor,complete,1,1870,11.002302000000004,1.9510659752065158,1.9510740364394767,600.0
bearing.bch,medium,lsmear-box,xtaylor,complete,1,2708,14.412559000000005,1.951065974035672,1.9510778337066061,600.0
bearing.bch,medium,roundrobin,xtaylor,complete,1,4626,21.06244700000001,1.9510658594673806,1.9510663070498793,600.0
bearing.bch,medium,smearmax,xtaylor,timeout,0,1814168,600.0000420000002,1.95106598658408,2.09485972038929,600.0
bearing.bch,medium,smearmaxrel,xtaylor,complete,1,50910,146.010994,1.9496826681843165,1.9516323508525006,600.0
bearing.bch,medium,smearsum,xtaylor,timeout,0,1937182,600.0000660000003,1.9510659865842028,2.485797669415455,600.0
bearing.bch,medium,smearsumrel,xtaylor,complete,1,5828,20.910454000000005,1.9510659646823139,1.9511429105895601,600.0
brownal.bch,coconutbenchmark-library2,largestfirst,both,timeout,0,16837002,600.0000800000001,0,3.4060331638127953e+21,600.0
brownal.bch,coconutbenchmark-library2,lsmear,both,timeout,0,14433950,600.0000760000001,0,3.4060331638127953e+21,600.0
brownal.bch,coconutbenchmark-library2,lsmear-box,both,timeout,0,14078796,600.0000680000003,0,3.4060331638127953e+21,600.0
brownal.bch,coconutbenchmark-library2,roundrobin,both,timeout,0,17114266,600.0000700000002,0,5.957294764441748,600.0
brownal.bch,coconutbenchmark-library2,smearmax,both,timeout,0,14323202,600.0000780000003,0,3.4060331638127953e+21,600.0
brownal.bch,coconutbenchmark-library2,smearmaxrel,both,timeout,0,14472290,600.0000470000002,0,3.4060331638127953e+21,600.0
brownal.bch,coconutbenchmark-library2,smearsum,both,timeout,0,14026488,600.0000970000002,0,3.4060331638127953e+21,600.0
brownal.bch,coconutbenchmark-library2,smearsumrel,both,timeout,0,14403058,600.0000590000002,0,3.4060331638127953e+21,600.0
brownal.bch,coconutbenchmark-library2,largestfirst,xtaylor,timeout,0,16570358,600.0001140000003,0,3.4060331638127953e+21,600.0
brownal.bch,coconutbenchmark-library2,lsmear,xtaylor,timeout,0,14266654,600.0001120000003,0,3.4060331638127953e+21,600.0
brownal.bch,coconutbenchmark-library2,lsmear-box,xtaylor,timeout,0,14145942,600.0001060000002,0,3.4060331638127953e+21,600.0
brownal.bch,coconutbenchmark-library2,roundrobin,xtaylor,timeout,0,17230886,600.0000620000001,0,5.957294764441748,600.0
brownal.bch,coconutbenchmark-library2,smearmax,xtaylor,timeout,0,14078540,600.0000970000002,0,3.4060331638127953e+21,600.0
brownal.bch,coconutbenchmark-library2,smearmaxrel,xtaylor,timeout,0,13739292,600.0000560000002,0,3.4060331638127953e+21,600.0
brownal.bch,coconutbenchmark-library2,smearsum,xtaylor,timeout,0,14366710,600.0000960000002,0,3.4060331638127953e+21,600.0
brownal.bch,coconutbenchmark-library2,smearsumrel,xtaylor,timeout,0,13992514,600.0000700000002,0,3.4060331638127953e+21,600.0
catena.bch,coconutbenchmark-library2,largestfirst,both,timeout,0,202834,600.0060660000001,-26977.50013488753,-10375.67123027457,600.0
catena.bch,coconutbenchmark-library2,lsmear,both,timeout,0,80046,600.0115480000002,-26687.628390512844,-21632.667827427154,600.0
catena.bch,coconutbenchmark-library2,lsmear-box,both,timeout,0,80526,600.0106140000003,-26687.437456274976,-21632.667827427154,600.0
catena.bch,coconutbenchmark-library2,roundrobin,both,timeout,0,66560,600.0186420000001,-26294.665107138004,-16706.909523034028,600.0
catena.bch,coconutbenchmark-library2,smearmax,both,timeout,0,59890,600.0056390000001,-24092.5689757406,-6015.41738847034,600.0
catena.bch,coconutbenchmark-library2,smearmaxrel,both,timeout,0,111668,600.0080180000001,-26977.50013488753,-13367.68991228937,600.0
catena.bch,coconutbenchmark-library2,smearsum,both,timeout,0,58170,600.0145610000003,-24401.668742792055,-6015.41738847034,600.0
catena.bch,coconutbenchmark-library2,smearsumrel,both,timeout,0,79640,600.0140220000002,-26683.30266497437,-21593.68576546903,600.0
catena.bch,coconutbenchmark-library2,largestfirst,xtaylor,timeout,0,255822,600.0048250000002,-26977.50013488753,-10785.878220658635,600.0
catena.bch,coconutbenchmark-library2,lsmear,xtaylor,timeout,0,101026,600.0019570000003,-26657.453314103986,-22144.511693554883,600.0
catena.bch,coconutbenchmark-library2,lsmear-box,xtaylor,timeout,0,100614,600.0041530000002,-26657.859422988422,-22144.511693554883,600.0
catena.bch,coconutbenchmark-library2,roundrobin,xtaylor,timeout,0,84582,600.0084060000002,-26084.686676952177,-18269.637779747136,600.0
catena.bch,coconutbenchmark-library2,smearmax,xtaylor,timeout,0,65106,600.0190910000003,-24092.5689757406,-6015.41738847034,600.0
catena.bch,coconutbenchmark-library2,smearmaxrel,xtaylor,timeout,0,140164,600.0034990000001,-26977.50013488753,-16038.41499399362,600.0
catena.bch,coconutbenchmark-library2,smearsum,xtaylor,timeout,0,64056,600.0240120000002,-24298.635487108237,-6015.41738847034,600.0
catena.bch,coconutbenchmark-library2,smearsumrel,xtaylor,timeout,0,96326,600.0024150000003,-26680.42071252884,-22046.928420902655,600.0
chakra-1.bch,unsolved,largestfirst,both,timeout,0,31762,600.0175660000002,-192.8557338866089,-167.5080038118093,600.0
chakra-1.bch,unsolved,lsmear,both,timeout,0,16850,600.0579140000002,-188.45306271315414,inf,600.0
chakra-1.bch,unsolved,lsmear-box,both,timeout,0,17872,600.0084600000002,-186.53385107805886,-177.56878658272163,600.0
chakra-1.bch,unsolved,roundrobin,both,timeout,0,23978,600.0202710000001,-185.01728044122538,-177.18393245270553,600.0
chakra-1.bch,unsolved,smearmax,both,timeout,0,16458,600.0140850000001,-186.41556130049923,-177.6380872545322,600.0
chakra-1.bch,unsolved,smearmaxrel,both,timeout,0,25478,600.0060620000004,-193.87900196514326,-176.92903981494686,600.0
chakra-1.bch,unsolved,smearsum,both,timeout,0,19576,600.0114080000002,-185.7849834409718,-178.1427825424625,600.0
chakra-1.bch,unsolved,smearsumrel,both,timeout,0,27504,600.0346620000003,-184.71649150677294,-178.67903342172602,600.0
chakra-1.bch,unsolved,largestfirst,xtaylor,timeout,0,54642,600.0091960000002,-223.9457420118083,-178.89048761587833,600.0
chakra-1.bch,unsolved,lsmear,xtaylor,timeout,0,15920,600.0264040000002,-209.4205162852973,inf,600.0
chakra-1.bch,unsolved,lsmear-box,xtaylor,timeout,0,23370,600.0466610000003,-203.94193836839466,-169.647976202835,600.0
chakra-1.bch,unsolved,roundrobin,xtaylor,timeout,0,38718,600.0082930000002,-209.23572227280138,-172.87033664736506,600.0
chakra-1.bch,unsolved,smearmax,xtaylor,timeout,0,19978,600.0531790000002,-211.72929248853916,inf,600.0
chakra-1.bch,unsolved,smearmaxrel,xtaylor,timeout,0,47786,600.0096280000001,-226.9357296724984,-174.56168455675845,600.0
chakra-1.bch,unsolved,smearsum,xtaylor,timeout,0,27328,600.0161470000002,-211.38022295113575,-176.2596764743209,600.0
chakra-1.bch,unsolved,smearsumrel,xtaylor,timeout,0,35780,600.0072250000003,-209.75831770717943,-176.37420572395285,600.0
chakra.bch,unsolved,largestfirst,both,timeout,0,32874,600.0075770000002,-193.73809349144724,-168.1714296079523,600.0
chakra.bch,unsolved,lsmear,both,timeout,0,16596,600.0150980000002,-188.46832988155526,inf,600.0
chakra.bch,unsolved,lsmear-box,both,timeout,0,14162,600.050645,-187.71510915328116,-175.4573115608346,600.0
chakra.bch,unsolved,roundrobin,both,timeout,0,25746,600.0502040000003,-184.8034535800662,-176.45790290288312,600.0
chakra.bch,unsolved,smearmax,both,timeout,0,17414,600.0217930000003,-186.42628188897226,-177.29213498473726,600.0
chakra.bch,unsolved,smearmaxrel,both,timeout,0,25540,600.0360240000002,-194.8235809235254,-175.7560753188578,600.0
chakra.bch,unsolved,smearsum,both,timeout,0,18788,600.0776200000001,-185.98850817246955,-178.17229050857654,600.0
chakra.bch,unsolved,smearsumrel,both,timeout,0,26930,600.0308320000001,-185.1038491920079,-178.5479992816918,600.0
chakra.bch,unsolved,largestfirst,xtaylor,timeout,0,54044,600.0148320000002,-228.37328413581108,-178.54649034080728,600.0
chakra.bch,unsolved,lsmear,xtaylor,timeout,0,14810,600.0391630000001,-211.01454226449437,inf,600.0
chakra.bch,unsolved,lsmear-box,xtaylor,timeout,0,26308,600.0294640000003,-207.79499008346818,-171.30127888922235,600.0
chakra.bch,unsolved,roundrobin,xtaylor,timeout,0,36072,600.0054620000002,-209.2052661139165,-171.84758839923654,600.0
chakra.bch,unsolved,smearmax,xtaylor,timeout,0,19018,600.0373450000003,-213.56273188375258,inf,600.0
chakra.bch,unsolved,smearmaxrel,xtaylor,timeout,0,35014,600.0174090000002,-231.5004706656992,-173.81620927560826,600.0
chakra.bch,unsolved,smearsum,xtaylor,timeout,0,26472,600.0267830000003,-213.41647283810542,-175.67497177969798,600.0
chakra.bch,unsolved,smearsumrel,xtaylor,timeout,0,36624,600.0188970000002,-211.0286205108765,-177.14158522807716,600.0
chance.bch,easy,largestfirst,both,complete,1,6,0.009685000000000001,29.883797938715798,29.91368173665451,600.0
chance.bch,easy,lsmear,both,complete,1,6,0.006159000000000001,29.891612124633713,29.921503736758343,600.0
chance.bch,easy,lsmear-box,both,complete,1,8,0.009423,29.88556373517389,29.91544929890906,600.0
chance.bch,easy,roundrobin,both,complete,1,6,0.008774,29.875928792827015,29.905804721619837,600.0
chance.bch,easy,smearmax,both,complete,1,10,0.013561000000000004,29.884236459017597,29.906147959318098,600.0
chance.bch,easy,smearmaxrel,both,complete,1,8,0.011483000000000002,29.880802140845844,29.910682942986686,600.0
chance.bch,easy,smearsum,both,complete,1,8,0.011541000000000003,29.880802140845844,29.910682942986686,600.0
chance.bch,easy,smearsumrel,both,complete,1,6,0.009141000000000002,29.878908651107846,29.908787559758952,600.0
chance.bch,easy,largestfirst,xtaylor,complete,1,8,0.017169000000000004,29.869628327051903,29.89949795537895,10
chance.bch,easy,lsmear,xtaylor,complete,1,12,0.016262000000000006,29.87201636362275,29.901888379986367,10
chance.bch,easy,lsmear-box,xtaylor,complete,1,12,0.01570000000000001,29.87201636362275,29.901888379986367,10
chance.bch,easy,roundrobin,xtaylor,complete,1,12,0.013473000000000006,29.88471146779174,29.91459617925953,10
chance.bch,easy,smearmax,xtaylor,complete,1,14,0.017910000000000006,29.87646803266639,29.895148203813626,10
chance.bch,easy,smearmaxrel,xtaylor,complete,1,14,0.017716000000000006,29.87646803266639,29.895148203813626,10
chance.bch,easy,smearsum,xtaylor,complete,1,14,0.017921000000000006,29.87646803266639,29.895148203813626,10
chance.bch,easy,smearsumrel,xtaylor,complete,1,14,0.017809000000000002,29.87646803266639,29.895148203813626,10
chem-1.bch,hard,largestfirst,both,timeout,0,354314,600.0010500000002,-85.72558872952466,-47.4496334578538,600.0
chem-1.bch,hard,lsmear,both,complete,1,29952,102.21518900000002,-47.75042597578846,-47.702675549812675,600.0
chem-1.bch,hard,lsmear-box,both,complete,1,30160,103.07719900000004,-47.74946477906927,-47.701715314290205,600.0
chem-1.bch,hard,roundrobin,both,timeout,0,219968,600.0039380000001,-47.90765437813256,-47.70554191208346,600.0
chem-1.bch,hard,smearmax,both,complete,1,49476,156.15915000000007,-47.75153185992838,-47.703780328068454,600.0
chem-1.bch,hard,smearmaxrel,both,timeout,0,278234,600.0054690000002,-52.877756715386674,-47.58296269664692,600.0
chem-1.bch,hard,smearsum,both,complete,1,55896,176.83123700000004,-47.751486229024984,-47.703734742795966,600.0
chem-1.bch,hard,smearsumrel,both,complete,1,126116,361.6707710000002,-47.75311185834617,-47.70535874648783,600.0
chem-1.bch,hard,largestfirst,xtaylor,timeout,0,417624,600.0021410000002,-194.34396170077758,-47.55713489599229,600.0
chem-1.bch,hard,lsmear,xtaylor,timeout,0,274666,600.0006970000001,-59.89638815083937,-47.701595011432346,600.0
chem-1.bch,hard,lsmear-box,xtaylor,timeout,0,291220,600.0035370000002,-58.645416918842464,-47.656297091811695,600.0
chem-1.bch,hard,roundrobin,xtaylor,timeout,0,333630,600.0011990000002,-61.10608852250382,-47.685875816926064,600.0
chem-1.bch,hard,smearmax,xtaylor,timeout,0,288118,600.0049960000001,-58.00475914474688,-47.66713138385293,600.0
chem-1.bch,hard,smearmaxrel,xtaylor,timeout,0,339480,600.0001760000002,-75.99683397745659,-47.54854441651851,600.0
chem-1.bch,hard,smearsum,xtaylor,timeout,0,290148,600.0013500000002,-58.82477417176678,-47.6615081901365,600.0
chem-1.bch,hard,smearsumrel,xtaylor,timeout,0,308398,600.0045630000002,-59.95015738114112,-47.40701178894103,600.0
chem.bch,hard,largestfirst,both,timeout,0,351012,600.0002520000002,-85.72558872952466,-47.4496334578538,600.0
chem.bch,hard,lsmear,both,complete,1,29952,101.80080600000004,-47.75042597578846,-47.702675549812675,600.0
chem.bch,hard,lsmear-box,both,complete,1,30160,103.38378100000003,-47.74946477906927,-47.701715314290205,600.0
chem.bch,hard,roundrobin,both,timeout,0,218904,600.0013600000002,-47.90969904402124,-47.70554191208346,600.0
chem.bch,hard,smearmax,both,complete,1,49476,155.76606200000003,-47.75153185992838,-47.703780328068454,600.0
chem.bch,hard,smearmaxrel,both,timeout,0,277954,600.0074880000002,-52.877756715386674,-47.58296269664692,600.0
chem.bch,hard,smearsum,both,complete,1,55896,173.72970600000008,-47.751486229024984,-47.703734742795966,600.0
chem.bch,hard,smearsumrel,both,complete,1,126116,357.8240180000002,-47.75311185834617,-47.70535874648783,600.0
chem.bch,hard,largestfirst,xtaylor,timeout,0,427182,600.0026050000002,-194.34396170077758,-47.55713489599229,600.0
chem.bch,hard,lsmear,xtaylor,timeout,0,277476,600.0003040000001,-59.794384993616994,-47.701595011432346,600.0
chem.bch,hard,lsmear-box,xtaylor,timeout,0,290760,600.0028520000002,-58.66641651264897,-47.656297091811695,600.0
chem.bch,hard,roundrobin,xtaylor,timeout,0,331688,600.0024390000001,-61.14033327878106,-47.685875816926064,600.0
chem.bch,hard,smearmax,xtaylor,timeout,0,291152,600.0061920000002,-57.87435349944386,-47.66713138385293,600.0
chem.bch,hard,smearmaxrel,xtaylor,timeout,0,340998,600.0010460000002,-75.99683397745659,-47.54854441651851,600.0
chem.bch,hard,smearsum,xtaylor,timeout,0,292066,600.0011290000001,-58.75894091265154,-47.6615081901365,600.0
chem.bch,hard,smearsumrel,xtaylor,timeout,0,310182,600.0045530000001,-59.92032784593682,-47.40701178894103,600.0
chembis.bch,hard,largestfirst,both,timeout,0,346030,600.0028370000001,-73.7575536158732,-47.552032245476205,600.0
chembis.bch,hard,lsmear,both,complete,1,16074,51.423220000000015,-47.74895583656117,-47.70120688072462,600.0
chembis.bch,hard,lsmear-box,both,complete,1,15932,50.65383100000001,-47.74892072363739,-47.70117180291376,600.0
chembis.bch,hard,roundrobin,both,complete,1,185600,504.9044950000001,-47.753412092486414,-47.70565868039393,600.0
chembis.bch,hard,smearmax,both,complete,1,31954,94.77008100000003,-47.752921734941665,-47.70516881320673,600.0
chembis.bch,hard,smearmaxrel,both,timeout,0,269888,600.0023440000002,-47.922930087680946,-47.7047546835213,600.0
chembis.bch,hard,smearsum,both,complete,1,34262,101.45240300000005,-47.75291826074527,-47.70516534248453,600.0
chembis.bch,hard,smearsumrel,both,complete,1,82388,233.79848000000004,-47.75289591267824,-47.70514301676557,600.0
chembis.bch,hard,largestfirst,xtaylor,timeout,0,418250,600.0021100000002,-176.92965974444985,-47.57228381910181,600.0
chembis.bch,hard,lsmear,xtaylor,timeout,0,298492,600.0035650000001,-48.79261337475054,-47.69611040980357,600.0
chembis.bch,hard,lsmear-box,xtaylor,timeout,0,314692,600.0043530000002,-49.04658290964827,-47.698673866765446,600.0
chembis.bch,hard,roundrobin,xtaylor,timeout,0,332286,600.0001900000002,-58.00213195097112,-47.64774387820274,600.0
chembis.bch,hard,smearmax,xtaylor,timeout,0,312526,600.0015260000001,-49.67863687709256,-47.70501865779562,600.0
chembis.bch,hard,smearmaxrel,xtaylor,timeout,0,300594,600.0031510000002,-58.845137287956724,-47.68181350796609,600.0
chembis.bch,hard,smearsum,xtaylor,timeout,0,309718,600.0054830000001,-49.84981657158163,-47.70063116854594,600.0
chembis.bch,hard,smearsumrel,xtaylor,timeout,0,309616,600.0041760000001,-57.475104784968586,-47.6646048003066,600.0
chenery-1.bch,unsolved,largestfirst,both,timeout,0,39018,600.0236600000002,-2025.8252458503443,-356.06836510851895,600.0
chenery-1.bch,unsolved,lsmear,both,timeout,0,23216,600.0267480000001,-1279.5019779035547,inf,600.0
chenery-1.bch,unsolved,lsmear-box,both,timeout,0,26798,600.0276470000001,-1254.5229422752757,inf,600.0
chenery-1.bch,unsolved,roundrobin,both,timeout,0,18528,600.0614840000003,-1445.3416731022676,-1173.145009370098,600.0
chenery-1.bch,unsolved,smearmax,both,complete,1,23010,441.0250060000001,-1245.2947162963812,-1244.049421580085,600.0
chenery-1.bch,unsolved,smearmaxrel,both,timeout,0,19754,600.0054440000001,-1434.4549414574055,inf,600.0
chenery-1.bch,unsolved,smearsum,both,complete,1,14702,472.02261600000014,-1246.1100630146182,-1244.8639529516038,600.0
chenery-1.bch,unsolved,smearsumrel,both,timeout,0,25020,600.0834020000001,-1541.2777258782585,inf,600.0
chenery-1.bch,unsolved,largestfirst,xtaylor,timeout,0,53244,600.0197490000002,-2092.830613618587,-543.1483570455292,600.0
chenery-1.bch,unsolved,lsmear,xtaylor,timeout,0,32464,600.0127100000002,-1265.3932597594796,inf,600.0
chenery-1.bch,unsolved,lsmear-box,xtaylor,timeout,0,83050,600.0003070000001,-1245.8424149889324,-1241.5940962940651,600.0
chenery-1.bch,unsolved,roundrobin,xtaylor,timeout,0,21746,600.0214400000002,-1432.013815983326,-1234.0513718834034,600.0
chenery-1.bch,unsolved,smearmax,xtaylor,complete,1,14964,373.1851350000001,-1245.4481413004328,-1244.2026931591327,600.0
chenery-1.bch,unsolved,smearmaxrel,xtaylor,timeout,0,25338,600.0058170000002,-1428.5064770375984,inf,600.0
chenery-1.bch,unsolved,smearsum,xtaylor,complete,1,10204,283.7475880000001,-1246.0562273284843,-1244.8101711011561,600.0
chenery-1.bch,unsolved,smearsumrel,xtaylor,timeout,0,34544,600.0540470000002,-1555.8985761587353,-1100.6949237553927,600.0
chenery.bch,unsolved,largestfirst,both,timeout,0,43034,600.0220910000003,-1473.6884934189768,inf,600.0
chenery.bch,unsolved,lsmear,both,timeout,0,111910,600.0038750000002,-1159.2189235342498,inf,600.0
chenery.bch,unsolved,lsmear-box,both,timeout,0,41814,600.0123960000001,-1135.626782310199,inf,600.0
chenery.bch,unsolved,roundrobin,both,timeout,0,18360,600.0038700000002,-1116.3604755303083,-1009.9278800401676,600.0
chenery.bch,unsolved,smearmax,both,complete,1,21066,244.81476900000004,-1059.2245244416495,-1058.1652999172081,600.0
chenery.bch,unsolved,smearmaxrel,both,timeout,0,20464,600.0278970000003,-1128.34402250615,inf,600.0
chenery.bch,unsolved,smearsum,both,complete,1,10678,140.00860500000005,-1059.1083268206307,-1058.0492184938103,600.0
chenery.bch,unsolved,smearsumrel,both,timeout,0,22984,600.0016730000002,-1302.7745753587697,inf,600.0
chenery.bch,unsolved,largestfirst,xtaylor,timeout,0,61170,600.0153060000001,-1434.9307408640384,inf,600.0
chenery.bch,unsolved,lsmear,xtaylor,timeout,0,127886,600.0019520000003,-1143.451218842606,inf,600.0
chenery.bch,unsolved,lsmear-box,xtaylor,timeout,0,123026,600.0021890000003,-1132.664639395432,inf,600.0
chenery.bch,unsolved,roundrobin,xtaylor,timeout,0,23272,600.0061330000003,-1146.68374581253,-1025.892918880186,600.0
chenery.bch,unsolved,smearmax,xtaylor,complete,1,13362,150.38196900000005,-1059.1585780408157,-1058.0994194627751,600.0
chenery.bch,unsolved,smearmaxrel,xtaylor,timeout,0,27548,600.0496410000002,-1125.3681881968919,inf,600.0
chenery.bch,unsolved,smearsum,xtaylor,complete,1,12252,123.27030900000003,-1058.9822175649738,-1057.923235347409,600.0
chenery.bch,unsolved,smearsumrel,xtaylor,timeout,0,25950,600.0146140000003,-1267.626679490069,inf,600.0
concon.bch,coconutbenchmark-library2,largestfirst,both,timeout,0,4306192,600.0000130000002,-42003638.91947439,inf,600.0
concon.bch,coconutbenchmark-library2,lsmear,both,timeout,0,3053560,600.0001630000003,-42003638.92,inf,600.0
concon.bch,coconutbenchmark-library2,lsmear-box,both,timeout,0,3022490,600.0002500000002,-42003638.92000001,inf,600.0
concon.bch,coconutbenchmark-library2,roundrobin,both,error:IbexError,0,0,0.0,-inf,inf,600.0
concon.bch,coconutbenchmark-library2,smearmax,both,timeout,0,3331112,600.0007440000003,-42003638.91999113,inf,600.0
concon.bch,coconutbenchmark-library2,smearmaxrel,both,timeout,0,4482386,600.0009900000002,-42003638.92000001,inf,600.0
concon.bch,coconutbenchmark-library2,smearsum,both,timeout,0,3467722,600.0001390000003,-42003638.91999931,inf,600.0
concon.bch,coconutbenchmark-library2,smearsumrel,both,timeout,0,3527050,600.0009520000003,-42003638.92000001,inf,600.0
concon.bch,coconutbenchmark-library2,largestfirst,xtaylor,timeout,0,5442056,600.0027090000002,-42003638.91933666,inf,600.0
concon.bch,coconutbenchmark-library2,lsmear,xtaylor,timeout,0,3495008,600.0000270000003,-42003638.92000001,inf,600.0
concon.bch,coconutbenchmark-library2,lsmear-box,xtaylor,timeout,0,3496742,600.0000590000002,-42003638.92,inf,600.0
concon.bch,coconutbenchmark-library2,roundrobin,xtaylor,timeout,0,13950,10.000034000000005,-9027638.920000002,inf,10
concon.bch,coconutbenchmark-library2,smearmax,xtaylor,timeout,0,3935148,600.0000740000003,-42003638.91999996,inf,600.0
concon.bch,coconutbenchmark-library2,smearmaxrel,xtaylor,timeout,0,5341136,600.0000330000003,-42003638.92000001,inf,600.0
concon.bch,coconutbenchmark-library2,smearsum,xtaylor,timeout,0,3973462,600.0002550000003,-42003638.91999981,inf,600.0
concon.bch,coconutbenchmark-library2,smearsumrel,xtaylor,timeout,0,4185698,600.0002810000002,-42003638.92000001,inf,600.0
cresc4.bch,coconutbenchmark-library2,largestfirst,both,timeout,0,462778,600.0028160000002,-1.4836331768193613e+17,5758137.4677734375,600.0
cresc4.bch,coconutbenchmark-library2,lsmear,both,timeout,0,400552,600.0011500000002,-1.483632916401483e+17,15400404.97265625,600.0
cresc4.bch,coconutbenchmark-library2,lsmear-box,both,timeout,0,430788,600.0027960000001,-1.483632916401483e+17,16856972.83203125,600.0
cresc4.bch,coconutbenchmark-library2,roundrobin,both,timeout,0,359326,600.0018210000002,-2.9960743824672915e+26,65936.88235473633,600.0
cresc4.bch,coconutbenchmark-library2,smearmax,both,timeout,0,484318,600.0012030000001,-1.483632916401483e+17,5191470.9453125,600.0
cresc4.bch,coconutbenchmark-library2,smearmaxrel,both,timeout,0,457276,600.0008550000002,-1.483632916401483e+17,5196693.658203125,600.0
cresc4.bch,coconutbenchmark-library2,smearsum,both,timeout,0,456606,600.0022990000002,-1.4836313524876544e+17,29050951.291015625,600.0
cresc4.bch,coconutbenchmark-library2,smearsumrel,both,timeout,0,468770,600.0014970000001,-1.483632916401483e+17,15399979.994140625,600.0
cresc4.bch,coconutbenchmark-library2,largestfirst,xtaylor,timeout,0,505592,600.0021830000002,-1.4836331768193613e+17,175924.11328125,600.0
cresc4.bch,coconutbenchmark-library2,lsmear,xtaylor,timeout,0,441830,600.0014640000002,-1.483632916401483e+17,5187761.2900390625,600.0
cresc4.bch,coconutbenchmark-library2,lsmear-box,xtaylor,timeout,0,445314,600.0303770000002,-1.483632916401483e+17,5187761.2900390625,600.0
cresc4.bch,coconutbenchmark-library2,roundrobin,xtaylor,timeout,0,419590,600.0015190000001,-1.5462539639663233e+26,43238.06918334961,600.0
cresc4.bch,coconutbenchmark-library2,smearmax,xtaylor,timeout,0,463556,600.0017390000003,-1.483632916401483e+17,5191029.44921875,600.0
cresc4.bch,coconutbenchmark-library2,smearmaxrel,xtaylor,timeout,0,436048,600.0024110000002,-1.483632916401483e+17,5189938.59375,600.0
cresc4.bch,coconutbenchmark-library2,smearsum,xtaylor,timeout,0,456140,600.0045860000001,-1.483632916401483e+17,5188637.375,600.0
cresc4.bch,coconutbenchmark-library2,smearsumrel,xtaylor,timeout,0,452950,600.0016820000002,-1.483632916401483e+17,5187761.2900390625,600.0
dipigri.bch,coconutbenchmark-library2,largestfirst,both,timeout,0,567666,600.0003090000002,583.1308971817165,683.2703016157049,600.0
dipigri.bch,coconutbenchmark-library2,lsmear,both,complete,1,556,1.2365430000000006,680.3780849302782,681.0584630152083,600.0
dipigri.bch,coconutbenchmark-library2,lsmear-box,both,complete,1,628,1.4613750000000005,680.2628669073473,680.9431297742545,600.0
dipigri.bch,coconutbenchmark-library2,roundrobin,both,complete,1,988,1.8729110000000004,680.2254704974309,680.9056959679283,600.0
dipigri.bch,coconutbenchmark-library2,smearmax,both,complete,1,590,1.2309600000000003,680.3181963012229,680.998514497524,600.0
dipigri.bch,coconutbenchmark-library2,smearmaxrel,both,complete,1,1548,2.881456000000001,680.2343698423612,680.9146042122034,600.0
dipigri.bch,coconutbenchmark-library2,smearsum,both,complete,1,716,1.5606110000000004,680.445665816331,681.1261114821473,600.0
dipigri.bch,coconutbenchmark-library2,smearsumrel,both,complete,1,912,1.8170710000000003,680.3085998571137,680.9889084569706,600.0
dipigri.bch,coconutbenchmark-library2,largestfirst,xtaylor,timeout,0,12116,10.001805000000003,468.34207992655126,725.4405361137191,10
dipigri.bch,coconutbenchmark-library2,lsmear,xtaylor,complete,1,2678,4.5740690000000015,680.2412878317027,680.9215291195343,10
dipigri.bch,coconutbenchmark-library2,lsmear-box,xtaylor,complete,1,2464,4.197500000000002,680.2391426407968,680.9193817834374,10
dipigri.bch,coconutbenchmark-library2,roundrobin,xtaylor,complete,1,3400,5.377208000000002,680.1186362348765,680.7987548711112,10
dipigri.bch,coconutbenchmark-library2,smearmax,xtaylor,complete,1,2934,4.856637000000002,680.2138404868598,680.8940543273466,10
dipigri.bch,coconutbenchmark-library2,smearmaxrel,xtaylor,complete,1,4858,7.796169000000002,680.1418116715676,680.821953483239,10
dipigri.bch,coconutbenchmark-library2,smearsum,xtaylor,complete,1,3562,5.6962670000000015,680.1317076894554,680.8118393971448,10
dipigri.bch,coconutbenchmark-library2,smearsumrel,xtaylor,complete,1,3616,5.819380000000002,680.0985112421963,680.7786097534383,10
disc2.bch,coconutbenchmark-library2,largestfirst,both,timeout,0,157950,600.0036470000001,1.5588166689610192,inf,600.0
disc2.bch,coconutbenchmark-library2,lsmear,both,complete,1,298,3.4570330000000014,1.5609390518552002,1.5624999909070552,600.0
disc2.bch,coconutbenchmark-library2,lsmear-box,both,complete,1,298,3.437697000000001,1.5609390518552002,1.5624999909070552,600.0
disc2.bch,coconutbenchmark-library2,roundrobin,both,complete,1,1252,17.829165000000007,1.5612963978057983,1.5628576942036039,600.0
disc2.bch,coconutbenchmark-library2,smearmax,both,complete,1,1072,16.643415000000005,1.560983866329242,1.562544850195571,600.0
disc2.bch,coconutbenchmark-library2,smearmaxrel,both,complete,1,382,7.311388000000002,1.5618483142260506,1.5634101625402765,600.0
disc2.bch,coconutbenchmark-library2,smearsum,both,complete,1,306,4.267317000000001,1.560975176298155,1.562536151474453,600.0
disc2.bch,coconutbenchmark-library2,smearsumrel,both,complete,1,298,3.3611930000000005,1.5609390518552002,1.5624999909070552,600.0
disc2.bch,coconutbenchmark-library2,largestfirst,xtaylor,timeout,0,22894,600.0503480000002,1.554494569301605,inf,600.0
disc2.bch,coconutbenchmark-library2,lsmear,xtaylor,complete,1,236,2.2452830000000006,1.5609390519673743,1.5624999910193413,10
disc2.bch,coconutbenchmark-library2,lsmear-box,xtaylor,complete,1,236,2.2366050000000004,1.5609390519673743,1.5624999910193413,10
disc2.bch,coconutbenchmark-library2,roundrobin,xtaylor,complete,1,2120,34.09325200000001,1.5623393451525664,1.5639016844977187,600.0
disc2.bch,coconutbenchmark-library2,smearmax,xtaylor,timeout,0,128044,600.0049460000004,1.5618865084977116,1.563736239152797,600.0
disc2.bch,coconutbenchmark-library2,smearmaxrel,xtaylor,complete,1,688,8.536904000000002,1.5610727031810914,1.5626337758842723,10
disc2.bch,coconutbenchmark-library2,smearsum,xtaylor,complete,1,348,3.959547000000001,1.5609610439929964,1.5625220050369892,10
disc2.bch,coconutbenchmark-library2,smearsumrel,xtaylor,complete,1,236,2.167893000000001,1.5609390519673743,1.5624999910193413,10
discs.bch,coconutbenchmark-library2,largestfirst,both,timeout,0,91808,600.0090270000002,-1180000000,inf,600.0
discs.bch,coconutbenchmark-library2,lsmear,both,timeout,0,25880,600.0345000000002,-1140000000,inf,600.0
discs.bch,coconutbenchmark-library2,lsmear-box,both,timeout,0,25784,600.0168000000003,-1140000000,inf,600.0
discs.bch,coconutbenchmark-library2,roundrobin,both,timeout,0,54190,600.0073900000002,-1180000000,inf,600.0
discs.bch,coconutbenchmark-library2,smearmax,both,timeout,0,26692,600.0125310000002,-1180000000,inf,600.0
discs.bch,coconutbenchmark-library2,smearmaxrel,both,timeout,0,40096,600.0281740000003,-1121000000,inf,600.0
discs.bch,coconutbenchmark-library2,smearsum,both,timeout,0,23802,600.0225710000002,-1180000000,inf,600.0
discs.bch,coconutbenchmark-library2,smearsumrel,both,timeout,0,27048,600.1105740000003,-1140000000,inf,600.0
discs.bch,coconutbenchmark-library2,largestfirst,xtaylor,timeout,0,74378,600.0063630000002,-1180000000,inf,600.0
discs.bch,coconutbenchmark-library2,lsmear,xtaylor,timeout,0,36738,600.0362270000003,-1108333333.3333335,inf,600.0
discs.bch,coconutbenchmark-library2,lsmear-box,xtaylor,timeout,0,36750,600.0159150000003,-1108333333.3333335,inf,600.0
discs.bch,coconutbenchmark-library2,roundrobin,xtaylor,timeout,0,53816,600.0176480000002,-1180000000,inf,600.0
discs.bch,coconutbenchmark-library2,smearmax,xtaylor,timeout,0,35278,600.0344260000003,-1180000000,inf,600.0
discs.bch,coconutbenchmark-library2,smearmaxrel,xtaylor,timeout,0,43414,600.0083980000002,-1121000000,inf,600.0
discs.bch,coconutbenchmark-library2,smearsum,xtaylor,timeout,0,32532,600.0451870000004,-1180000000,inf,600.0
discs.bch,coconutbenchmark-library2,smearsumrel,xtaylor,timeout,0,38710,600.0167740000002,-1108333333.3333335,inf,600.0
dixchlng.bch,coconutbenchmark-library2,largestfirst,both,timeout,0,320600,600.0020210000001,-2060.2602083928996,6.447557930698768,600.0
dixchlng.bch,coconutbenchmark-library2,lsmear,both,complete,1,2516,8.894640000000003,-9.10650069837327e-08,8.934993016267264e-09,600.0
dixchlng.bch,coconutbenchmark-library2,lsmear-box,both,complete,1,1744,5.869791000000002,-4.8212843356309335e-08,5.1787156643690654e-08,600.0
dixchlng.bch,coconutbenchmark-library2,roundrobin,both,complete,1,1318,5.199019000000002,-4.0022244550047835e-08,5.997775544995215e-08,600.0
dixchlng.bch,coconutbenchmark-library2,smearmax,both,complete,1,2506,8.464374000000003,-2.1331875073029968e-08,2.8034457862387893e-08,600.0
dixchlng.bch,coconutbenchmark-library2,smearmaxrel,both,timeout,0,224316,600.0014460000002,-0.9284384203600583,0.1079121765706809,600.0
dixchlng.bch,coconutbenchmark-library2,smearsum,both,complete,1,2334,7.2721740000000015,-1.5419268715423195e-10,9.984580731284576e-08,600.0
dixchlng.bch,coconutbenchmark-library2,smearsumrel,both,complete,1,2370,8.054847000000002,-3.164961660458292e-08,6.835038339541707e-08,600.0
dixchlng.bch,coconutbenchmark-library2,largestfirst,xtaylor,timeout,0,418852,600.0036420000002,-2475.1564977555736,29.85905531386664,600.0
dixchlng.bch,coconutbenchmark-library2,lsmear,xtaylor,complete,1,1958,6.9365450000000015,-4.527067869722149e-08,5.47293213027785e-08,10
dixchlng.bch,coconutbenchmark-library2,lsmear-box,xtaylor,complete,1,2244,7.391658000000002,-6.212001027679132e-08,3.787998972320866e-08,10
dixchlng.bch,coconutbenchmark-library2,roundrobin,xtaylor,complete,1,1380,4.667322000000001,-6.484815974976064e-08,3.515184025023933e-08,10
dixchlng.bch,coconutbenchmark-library2,smearmax,xtaylor,complete,1,3048,9.023649000000002,-3.2418270086753425e-08,4.0641365053202596e-08,10
dixchlng.bch,coconutbenchmark-library2,smearmaxrel,xtaylor,timeout,0,317182,600.0015830000002,-388.2620226283047,0.0001887414515054837,600.0
dixchlng.bch,coconutbenchmark-library2,smearsum,xtaylor,complete,1,1808,4.848941000000002,-4.923063629299292e-08,5.076936370700707e-08,10
dixchlng.bch,coconutbenchmark-library2,smearsumrel,xtaylor,complete,1,2308,6.700841000000001,-9.462934461476554e-09,9.053706553852344e-08,10
dnieper.bch,coconutbenchmark-library2,largestfirst,both,timeout,0,18532,600.0238190000001,13181.664934858753,19803.35947464136,600.0
dnieper.bch,coconutbenchmark-library2,lsmear,both,timeout,0,52308,600.0111320000002,18730.71748264067,inf,600.0
dnieper.bch,coconutbenchmark-library2,lsmear-box,both,timeout,0,53984,600.0117850000003,18730.71748264067,inf,600.0
dnieper.bch,coconutbenchmark-library2,roundrobin,both,timeout,0,41592,600.0258890000002,14759.704699044552,58545.163360294355,600.0
dnieper.bch,coconutbenchmark-library2,smearmax,both,timeout,0,37640,600.0309700000001,18730.405894598232,inf,600.0
dnieper.bch,coconutbenchmark-library2,smearmaxrel,both,timeout,0,28324,600.0152770000002,18551.15671318847,18753.341931954757,600.0
dnieper.bch,coconutbenchmark-library2,smearsum,both,timeout,0,38948,600.0122540000002,18733.8550194928,inf,600.0
dnieper.bch,coconutbenchmark-library2,smearsumrel,both,complete,1,372,20.103388000000006,18726.317393754547,18745.043711148297,600.0
dnieper.bch,coconutbenchmark-library2,largestfirst,xtaylor,timeout,0,26060,600.0360910000003,13973.273255487708,19163.41892863913,600.0
dnieper.bch,coconutbenchmark-library2,lsmear,xtaylor,timeout,0,45314,600.0516010000002,18737.06853687862,inf,600.0
dnieper.bch,coconutbenchmark-library2,lsmear-box,xtaylor,timeout,0,29458,600.0545440000001,18737.06853687862,inf,600.0
dnieper.bch,coconutbenchmark-library2,roundrobin,xtaylor,timeout,0,21240,600.0136190000003,16133.418673726792,24058.47439070488,600.0
dnieper.bch,coconutbenchmark-library2,smearmax,xtaylor,timeout,0,48782,600.0079440000002,18730.699777438513,inf,600.0
dnieper.bch,coconutbenchmark-library2,smearmaxrel,xtaylor,timeout,0,20310,600.0185210000002,18606.968603647023,inf,600.0
dnieper.bch,coconutbenchmark-library2,smearsum,xtaylor,timeout,0,40108,600.0939080000002,18733.16555505867,inf,600.0
dnieper.bch,coconutbenchmark-library2,smearsumrel,xtaylor,timeout,0,93260,600.0062090000002,18705.48548366624,18745.93386944381,600.0
dualc1.bch,others,largestfirst,both,timeout,0,79310,600.0068230000003,-1275.0449673720068,6155.957120819221,600.0
dualc1.bch,others,lsmear,both,complete,1,632,11.944769000000004,6149.725654007942,6155.8753796619485,600.0
dualc1.bch,others,lsmear-box,both,complete,1,632,13.906960000000003,6149.725654007942,6155.8753796619485,600.0
dualc1.bch,others,roundrobin,both,complete,1,1256,15.686018000000004,6149.998592314553,6156.148590906867,600.0
dualc1.bch,others,smearmax,both,complete,1,524,13.620632000000002,6150.129174915059,6156.279304089973,600.0
dualc1.bch,others,smearmaxrel,both,complete,1,504,13.496528000000003,6151.02346190159,6157.174485363491,600.0
dualc1.bch,others,smearsum,both,complete,1,524,14.049679000000005,6150.129174915059,6156.279304089973,600.0
dualc1.bch,others,smearsumrel,both,complete,1,528,13.460528000000004,6152.230076666604,6158.3823067432695,600.0
dualc1.bch,others,largestfirst,xtaylor,timeout,0,156330,600.0035290000002,-2848.7888486906386,6155.401223285173,600.0
dualc1.bch,others,lsmear,xtaylor,complete,1,994,10.526349000000003,6149.772647985633,6155.922420633618,600.0
dualc1.bch,others,lsmear-box,xtaylor,complete,1,994,10.485919000000003,6149.772647985633,6155.922420633618,600.0
dualc1.bch,others,roundrobin,xtaylor,complete,1,1548,10.347437000000003,6150.11715654697,6156.267273703516,600.0
dualc1.bch,others,smearmax,xtaylor,complete,1,668,11.358519000000005,6150.203555181219,6156.353758736399,600.0
dualc1.bch,others,smearmaxrel,xtaylor,complete,1,730,11.802051000000006,6149.713769927593,6155.86348369752,600.0
dualc1.bch,others,smearsum,xtaylor,complete,1,742,12.090696000000005,6150.010073887473,6156.160083961359,600.0
dualc1.bch,others,smearsumrel,xtaylor,complete,1,646,9.941795000000003,6149.843903301795,6155.993747205096,600.0
dualc1__coconut.bch,coconutbenchmark-library2,largestfirst,both,timeout,0,238352,600.0022230000002,-1919.394545102767,6162.895428708963,600.0
dualc1__coconut.bch,coconutbenchmark-library2,lsmear,both,complete,1,600,2.533425000000001,6149.277042301155,6155.426319343455,600.0
dualc1__coconut.bch,coconutbenchmark-library2,lsmear-box,both,complete,1,600,2.5466860000000007,6149.277042301155,6155.426319343455,600.0
dualc1__coconut.bch,coconutbenchmark-library2,roundrobin,both,complete,1,1292,3.984504000000001,6149.22408513973,6155.3733092248685,600.0
dualc1__coconut.bch,coconutbenchmark-library2,smearmax,both,complete,1,580,2.492457000000001,6151.890672061461,6158.042562733522,600.0
dualc1__coconut.bch,coconutbenchmark-library2,smearmaxrel,both,complete,1,554,2.504505000000001,6150.984098317175,6157.1350824154915,600.0
dualc1__coconut.bch,coconutbenchmark-library2,smearsum,both,complete,1,576,2.409328000000001,6151.068748252627,6157.219817000879,600.0
dualc1__coconut.bch,coconutbenchmark-library2,smearsumrel,both,complete,1,484,2.295134000000001,6151.843835941682,6157.995679777623,600.0
dualc1__coconut.bch,coconutbenchmark-library2,largestfirst,xtaylor,timeout,0,302456,600.0047090000002,-2743.534522987302,6155.251627421718,600.0
dualc1__coconut.bch,coconutbenchmark-library2,lsmear,xtaylor,complete,1,1028,3.2835950000000005,6149.415355954258,6155.564771310212,10
dualc1__coconut.bch,coconutbenchmark-library2,lsmear-box,xtaylor,complete,1,1028,3.2286200000000007,6149.415355954258,6155.564771310212,10
dualc1__coconut.bch,coconutbenchmark-library2,roundrobin,xtaylor,complete,1,1748,4.341787000000002,6149.717877398389,6155.867595275786,10
dualc1__coconut.bch,coconutbenchmark-library2,smearmax,xtaylor,complete,1,694,2.6490170000000006,6149.368920808446,6155.518289729253,10
dualc1__coconut.bch,coconutbenchmark-library2,smearmaxrel,xtaylor,complete,1,724,2.587394000000001,6149.221858150509,6155.371080008659,10
dualc1__coconut.bch,coconutbenchmark-library2,smearsum,xtaylor,complete,1,758,2.809923000000001,6150.724764890003,6156.875489654892,10
dualc1__coconut.bch,coconutbenchmark-library2,smearsumrel,xtaylor,complete,1,668,2.6358170000000007,6149.883719741269,6156.033603461009,10
dualc2.bch,coconutbenchmark-library2,largestfirst,both,timeout,0,286686,600.0022840000001,-18996.59983731243,3778.466276500828,600.0
dualc2.bch,coconutbenchmark-library2,lsmear,both,complete,1,174,0.5084510000000002,3550.6659066298635,3554.216572536493,600.0
dualc2.bch,coconutbenchmark-library2,lsmear-box,both,complete,1,174,0.5093530000000002,3550.6659066298635,3554.216572536493,600.0
dualc2.bch,coconutbenchmark-library2,roundrobin,both,complete,1,234,0.6392840000000001,3548.566958296082,3552.1155252543776,600.0
dualc2.bch,coconutbenchmark-library2,smearmax,both,complete,1,164,0.5033970000000002,3549.1362358597357,3552.685372095595,600.0
dualc2.bch,coconutbenchmark-library2,smearmaxrel,both,complete,1,186,0.5947800000000002,3549.1330368893414,3552.6821699262305,600.0
dualc2.bch,coconutbenchmark-library2,smearsum,both,complete,1,178,0.5335500000000002,3550.9483464886057,3554.4992948350937,600.0
dualc2.bch,coconutbenchmark-library2,smearsumrel,both,complete,1,148,0.49426600000000015,3549.3933962809124,3552.942789677193,600.0
dualc2.bch,coconutbenchmark-library2,largestfirst,xtaylor,timeout,0,324662,600.0032170000002,-23245.325194353223,4386.425524495208,600.0
dualc2.bch,coconutbenchmark-library2,lsmear,xtaylor,complete,1,286,0.6509540000000003,3548.5092069148795,3552.057716121794,10
dualc2.bch,coconutbenchmark-library2,lsmear-box,xtaylor,complete,1,286,0.6481340000000003,3548.5092069148795,3552.057716121794,10
dualc2.bch,coconutbenchmark-library2,roundrobin,xtaylor,complete,1,252,0.5869060000000003,3549.964228135881,3553.5141923640167,10
dualc2.bch,coconutbenchmark-library2,smearmax,xtaylor,complete,1,242,0.6076850000000004,3549.114343222253,3552.663457565475,10
dualc2.bch,coconutbenchmark-library2,smearmaxrel,xtaylor,complete,1,196,0.5470350000000003,3549.286247120684,3552.835533367804,10
dualc2.bch,coconutbenchmark-library2,smearsum,xtaylor,complete,1,230,0.5685820000000003,3548.2577280260307,3551.805985754056,10
dualc2.bch,coconutbenchmark-library2,smearsumrel,xtaylor,complete,1,162,0.4629250000000001,3548.6098085406693,3552.1584183492096,10
dualc5.bch,coconutbenchmark-library2,largestfirst,both,timeout,0,456654,600.0005880000001,-26942.462333751686,432.7153461831702,600.0
dualc5.bch,coconutbenchmark-library2,lsmear,both,complete,1,31970,64.63572500000002,426.89906125427996,427.3259603155342,600.0
dualc5.bch,coconutbenchmark-library2,lsmear-box,both,complete,1,31970,64.63440800000002,426.89906125427996,427.3259603155342,600.0
dualc5.bch,coconutbenchmark-library2,roundrobin,both,complete,1,25798,52.08520700000001,426.86271414013663,427.28957685427673,600.0
dualc5.bch,coconutbenchmark-library2,smearmax,both,complete,1,25042,50.48748400000001,426.87256603621876,427.2994386022549,600.0
dualc5.bch,coconutbenchmark-library2,smearmaxrel,both,complete,1,20768,44.662552000000005,426.86597346420194,427.2928394376661,600.0
dualc5.bch,coconutbenchmark-library2,smearsum,both,complete,1,25424,52.31109900000001,426.87955844816776,427.30643800661585,600.0
dualc5.bch,coconutbenchmark-library2,smearsumrel,both,complete,1,20810,46.02093900000001,426.86597346420183,427.292839437666,600.0
dualc5.bch,coconutbenchmark-library2,largestfirst,xtaylor,timeout,0,533256,600.0026280000002,-26942.462333751686,441.57572265728743,600.0
dualc5.bch,coconutbenchmark-library2,lsmear,xtaylor,complete,1,54958,92.08994600000004,426.84310457821124,427.2699476827894,600.0
dualc5.bch,coconutbenchmark-library2,lsmear-box,xtaylor,complete,1,54958,91.37386900000003,426.84310457821124,427.2699476827894,600.0
dualc5.bch,coconutbenchmark-library2,roundrobin,xtaylor,complete,1,42130,74.98430600000002,426.83525596160774,427.2620912175693,600.0
dualc5.bch,coconutbenchmark-library2,smearmax,xtaylor,complete,1,44812,76.76344000000003,426.8577342735693,427.28459200784283,600.0
dualc5.bch,coconutbenchmark-library2,smearmaxrel,xtaylor,complete,1,35854,65.31122300000003,426.8641120797851,427.29097619186484,600.0
dualc5.bch,coconutbenchmark-library2,smearsum,xtaylor,complete,1,43214,75.21494700000001,426.8824493809733,427.3093318303542,600.0
dualc5.bch,coconutbenchmark-library2,smearsumrel,xtaylor,complete,1,35282,66.44015700000003,426.8541339515679,427.2809880855194,600.0
dualc8.bch,coconutbenchmark-library2,largestfirst,both,timeout,0,348064,600.0016220000002,-493972.1482961509,18609.850029224017,600.0
dualc8.bch,coconutbenchmark-library2,lsmear,both,complete,1,124422,300.70235500000007,18291.16035698353,18309.451517340513,600.0
dualc8.bch,coconutbenchmark-library2,lsmear-box,both,complete,1,124328,303.3502730000001,18291.075840268444,18309.36691610871,600.0
dualc8.bch,coconutbenchmark-library2,roundrobin,both,complete,1,117584,311.22768300000007,18291.070104197832,18309.361174302026,600.0
dualc8.bch,coconutbenchmark-library2,smearmax,both,complete,1,84850,235.85469400000005,18291.28179930354,18309.573081102837,600.0
dualc8.bch,coconutbenchmark-library2,smearmaxrel,both,complete,1,80346,230.05175700000007,18291.14144371494,18309.43258515865,600.0
dualc8.bch,coconutbenchmark-library2,smearsum,both,complete,1,84142,235.8183870000001,18291.235051628897,18309.52628668052,600.0
dualc8.bch,coconutbenchmark-library2,smearsumrel,both,complete,1,81806,237.70951600000004,18291.10081812289,18309.391918941008,600.0
dualc8.bch,coconutbenchmark-library2,largestfirst,xtaylor,timeout,0,459474,600.0007410000002,-493972.14829615084,18399.772883168534,600.0
dualc8.bch,coconutbenchmark-library2,lsmear,xtaylor,complete,1,185508,351.20652300000006,18291.071362543364,18309.362433905902,600.0
dualc8.bch,coconutbenchmark-library2,lsmear-box,xtaylor,complete,1,183708,346.42970400000013,18291.070947358396,18309.36201830575,600.0
dualc8.bch,coconutbenchmark-library2,roundrobin,xtaylor,complete,1,184236,375.5306960000001,18291.071157058577,18309.362228215632,600.0
dualc8.bch,coconutbenchmark-library2,smearmax,xtaylor,complete,1,118636,261.9633910000001,18291.165193017692,18309.456358210708,600.0
dualc8.bch,coconutbenchmark-library2,smearmaxrel,xtaylor,complete,1,110056,256.43668,18291.072264756323,18309.363337021077,600.0
dualc8.bch,coconutbenchmark-library2,smearsum,xtaylor,complete,1,117592,260.46277600000013,18291.11909776934,18309.410216867105,600.0
dualc8.bch,coconutbenchmark-library2,smearsumrel,xtaylor,complete,1,118458,273.3413540000001,18291.111096660792,18309.40220775745,600.0
eigencco.bch,coconutbenchmark-library2,largestfirst,both,timeout,0,83972,600.0071500000003,0,inf,600.0
eigencco.bch,coconutbenchmark-library2,lsmear,both,timeout,0,27976,600.0061150000002,0,2.69804374012434,600.0
eigencco.bch,coconutbenchmark-library2,lsmear-box,both,timeout,0,30880,600.0317280000002,0,3.0011199720787185,600.0
eigencco.bch,coconutbenchmark-library2,roundrobin,both,timeout,0,26488,600.0630020000002,0,2.0015022541131557,600.0
eigencco.bch,coconutbenchmark-library2,smearmax,both,timeout,0,76410,600.0250090000002,0,inf,600.0
eigencco.bch,coconutbenchmark-library2,smearmaxrel,both,timeout,0,89456,600.0018320000003,0,26255938295759732,600.0
eigencco.bch,coconutbenchmark-library2,smearsum,both,timeout,0,84642,600.2712800000003,0,7310446676993118,600.0
eigencco.bch,coconutbenchmark-library2,smearsumrel,both,timeout,0,211340,600.0019780000002,0,2.7319535584287635,600.0
eigencco.bch,coconutbenchmark-library2,largestfirst,xtaylor,timeout,0,105600,600.0080810000003,0,inf,600.0
eigencco.bch,coconutbenchmark-library2,lsmear,xtaylor,timeout,0,33686,600.0050130000001,0,3.000378278075838,600.0
eigencco.bch,coconutbenchmark-library2,lsmear-box,xtaylor,timeout,0,30920,600.0516450000002,0,2.957580961456985,600.0
eigencco.bch,coconutbenchmark-library2,roundrobin,xtaylor,timeout,0,36548,600.0155100000002,0,3.107127030323279,600.0
eigencco.bch,coconutbenchmark-library2,smearmax,xtaylor,timeout,0,63584,600.0021410000002,0,21547965798357036,600.0
eigencco.bch,coconutbenchmark-library2,smearmaxrel,xtaylor,timeout,0,78274,600.0008610000002,0,14.144719877786047,600.0
eigencco.bch,coconutbenchmark-library2,smearsum,xtaylor,timeout,0,73674,600.0130380000002,0,inf,600.0
eigencco.bch,coconutbenchmark-library2,smearsumrel,xtaylor,timeout,0,69264,600.0574970000004,0,3.075137582149791,600.0
eigmaxc.bch,coconutbenchmark-library2,largestfirst,both,timeout,0,49706,600.0080650000002,-10.747686928284903,inf,600.0
eigmaxc.bch,coconutbenchmark-library2,lsmear,both,complete,1,298,2.0270610000000007,-10.756951146295759,-10.746194195149464,600.0
eigmaxc.bch,coconutbenchmark-library2,lsmear-box,both,complete,1,298,2.0293230000000007,-10.756951146295759,-10.746194195149464,600.0
eigmaxc.bch,coconutbenchmark-library2,roundrobin,both,complete,1,46,0.7034470000000002,-10.756951149141322,-10.746194197992184,600.0
eigmaxc.bch,coconutbenchmark-library2,smearmax,both,complete,1,104,1.4565320000000004,0,0,600.0
eigmaxc.bch,coconutbenchmark-library2,smearmaxrel,both,complete,1,78,1.2410180000000004,-10.756951149142312,-10.746194197993171,600.0
eigmaxc.bch,coconutbenchmark-library2,smearsum,both,complete,1,286,1.8674830000000004,-10.756951149142354,-10.746194197993214,600.0
eigmaxc.bch,coconutbenchmark-library2,smearsumrel,both,complete,1,298,1.9659130000000005,-10.756951146295759,-10.746194195149464,600.0
eigmaxc.bch,coconutbenchmark-library2,largestfirst,xtaylor,timeout,0,70188,600.0097860000002,-10.747556514804064,inf,600.0
eigmaxc.bch,coconutbenchmark-library2,lsmear,xtaylor,complete,1,298,1.8276970000000003,-10.756951147003658,-10.746194195856656,10
eigmaxc.bch,coconutbenchmark-library2,lsmear-box,xtaylor,complete,1,298,1.8030240000000004,-10.756951147003658,-10.746194195856656,10
eigmaxc.bch,coconutbenchmark-library2,roundrobin,xtaylor,complete,1,68,0.8461500000000003,-10.756951149142367,-10.746194197993226,10
eigmaxc.bch,coconutbenchmark-library2,smearmax,xtaylor,complete,1,116,1.7592660000000007,0,0,10
eigmaxc.bch,coconutbenchmark-library2,smearmaxrel,xtaylor,complete,1,36,0.5882220000000001,0,0,10
eigmaxc.bch,coconutbenchmark-library2,smearsum,xtaylor,complete,1,296,1.7760240000000003,-10.756951146549726,-10.746194195403177,10
eigmaxc.bch,coconutbenchmark-library2,smearsumrel,xtaylor,complete,1,298,1.7494950000000005,-10.756951147003658,-10.746194195856656,10
eigminc.bch,coconutbenchmark-library2,largestfirst,both,complete,1,110,1.2904290000000005,-1,-1,600.0
eigminc.bch,coconutbenchmark-library2,lsmear,both,complete,1,6,0.21211100000000002,-1,-1,600.0
eigminc.bch,coconutbenchmark-library2,lsmear-box,both,complete,1,6,0.21088700000000002,-1,-1,600.0
eigminc.bch,coconutbenchmark-library2,roundrobin,both,complete,1,6,0.20376300000000008,-1,-1,600.0
eigminc.bch,coconutbenchmark-library2,smearmax,both,complete,1,8,0.3180920000000001,-1,-1,600.0
eigminc.bch,coconutbenchmark-library2,smearmaxrel,both,complete,1,10,0.25308100000000006,-1,-1,600.0
eigminc.bch,coconutbenchmark-library2,smearsum,both,complete,1,8,0.24683400000000005,-1,-1,600.0
eigminc.bch,coconutbenchmark-library2,smearsumrel,both,complete,1,6,0.205265,-1,-1,600.0
eigminc.bch,coconutbenchmark-library2,largestfirst,xtaylor,complete,1,110,1.0836080000000001,-1,-1,10
eigminc.bch,coconutbenchmark-library2,lsmear,xtaylor,complete,1,6,0.21206900000000006,-1,-1,10
eigminc.bch,coconutbenchmark-library2,lsmear-box,xtaylor,complete,1,6,0.21133500000000005,-1,-1,10
eigminc.bch,coconutbenchmark-library2,roundrobin,xtaylor,complete,1,6,0.17796700000000004,-1,-1,10
eigminc.bch,coconutbenchmark-library2,smearmax,xtaylor,complete,1,10,0.3617400000000001,-1,-1,10
eigminc.bch,coconutbenchmark-library2,smearmaxrel,xtaylor,complete,1,10,0.2542430000000001,-1,-1,10
eigminc.bch,coconutbenchmark-library2,smearsum,xtaylor,complete,1,8,0.24608400000000002,-1,-1,10
eigminc.bch,coconutbenchmark-library2,smearsumrel,xtaylor,complete,1,6,0.21139400000000003,-1,-1,10
ex14_1_1.bch,easy,largestfirst,both,complete,1,50,0.029728000000000015,-9.327445721064576e-08,6.725542789354222e-09,600.0
ex14_1_1.bch,easy,lsmear,both,complete,1,30,0.03274600000000001,-8.735786732595441e-08,1.264213267404557e-08,600.0
ex14_1_1.bch,easy,lsmear-box,both,complete,1,30,0.025608000000000006,-8.735786732595441e-08,1.264213267404557e-08,600.0
ex14_1_1.bch,easy,roundrobin,both,complete,1,26,0.017368000000000005,-9.897130598114357e-08,1.028694018856413e-09,600.0
ex14_1_1.bch,easy,smearmax,both,complete,1,30,0.022002,-9.899989688856293e-08,1.0001031114370562e-09,600.0
ex14_1_1.bch,easy,smearmaxrel,both,complete,1,30,0.021767000000000005,-8.735786732595441e-08,1.264213267404557e-08,600.0
ex14_1_1.bch,easy,smearsum,both,complete,1,30,0.021886000000000006,-8.735786732595441e-08,1.264213267404557e-08,600.0
ex14_1_1.bch,easy,smearsumrel,both,complete,1,30,0.022019000000000007,-8.735786732595441e-08,1.264213267404557e-08,600.0
ex14_1_1.bch,easy,largestfirst,xtaylor,complete,1,36,0.020555000000000007,-9.899961267146862e-08,1.0003873285313603e-09,10
ex14_1_1.bch,easy,lsmear,xtaylor,complete,1,26,0.020305,-9.899863212249327e-08,1.0013678775067092e-09,10
ex14_1_1.bch,easy,lsmear-box,xtaylor,complete,1,26,0.020324000000000005,-9.899863212249327e-08,1.0013678775067092e-09,10
ex14_1_1.bch,easy,roundrobin,xtaylor,complete,1,28,0.01677200000000001,-9.802439916619542e-08,1.9756008338045646e-09,10
ex14_1_1.bch,easy,smearmax,xtaylor,complete,1,26,0.020206000000000005,-4.04174531036915e-08,5.9582546896308486e-08,10
ex14_1_1.bch,easy,smearmaxrel,xtaylor,complete,1,26,0.018371000000000005,-9.899863212249327e-08,1.0013678775067092e-09,10
ex14_1_1.bch,easy,smearsum,xtaylor,complete,1,26,0.019964000000000006,-9.899995373198179e-08,1.0000462680181954e-09,10
ex14_1_1.bch,easy,smearsumrel,xtaylor,complete,1,26,0.019018000000000004,-9.899863212249327e-08,1.0013678775067092e-09,10
ex14_1_2.bch,easy,largestfirst,both,complete,1,412,0.6837220000000003,-8.320686057461222e-08,1.6793139425387766e-08,600.0
ex14_1_2.bch,easy,lsmear,both,complete,1,154,0.40782300000000016,-9.464727632534617e-08,5.352723674653811e-09,600.0
ex14_1_2.bch,easy,lsmear-box,both,complete,1,154,0.4099170000000001,-9.464727632534617e-08,5.352723674653811e-09,600.0
ex14_1_2.bch,easy,roundrobin,both,complete,1,130,0.2491190000000001,-8.937183465303671e-08,1.0628165346963274e-08,600.0
ex14_1_2.bch,easy,smearmax,both,complete,1,116,0.28601900000000013,-7.250535123894319e-08,2.749464876105679e-08,600.0
ex14_1_2.bch,easy,smearmaxrel,both,complete,1,140,0.3087090000000001,-7.259232688040811e-08,2.7407673119591875e-08,600.0
ex14_1_2.bch,easy,smearsum,both,complete,1,122,0.3282740000000001,-9.899992432121305e-08,1.0000756787869284e-09,600.0
ex14_1_2.bch,easy,smearsumrel,both,complete,1,154,0.39278800000000014,-9.464727632534617e-08,5.352723674653811e-09,600.0
ex14_1_2.bch,easy,largestfirst,xtaylor,complete,1,462,0.7031670000000002,-3.065150418327431e-10,5.391441499816947e-09,10
ex14_1_2.bch,easy,lsmear,xtaylor,complete,1,124,0.3150630000000001,-9.716932506596543e-08,2.8306749340345494e-09,10
ex14_1_2.bch,easy,lsmear-box,xtaylor,complete,1,124,0.3139190000000001,-9.716932506596543e-08,2.8306749340345494e-09,10
ex14_1_2.bch,easy,roundrobin,xtaylor,complete,1,236,0.4367860000000001,-7.286585304337695e-08,2.7134146956623033e-08,10
ex14_1_2.bch,easy,smearmax,xtaylor,complete,1,156,0.34532300000000005,-7.876380158912111e-08,2.123619841087887e-08,10
ex14_1_2.bch,easy,smearmaxrel,xtaylor,complete,1,230,0.45941300000000007,-1.7046204315139987e-09,9.8295379568486e-08,10
ex14_1_2.bch,easy,smearsum,xtaylor,complete,1,130,0.3146540000000001,-1.798743279976928e-11,3.577836493219577e-09,10
ex14_1_2.bch,easy,smearsumrel,xtaylor,complete,1,124,0.30006000000000005,-9.716932506596543e-08,2.8306749340345494e-09,10
ex14_1_3.bch,easy,largestfirst,both,complete,1,16,0.007575999999999999,-1.3362785421856399e-09,1.8765939210560467e-09,600.0
ex14_1_3.bch,easy,lsmear,both,complete,1,14,0.007865000000000002,-6.075246369402199e-08,3.924753630597799e-08,600.0
ex14_1_3.bch,easy,lsmear-box,both,complete,1,14,0.0075860000000000025,-6.075246369402199e-08,3.924753630597799e-08,600.0
ex14_1_3.bch,easy,roundrobin,both,complete,1,14,0.005070000000000002,-8.630946857113202e-09,9.136905314288679e-08,600.0
ex14_1_3.bch,easy,smearmax,both,complete,1,18,0.008810000000000002,-8.482893093232347e-08,1.5171069067676513e-08,600.0
ex14_1_3.bch,easy,smearmaxrel,both,complete,1,14,0.006693000000000003,-6.075246369402199e-08,3.924753630597799e-08,600.0
ex14_1_3.bch,easy,smearsum,both,complete,1,16,0.007274000000000002,-1.9632294117713677e-09,5.773203048432818e-09,600.0
ex14_1_3.bch,easy,smearsumrel,both,complete,1,14,0.00665,-6.075246369402199e-08,3.924753630597799e-08,600.0
ex14_1_3.bch,easy,largestfirst,xtaylor,complete,1,16,0.007021000000000002,-2.663013985163986e-09,1.8676564687153396e-09,10
ex14_1_3.bch,easy,lsmear,xtaylor,complete,1,16,0.008658000000000002,-2.033763425048184e-09,2.693760889696528e-09,10
ex14_1_3.bch,easy,lsmear-box,xtaylor,complete,1,16,0.008504000000000003,-2.033763425048184e-09,2.693760889696528e-09,10
ex14_1_3.bch,easy,roundrobin,xtaylor,complete,1,14,0.005012,-8.629791488777477e-09,9.137020851122252e-08,10
ex14_1_3.bch,easy,smearmax,xtaylor,complete,1,16,0.006858000000000001,-3.838461287594398e-08,6.161538712405601e-08,10
ex14_1_3.bch,easy,smearmaxrel,xtaylor,complete,1,16,0.007517000000000004,-2.033763425048184e-09,2.693760889696528e-09,10
ex14_1_3.bch,easy,smearsum,xtaylor,complete,1,16,0.006716000000000001,-3.921983091988005e-09,5.77320307445367e-09,10
ex14_1_3.bch,easy,smearsumrel,xtaylor,complete,1,16,0.0073320000000000034,-2.033763425048184e-09,2.693760889696528e-09,10
ex14_1_4.bch,easy,largestfirst,affine,complete,1,14,0.012915000000000003,-9.899996985797122e-08,1.0000301420287627e-09,60.0
ex14_1_4.bch,easy,lsmear,affine,complete,1,16,0.012663000000000008,-9.899952621285058e-08,1.000473787149403e-09,60.0
ex14_1_4.bch,easy,lsmear-box,affine,complete,1,16,0.01261,-9.899952621285058e-08,1.000473787149403e-09,60.0
ex14_1_4.bch,easy,roundrobin,affine,complete,1,18,0.012371000000000002,-5.780379068258677e-08,4.2196209317413216e-08,60.0
ex14_1_4.bch,easy,smearmax,affine,complete,1,16,0.012424000000000003,-9.887625332095629e-08,1.1237466790436912e-09,60.0
ex14_1_4.bch,easy,smearmaxrel,affine,complete,1,18,0.014107000000000007,-9.899994468366414e-08,1.000055316335846e-09,60.0
ex14_1_4.bch,easy,smearsum,affine,complete,1,16,0.018802000000000003,-9.888939178349643e-08,1.1106082165035502e-09,60.0
ex14_1_4.bch,easy,smearsumrel,affine,complete,1,16,0.011624000000000002,-9.899952621285058e-08,1.000473787149403e-09,60.0
ex14_1_4.bch,easy,largestfirst,both,complete,1,12,0.011433000000000002,-6.228267537534682e-08,3.771732462465316e-08,600.0
ex14_1_4.bch,easy,lsmear,both,complete,1,16,0.014683000000000007,-2.5796229030420032e-08,7.420377096957996e-08,600.0
ex14_1_4.bch,easy,lsmear-box,both,complete,1,16,0.014431000000000003,-2.5796229030420032e-08,7.420377096957996e-08,600.0
ex14_1_4.bch,easy,roundrobin,both,complete,1,14,0.010884000000000001,-9.34541494210166e-08,6.545850578983385e-09,600.0
ex14_1_4.bch,easy,smearmax,both,complete,1,16,0.014899000000000006,-9.899381003531927e-08,1.0061899646807149e-09,600.0
ex14_1_4.bch,easy,smearmaxrel,both,complete,1,16,0.014869000000000004,-9.899418304249997e-08,1.0058169575000164e-09,600.0
ex14_1_4.bch,easy,smearsum,both,complete,1,16,0.014587000000000004,-9.899418320903342e-08,1.0058167909665627e-09,600.0
ex14_1_4.bch,easy,smearsumrel,both,complete,1,16,0.013752000000000004,-2.5796229030420032e-08,7.420377096957996e-08,600.0
ex14_1_4.bch,easy,largestfirst,xtaylor,complete,1,14,0.011567000000000004,-9.899925701152268e-08,1.000742988477299e-09,10
ex14_1_4.bch,easy,lsmear,xtaylor,complete,1,16,0.015328000000000005,-9.8820641583519e-08,1.17935841648098e-09,10
ex14_1_4.bch,easy,lsmear-box,xtaylor,complete,1,16,0.015182000000000005,-9.8820641583519e-08,1.17935841648098e-09,10
ex14_1_4.bch,easy,roundrobin,xtaylor,complete,1,18,0.014133000000000007,-9.897455302266811e-08,1.0254469773318675e-09,10
ex14_1_4.bch,easy,smearmax,xtaylor,complete,1,14,0.012317000000000003,-9.698194957931106e-08,3.0180504206889225e-09,10
ex14_1_4.bch,easy,smearmaxrel,xtaylor,complete,1,14,0.012355000000000005,-9.698171210865052e-08,3.0182878913494627e-09,10
ex14_1_4.bch,easy,smearsum,xtaylor,complete,1,14,0.012332000000000003,-9.698194957931106e-08,3.0180504206889225e-09,10
ex14_1_4.bch,easy,smearsumrel,xtaylor,complete,1,16,0.014295000000000004,-9.8820641583519e-08,1.17935841648098e-09,10
ex14_1_5.bch,easy,largestfirst,both,complete,1,8,0.027351000000000007,-9.397639083298371e-08,6.023609167016275e-09,600.0
ex14_1_5.bch,easy,lsmear,both,complete,1,12,0.043504000000000015,-9.397054151195617e-08,6.029458488043815e-09,600.0
ex14_1_5.bch,easy,lsmear-box,both,complete,1,12,0.04293300000000001,-9.397054151195617e-08,6.029458488043815e-09,600.0
ex14_1_5.bch,easy,roundrobin,both,complete,1,8,0.023762000000000002,-9.483407786549092e-08,5.16592213450906e-09,600.0
ex14_1_5.bch,easy,smearmax,both,complete,1,18,0.05411800000000001,-9.899996971919334e-08,1.0000302808066408e-09,600.0
ex14_1_5.bch,easy,smearmaxrel,both,complete,1,18,0.05484800000000002,-9.899996971919334e-08,1.0000302808066408e-09,600.0
ex14_1_5.bch,easy,smearsum,both,complete,1,18,0.05413900000000002,-9.899996971919334e-08,1.0000302808066408e-09,600.0
ex14_1_5.bch,easy,smearsumrel,both,complete,1,12,0.042581000000000015,-9.397054151195617e-08,6.029458488043815e-09,600.0
ex14_1_5.bch,easy,largestfirst,xtaylor,complete,1,8,0.023036000000000004,-9.397639083298371e-08,6.023609167016275e-09,10
ex14_1_5.bch,easy,lsmear,xtaylor,complete,1,12,0.03741700000000001,-9.397054151195617e-08,6.029458488043815e-09,10
ex14_1_5.bch,easy,lsmear-box,xtaylor,complete,1,12,0.03792,-9.397054151195617e-08,6.029458488043815e-09,10
ex14_1_5.bch,easy,roundrobin,xtaylor,complete,1,8,0.02006200000000001,-9.483407586708948e-08,5.165924132910504e-09,10
ex14_1_5.bch,easy,smearmax,xtaylor,complete,1,16,0.04097900000000001,-6.729500950642942e-08,3.270499049357056e-08,10
ex14_1_5.bch,easy,smearmaxrel,xtaylor,complete,1,16,0.04135600000000001,-6.729500950642942e-08,3.270499049357056e-08,10
ex14_1_5.bch,easy,smearsum,xtaylor,complete,1,16,0.041093000000000005,-6.729500950642942e-08,3.270499049357056e-08,10
ex14_1_5.bch,easy,smearsumrel,xtaylor,complete,1,12,0.03624000000000001,-9.397054151195617e-08,6.029458488043815e-09,10
ex14_1_6.bch,others,largestfirst,both,complete,1,30302,35.65623800000001,-5.333634413478609e-15,3.666109630691656e-08,600.0
ex14_1_6.bch,others,lsmear,both,complete,1,90,0.21412500000000004,-9.899999991725961e-08,1.000000082740371e-09,600.0
ex14_1_6.bch,others,lsmear-box,both,complete,1,90,0.213367,-9.899999991725961e-08,1.000000082740371e-09,600.0
ex14_1_6.bch,others,roundrobin,both,complete,1,46,0.09211300000000001,-2.7124217493688377e-08,7.287578250631162e-08,600.0
ex14_1_6.bch,others,smearmax,both,complete,1,42,0.092281,-8.331894695669884e-08,1.668105304330114e-08,600.0
ex14_1_6.bch,others,smearmaxrel,both,complete,1,54,0.11359500000000004,-9.38012305163703e-08,6.1987694836296845e-09,600.0
ex14_1_6.bch,others,smearsum,both,complete,1,52,0.12197200000000002,-7.189612766738257e-08,2.8103872332617408e-08,600.0
ex14_1_6.bch,others,smearsumrel,both,complete,1,90,0.21002200000000004,-9.899999991725961e-08,1.000000082740371e-09,600.0
ex14_1_6.bch,others,largestfirst,xtaylor,complete,1,46346,46.65980900000002,-7.420208378263231e-15,7.445074835777864e-08,600.0
ex14_1_6.bch,others,lsmear,xtaylor,complete,1,90,0.18841200000000005,-9.899999985618352e-08,1.0000001438164565e-09,10
ex14_1_6.bch,others,lsmear-box,xtaylor,complete,1,90,0.18821400000000008,-9.899999985618352e-08,1.0000001438164565e-09,10
ex14_1_6.bch,others,roundrobin,xtaylor,complete,1,34,0.05704000000000001,-1.8327060171991633e-08,8.167293982800836e-08,10
ex14_1_6.bch,others,smearmax,xtaylor,complete,1,42,0.08591600000000002,-2.8623273816094393e-08,7.13767261839056e-08,10
ex14_1_6.bch,others,smearmaxrel,xtaylor,complete,1,40,0.09222900000000003,-3.332216570168389e-08,6.66778342983161e-08,10
ex14_1_6.bch,others,smearsum,xtaylor,complete,1,50,0.10267100000000003,-7.722820986681975e-08,2.2771790133180227e-08,10
ex14_1_6.bch,others,smearsumrel,xtaylor,complete,1,90,0.18432400000000004,-9.899999985618352e-08,1.0000001438164565e-09,10
ex14_1_7.bch,medium,largestfirst,both,timeout,0,312374,600.0033940000003,-7.126115784613127,7.04274948504964,600.0
ex14_1_7.bch,medium,lsmear,both,complete,1,15308,86.36132000000002,-5.395657405435289e-10,1.3492409706177986e-09,600.0
ex14_1_7.bch,medium,lsmear-box,both,complete,1,15308,86.50758400000001,-5.395657405435289e-10,1.3492409706177986e-09,600.0
ex14_1_7.bch,medium,roundrobin,both,complete,1,25274,140.92229000000006,-3.9267661015762634e-08,6.073233898423736e-08,600.0
ex14_1_7.bch,medium,smearmax,both,complete,1,32042,179.05600500000003,-9.824028984712463e-08,1.7597101528753559e-09,600.0
ex14_1_7.bch,medium,smearmaxrel,both,complete,1,22928,116.02148900000005,-9.899977642936475e-08,1.000223570635228e-09,600.0
ex14_1_7.bch,medium,smearsum,both,complete,1,20134,112.48994400000004,-9.205977160117094e-08,7.940228398829047e-09,600.0
ex14_1_7.bch,medium,smearsumrel,both,complete,1,15308,83.91280600000003,-5.395657405435289e-10,1.3492409706177986e-09,600.0
ex14_1_7.bch,medium,largestfirst,xtaylor,timeout,0,298190,600.0023140000003,-7.116934008424231,7.04274948504964,600.0
ex14_1_7.bch,medium,lsmear,xtaylor,complete,1,15934,79.06000800000002,-7.626937023327128e-10,6.035152459596752e-08,600.0
ex14_1_7.bch,medium,lsmear-box,xtaylor,complete,1,15934,78.84405600000002,-7.626937023327128e-10,6.035152459596752e-08,600.0
ex14_1_7.bch,medium,roundrobin,xtaylor,complete,1,25480,134.51334000000006,-9.898712133017396e-08,1.0128786698260228e-09,600.0
ex14_1_7.bch,medium,smearmax,xtaylor,complete,1,30936,158.10052300000004,-6.810208493565908e-12,1.5759836826195425e-09,600.0
ex14_1_7.bch,medium,smearmaxrel,xtaylor,complete,1,27570,132.83612400000004,-7.153055630860761e-08,2.846944369139237e-08,600.0
ex14_1_7.bch,medium,smearsum,xtaylor,complete,1,26542,120.55803000000004,-9.575328598570149e-08,4.246714014298492e-09,600.0
ex14_1_7.bch,medium,smearsumrel,xtaylor,complete,1,15934,75.87824700000003,-7.626937023327128e-10,6.035152459596752e-08,600.0
ex14_1_8.bch,easy,largestfirst,affine,complete,1,20,0.016196000000000002,-9.893194058131483e-08,1.0680594186851522e-09,60.0
ex14_1_8.bch,easy,lsmear,affine,complete,1,8,0.007889000000000002,-9.899551283988329e-08,1.004487160116696e-09,60.0
ex14_1_8.bch,easy,lsmear-box,affine,complete,1,8,0.007903000000000004,-9.899551283988329e-08,1.004487160116696e-09,60.0
ex14_1_8.bch,easy,roundrobin,affine,complete,1,28,0.018653000000000003,-3.991090125055053e-09,1.0000036354540498e-09,60.0
ex14_1_8.bch,easy,smearmax,affine,complete,1,10,0.010298000000000003,-9.899373648304389e-08,1.0062635169560963e-09,60.0
ex14_1_8.bch,easy,smearmaxrel,affine,complete,1,8,0.007385000000000002,-9.899551283988329e-08,1.004487160116696e-09,60.0
ex14_1_8.bch,easy,smearsum,affine,complete,1,10,0.008596000000000003,-9.899373648304389e-08,1.0062635169560963e-09,60.0
ex14_1_8.bch,easy,smearsumrel,affine,complete,1,8,0.0073960000000000015,-9.899551283988329e-08,1.004487160116696e-09,60.0
ex14_1_8.bch,easy,largestfirst,both,complete,1,34,0.020885000000000004,-9.899996083740914e-08,1.0000391625908378e-09,600.0
ex14_1_8.bch,easy,lsmear,both,complete,1,12,0.010100000000000005,-9.72674089576685e-08,2.732591042331478e-09,600.0
ex14_1_8.bch,easy,lsmear-box,both,complete,1,12,0.009980000000000001,-9.72674089576685e-08,2.732591042331478e-09,600.0
ex14_1_8.bch,easy,roundrobin,both,complete,1,16,0.007843000000000003,-9.88096419656358e-08,1.1903580343641806e-09,600.0
ex14_1_8.bch,easy,smearmax,both,complete,1,12,0.011549000000000004,-3.3608911817373144e-08,6.639108818262685e-08,600.0
ex14_1_8.bch,easy,smearmaxrel,both,complete,1,12,0.008444000000000005,-3.3608911817373144e-08,6.639108818262685e-08,600.0
ex14_1_8.bch,easy,smearsum,both,complete,1,12,0.014110000000000004,-3.3608911817373144e-08,6.639108818262685e-08,600.0
ex14_1_8.bch,easy,smearsumrel,both,complete,1,12,0.009636000000000002,-9.72674089576685e-08,2.732591042331478e-09,600.0
ex14_1_8.bch,easy,largestfirst,xtaylor,complete,1,28,0.014832000000000001,-9.899652181056807e-08,1.0034781894319167e-09,10
ex14_1_8.bch,easy,lsmear,xtaylor,complete,1,12,0.009278000000000002,-9.726745869566001e-08,2.732541304339975e-09,10
ex14_1_8.bch,easy,lsmear-box,xtaylor,complete,1,12,0.009263,-9.726745869566001e-08,2.732541304339975e-09,10
ex14_1_8.bch,easy,roundrobin,xtaylor,complete,1,24,0.010821000000000006,-9.899992531027236e-08,1.0000746897276258e-09,10
ex14_1_8.bch,easy,smearmax,xtaylor,complete,1,12,0.007768000000000004,-3.360746231019219e-08,6.63925376898078e-08,10
ex14_1_8.bch,easy,smearmaxrel,xtaylor,complete,1,12,0.007824000000000001,-3.360746231019219e-08,6.63925376898078e-08,10
ex14_1_8.bch,easy,smearsum,xtaylor,complete,1,12,0.007775000000000002,-3.360746231019219e-08,6.63925376898078e-08,10
ex14_1_8.bch,easy,smearsumrel,xtaylor,complete,1,12,0.008508000000000003,-9.726745869566001e-08,2.732541304339975e-09,10
ex14_1_9.bch,easy,largestfirst,both,complete,1,14,0.008190000000000001,-9.886310320107439e-08,1.1368967989255907e-09,600.0
ex14_1_9.bch,easy,lsmear,both,complete,1,14,0.009366000000000003,-9.886310320107439e-08,1.1368967989255907e-09,600.0
ex14_1_9.bch,easy,lsmear-box,both,complete,1,14,0.009258000000000002,-9.886310320107439e-08,1.1368967989255907e-09,600.0
ex14_1_9.bch,easy,roundrobin,both,complete,1,24,0.009477000000000003,-8.542458001793419e-08,1.4575419982065796e-08,600.0
ex14_1_9.bch,easy,smearmax,both,complete,1,14,0.008565000000000001,-9.886310320107439e-08,1.1368967989255907e-09,600.0
ex14_1_9.bch,easy,smearmaxrel,both,complete,1,14,0.008776000000000003,-9.886310320107439e-08,1.1368967989255907e-09,600.0
ex14_1_9.bch,easy,smearsum,both,complete,1,14,0.008427000000000002,-9.886310320107439e-08,1.1368967989255907e-09,600.0
ex14_1_9.bch,easy,smearsumrel,both,complete,1,14,0.008452000000000003,-9.886310320107439e-08,1.1368967989255907e-09,600.0
ex14_1_9.bch,easy,largestfirst,xtaylor,complete,1,16,0.006950000000000001,-9.897222835443243e-08,1.0277716455675545e-09,10
ex14_1_9.bch,easy,lsmear,xtaylor,complete,1,16,0.008282000000000001,-9.897222835443243e-08,1.0277716455675545e-09,10
ex14_1_9.bch,easy,lsmear-box,xtaylor,complete,1,16,0.008229000000000002,-9.897222835443243e-08,1.0277716455675545e-09,10
ex14_1_9.bch,easy,roundrobin,xtaylor,complete,1,24,0.008907000000000003,-8.236567932963224e-08,1.7634320670367742e-08,10
ex14_1_9.bch,easy,smearmax,xtaylor,complete,1,16,0.007969,-9.897222835443243e-08,1.0277716455675545e-09,10
ex14_1_9.bch,easy,smearmaxrel,xtaylor,complete,1,16,0.007851000000000002,-9.897222835443243e-08,1.0277716455675545e-09,10
ex14_1_9.bch,easy,smearsum,xtaylor,complete,1,16,0.007728000000000001,-9.897222835443243e-08,1.0277716455675545e-09,10
ex14_1_9.bch,easy,smearsumrel,xtaylor,complete,1,16,0.007523000000000001,-9.897222835443243e-08,1.0277716455675545e-09,10
ex14_2_1.bch,easy,largestfirst,affine,complete,1,2588,4.595692000000001,0,6.690552048146947e-09,60.0
ex14_2_1.bch,easy,lsmear,affine,complete,1,176,0.31391400000000014,0,1.2503164475985429e-09,60.0
ex14_2_1.bch,easy,lsmear-box,affine,complete,1,176,0.3189750000000001,0,1.2503164475985429e-09,60.0
ex14_2_1.bch,easy,roundrobin,affine,complete,1,366,0.4286920000000001,0,1.304713987890227e-09,60.0
ex14_2_1.bch,easy,smearmax,affine,complete,1,178,0.28972100000000006,0,1.830800359405027e-08,60.0
ex14_2_1.bch,easy,smearmaxrel,affine,complete,1,146,0.2653000000000001,0,1.2894234985294517e-09,60.0
ex14_2_1.bch,easy,smearsum,affine,complete,1,170,0.29478200000000004,0,2.96397955137917e-09,60.0
ex14_2_1.bch,easy,smearsumrel,affine,complete,1,176,0.29636000000000007,0,1.2503164475985429e-09,60.0
ex14_2_1.bch,easy,largestfirst,both,complete,1,2228,5.069489000000003,0,2.0777258691317968e-08,600.0
ex14_2_1.bch,easy,lsmear,both,complete,1,194,0.43439200000000006,0,1.2852132830198926e-09,600.0
ex14_2_1.bch,easy,lsmear-box,both,complete,1,194,0.42521700000000007,0,1.2852132830198926e-09,600.0
ex14_2_1.bch,easy,roundrobin,both,complete,1,164,0.2822110000000001,0,4.009064602517043e-08,600.0
ex14_2_1.bch,easy,smearmax,both,complete,1,134,0.3106960000000001,0,1.2508270752498163e-08,600.0
ex14_2_1.bch,easy,smearmaxrel,both,complete,1,184,0.3712220000000001,0,1.5117467182006644e-09,600.0
ex14_2_1.bch,easy,smearsum,both,complete,1,178,0.3936220000000001,0,2.426966727586688e-08,600.0
ex14_2_1.bch,easy,smearsumrel,both,complete,1,194,0.4113070000000001,0,1.2852132830198926e-09,600.0
ex14_2_1.bch,easy,largestfirst,xtaylor,complete,1,2576,6.045385000000001,0,4.976238567044877e-09,10
ex14_2_1.bch,easy,lsmear,xtaylor,complete,1,198,0.41089000000000003,0,4.844029954931273e-09,10
ex14_2_1.bch,easy,lsmear-box,xtaylor,complete,1,198,0.3944530000000001,0,4.844029954931273e-09,10
ex14_2_1.bch,easy,roundrobin,xtaylor,complete,1,170,0.26053100000000007,0,1.0017817530377782e-09,10
ex14_2_1.bch,easy,smearmax,xtaylor,complete,1,222,0.39468200000000014,0,3.135008197485689e-09,10
ex14_2_1.bch,easy,smearmaxrel,xtaylor,complete,1,212,0.4313020000000001,0,1.4308603885071491e-09,10
ex14_2_1.bch,easy,smearsum,xtaylor,complete,1,268,0.49602000000000007,0,1.9602153202707973e-08,10
ex14_2_1.bch,easy,smearsumrel,xtaylor,complete,1,198,0.3848980000000001,0,4.844029954931273e-09,10
ex14_2_2.bch,easy,largestfirst,both,complete,1,16,0.015705000000000004,0,1.179273567686323e-09,600.0
ex14_2_2.bch,easy,lsmear,both,complete,1,14,0.017148000000000007,0,1.5617470404199422e-09,600.0
ex14_2_2.bch,easy,lsmear-box,both,complete,1,14,0.017152000000000004,0,1.5617470404199422e-09,600.0
ex14_2_2.bch,easy,roundrobin,both,complete,1,20,0.015465000000000005,0,3.4329899145646436e-08,600.0
ex14_2_2.bch,easy,smearmax,both,complete,1,14,0.016581000000000005,0,1.5617470404199422e-09,600.0
ex14_2_2.bch,easy,smearmaxrel,both,complete,1,14,0.016343000000000003,0,1.5617470404199422e-09,600.0
ex14_2_2.bch,easy,smearsum,both,complete,1,14,0.016471000000000003,0,1.5617470404199422e-09,600.0
ex14_2_2.bch,easy,smearsumrel,both,complete,1,14,0.016484000000000002,0,1.5617470404199422e-09,600.0
ex14_2_2.bch,easy,largestfirst,xtaylor,complete,1,20,0.015218,0,5.02646457789524e-09,10
ex14_2_2.bch,easy,lsmear,xtaylor,complete,1,16,0.015843000000000006,0,9.390385840072311e-08,10
ex14_2_2.bch,easy,lsmear-box,xtaylor,complete,1,16,0.015859000000000005,0,9.390385840072311e-08,10
ex14_2_2.bch,easy,roundrobin,xtaylor,complete,1,18,0.014210000000000002,0,1.0000640315865894e-09,10
ex14_2_2.bch,easy,smearmax,xtaylor,complete,1,14,0.014767000000000002,0,1.6007643900467407e-09,10
ex14_2_2.bch,easy,smearmaxrel,xtaylor,complete,1,16,0.015384000000000002,0,9.390385840072311e-08,10
ex14_2_2.bch,easy,smearsum,xtaylor,complete,1,16,0.015139000000000005,0,9.390385840072311e-08,10
ex14_2_2.bch,easy,smearsumrel,xtaylor,complete,1,16,0.014553000000000007,0,9.390385840072311e-08,10
ex14_2_3.bch,medium,largestfirst,both,timeout,0,214070,600.0005450000002,0,0.011495483091429594,600.0
ex14_2_3.bch,medium,lsmear,both,complete,1,290,1.0893350000000004,0,8.707225146453723e-08,600.0
ex14_2_3.bch,medium,lsmear-box,both,complete,1,290,1.0932070000000005,0,8.707225146453723e-08,600.0
ex14_2_3.bch,medium,roundrobin,both,complete,1,252,0.6370500000000002,0,1.0054926811551891e-09,600.0
ex14_2_3.bch,medium,smearmax,both,complete,1,336,1.1585960000000004,0,6.047197576020125e-09,600.0
ex14_2_3.bch,medium,smearmaxrel,both,complete,1,434,1.3906840000000003,0,2.4125488343185175e-09,600.0
ex14_2_3.bch,medium,smearsum,both,complete,1,220,0.7585480000000002,0,1.28142588299474e-09,600.0
ex14_2_3.bch,medium,smearsumrel,both,complete,1,290,1.0425230000000003,0,8.707225146453723e-08,600.0
ex14_2_3.bch,medium,largestfirst,xtaylor,timeout,0,196474,600.0029350000003,0,0.011499462255973147,600.0
ex14_2_3.bch,medium,lsmear,xtaylor,complete,1,486,1.5723010000000004,0,6.576449161632691e-08,10
ex14_2_3.bch,medium,lsmear-box,xtaylor,complete,1,486,1.5485050000000005,0,6.576449161632691e-08,10
ex14_2_3.bch,medium,roundrobin,xtaylor,complete,1,592,1.3990720000000003,0,1.3878406368572627e-08,10
ex14_2_3.bch,medium,smearmax,xtaylor,complete,1,608,1.6666780000000005,0,3.478497946390206e-09,10
ex14_2_3.bch,medium,smearmaxrel,xtaylor,complete,1,646,1.9313780000000005,0,2.85142044212372e-08,10
ex14_2_3.bch,medium,smearsum,xtaylor,complete,1,508,1.5160700000000003,0,5.7234745554080035e-09,10
ex14_2_3.bch,medium,smearsumrel,xtaylor,complete,1,486,1.4899150000000005,0,6.576449161632691e-08,10
ex14_2_4.bch,easy,largestfirst,both,complete,1,330,0.9785210000000002,0,5.946866610262447e-09,600.0
ex14_2_4.bch,easy,lsmear,both,complete,1,204,0.6199260000000002,0,1.1368752050877617e-09,600.0
ex14_2_4.bch,easy,lsmear-box,both,complete,1,204,0.6093750000000002,0,1.1368752050877617e-09,600.0
ex14_2_4.bch,easy,roundrobin,both,complete,1,74,0.18746200000000005,0,1.062790219344681e-09,600.0
ex14_2_4.bch,easy,smearmax,both,complete,1,168,0.44163900000000017,0,5.111806894442239e-09,600.0
ex14_2_4.bch,easy,smearmaxrel,both,complete,1,180,0.5085580000000002,0,2.2432493785756903e-09,600.0
ex14_2_4.bch,easy,smearsum,both,complete,1,160,0.48078700000000013,0,1.0148656149989646e-09,600.0
ex14_2_4.bch,easy,smearsumrel,both,complete,1,204,0.5970710000000001,0,1.1368752050877617e-09,600.0
ex14_2_4.bch,easy,largestfirst,xtaylor,complete,1,396,0.8544660000000002,0,1.018869218266433e-09,10
ex14_2_4.bch,easy,lsmear,xtaylor,complete,1,166,0.42732600000000015,0,2.0587354043755113e-09,10
ex14_2_4.bch,easy,lsmear-box,xtaylor,complete,1,166,0.4235800000000001,0,2.0587354043755113e-09,10
ex14_2_4.bch,easy,roundrobin,xtaylor,complete,1,150,0.3160110000000001,0,5.067478492382094e-08,10
ex14_2_4.bch,easy,smearmax,xtaylor,complete,1,174,0.44596000000000013,0,1.0607725908847631e-09,10
ex14_2_4.bch,easy,smearmaxrel,xtaylor,complete,1,176,0.46841800000000006,0,2.5640945366944834e-08,10
ex14_2_4.bch,easy,smearsum,xtaylor,complete,1,176,0.4390710000000001,0,1.1289758294896757e-09,10
ex14_2_4.bch,easy,smearsumrel,xtaylor,complete,1,166,0.41479900000000014,0,2.0587354043755113e-09,10
ex14_2_5.bch,easy,largestfirst,affine,complete,1,14,0.015435,0,1.1351313222718318e-09,60.0
ex14_2_5.bch,easy,lsmear,affine,complete,1,16,0.024003,0,1.0042796274189363e-09,60.0
ex14_2_5.bch,easy,lsmear-box,affine,complete,1,16,0.023831,0,1.0042796274189363e-09,60.0
ex14_2_5.bch,easy,roundrobin,affine,complete,1,26,0.022937000000000003,0,1.085123102484431e-09,60.0
ex14_2_5.bch,easy,smearmax,affine,complete,1,16,0.022742000000000005,0,1.0042796274189363e-09,60.0
ex14_2_5.bch,easy,smearmaxrel,affine,complete,1,14,0.01948800000000001,0,4.691389943189961e-08,60.0
ex14_2_5.bch,easy,smearsum,affine,complete,1,16,0.022800000000000004,0,1.0042796274189363e-09,60.0
ex14_2_5.bch,easy,smearsumrel,affine,complete,1,16,0.02253100000000001,0,1.0042796274189363e-09,60.0
ex14_2_5.bch,easy,largestfirst,both,complete,1,90,0.08124200000000002,0,1.0000362229424538e-09,600.0
ex14_2_5.bch,easy,lsmear,both,complete,1,136,0.11600400000000004,0,1.2711958152777925e-09,600.0
ex14_2_5.bch,easy,lsmear-box,both,complete,1,136,0.11609100000000006,0,1.2711958152777925e-09,600.0
ex14_2_5.bch,easy,roundrobin,both,complete,1,296,0.24392300000000006,0,3.089771318066868e-08,600.0
ex14_2_5.bch,easy,smearmax,both,complete,1,488,0.40322100000000005,0,2.997074788781232e-08,600.0
ex14_2_5.bch,easy,smearmaxrel,both,complete,1,140,0.11090800000000003,0,1.009523691468144e-09,600.0
ex14_2_5.bch,easy,smearsum,both,complete,1,496,0.40147400000000016,0,5.733128122992091e-08,600.0
ex14_2_5.bch,easy,smearsumrel,both,complete,1,136,0.10625100000000003,0,1.2711958152777925e-09,600.0
ex14_2_5.bch,easy,largestfirst,xtaylor,complete,1,94,0.08133700000000002,0,1.0000466573603836e-09,10
ex14_2_5.bch,easy,lsmear,xtaylor,complete,1,414,0.3042380000000001,0,5.649213596914393e-09,10
ex14_2_5.bch,easy,lsmear-box,xtaylor,complete,1,414,0.3014120000000001,0,5.649213596914393e-09,10
ex14_2_5.bch,easy,roundrobin,xtaylor,complete,1,230,0.16308600000000004,0,7.753830439799118e-08,10
ex14_2_5.bch,easy,smearmax,xtaylor,complete,1,464,0.3327670000000001,0,1.9022657351310688e-08,10
ex14_2_5.bch,easy,smearmaxrel,xtaylor,complete,1,146,0.10320800000000004,0,3.049450425507416e-08,10
ex14_2_5.bch,easy,smearsum,xtaylor,complete,1,512,0.34958300000000014,0,4.54366005163298e-08,10
ex14_2_5.bch,easy,smearsumrel,xtaylor,complete,1,414,0.27923300000000006,0,5.649213596914393e-09,10
ex14_2_6.bch,easy,largestfirst,both,timeout,0,340066,600.0024830000002,0,0.029580915269612817,600.0
ex14_2_6.bch,easy,lsmear,both,complete,1,172,0.45625700000000013,0,2.0117440768796513e-09,600.0
ex14_2_6.bch,easy,lsmear-box,both,complete,1,172,0.46093800000000007,0,2.0117440768796513e-09,600.0
ex14_2_6.bch,easy,roundrobin,both,complete,1,390,0.7592870000000002,0,7.660474508203174e-09,600.0
ex14_2_6.bch,easy,smearmax,both,complete,1,164,0.4431840000000001,0,1.0062554053891226e-09,600.0
ex14_2_6.bch,easy,smearmaxrel,both,complete,1,172,0.44777100000000014,0,1.0089062287767657e-09,600.0
ex14_2_6.bch,easy,smearsum,both,complete,1,146,0.3778680000000001,0,1.0125339143518541e-08,600.0
ex14_2_6.bch,easy,smearsumrel,both,complete,1,172,0.43856500000000015,0,2.0117440768796513e-09,600.0
ex14_2_6.bch,easy,largestfirst,xtaylor,timeout,0,328218,600.0021020000003,0,0.08671536126300383,600.0
ex14_2_6.bch,easy,lsmear,xtaylor,complete,1,172,0.41928200000000004,0,3.4796813014326133e-08,10
ex14_2_6.bch,easy,lsmear-box,xtaylor,complete,1,172,0.45562800000000003,0,3.4796813014326133e-08,10
ex14_2_6.bch,easy,roundrobin,xtaylor,complete,1,614,0.9763680000000001,0,5.055727770458818e-08,10
ex14_2_6.bch,easy,smearmax,xtaylor,complete,1,422,0.9603120000000002,0,1.8318012010021256e-08,10
ex14_2_6.bch,easy,smearmaxrel,xtaylor,complete,1,270,0.6469290000000002,0,3.24737093465588e-09,10
ex14_2_6.bch,easy,smearsum,xtaylor,complete,1,200,0.47027500000000017,0,8.056145192614217e-08,10
ex14_2_6.bch,easy,smearsumrel,xtaylor,complete,1,172,0.4045750000000001,0,3.4796813014326133e-08,10
ex14_2_7.bch,medium,largestfirst,both,timeout,0,209872,600.0026110000002,0,0.13955027529074115,600.0
ex14_2_7.bch,medium,lsmear,both,complete,1,3538,14.277199000000005,0,2.027660428449707e-09,600.0
ex14_2_7.bch,medium,lsmear-box,both,complete,1,3538,14.224807000000006,0,2.027660428449707e-09,600.0
ex14_2_7.bch,medium,roundrobin,both,complete,1,10682,30.585456000000008,0,1.1626280493892693e-09,600.0
ex14_2_7.bch,medium,smearmax,both,complete,1,4130,17.193713000000006,0,1.021230211506463e-09,600.0
ex14_2_7.bch,medium,smearmaxrel,both,complete,1,5584,23.134371000000005,0,4.128116515289548e-09,600.0
ex14_2_7.bch,medium,smearsum,both,complete,1,4096,16.587858000000008,0,1.014258755125129e-09,600.0
ex14_2_7.bch,medium,smearsumrel,both,complete,1,3538,13.858270000000003,0,2.027660428449707e-09,600.0
ex14_2_7.bch,medium,largestfirst,xtaylor,timeout,0,244504,600.0035790000003,0,0.22587497469390883,600.0
ex14_2_7.bch,medium,lsmear,xtaylor,complete,1,11934,42.62324800000001,0,1.245265474070223e-09,600.0
ex14_2_7.bch,medium,lsmear-box,xtaylor,complete,1,11934,42.34001700000002,0,1.245265474070223e-09,600.0
ex14_2_7.bch,medium,roundrobin,xtaylor,complete,1,18456,45.85546800000001,0,8.918079608122298e-09,600.0
ex14_2_7.bch,medium,smearmax,xtaylor,complete,1,14958,52.892170000000014,0,6.48943867282304e-08,600.0
ex14_2_7.bch,medium,smearmaxrel,xtaylor,complete,1,17176,58.856980000000014,0,6.937734045565046e-08,600.0
ex14_2_7.bch,medium,smearsum,xtaylor,complete,1,10992,39.35847600000002,0,1.9261077177645802e-09,600.0
ex14_2_7.bch,medium,smearsumrel,xtaylor,complete,1,11934,41.09541900000002,0,1.245265474070223e-09,600.0
ex14_2_8.bch,easy,largestfirst,affine,complete,1,40,0.05841000000000002,0,1.000058571999729e-09,60.0
ex14_2_8.bch,easy,lsmear,affine,complete,1,22,0.036459000000000005,0,7.909833053950863e-09,60.0
ex14_2_8.bch,easy,lsmear-box,affine,complete,1,22,0.03616000000000001,0,7.909833053950863e-09,60.0
ex14_2_8.bch,easy,roundrobin,affine,complete,1,50,0.057813,0,1.3560494949160784e-09,60.0
ex14_2_8.bch,easy,smearmax,affine,complete,1,22,0.035304,0,7.909833053950863e-09,60.0
ex14_2_8.bch,easy,smearmaxrel,affine,complete,1,36,0.061573,0,2.2316228864838195e-09,60.0
ex14_2_8.bch,easy,smearsum,affine,complete,1,22,0.035163999999999994,0,7.909833053950863e-09,60.0
ex14_2_8.bch,easy,smearsumrel,affine,complete,1,22,0.034583000000000017,0,7.909833053950863e-09,60.0
ex14_2_8.bch,easy,largestfirst,both,complete,1,38,0.07355900000000001,0,1.012821826407162e-09,600.0
ex14_2_8.bch,easy,lsmear,both,complete,1,42,0.08780200000000002,0,1.246036163138342e-09,600.0
ex14_2_8.bch,easy,lsmear-box,both,complete,1,42,0.08766000000000002,0,1.246036163138342e-09,600.0
ex14_2_8.bch,easy,roundrobin,both,complete,1,66,0.09825000000000003,0,1.105334490603127e-09,600.0
ex14_2_8.bch,easy,smearmax,both,complete,1,42,0.08081500000000001,0,4.634836514583185e-09,600.0
ex14_2_8.bch,easy,smearmaxrel,both,complete,1,32,0.06561600000000001,0,1.5635635008948157e-09,600.0
ex14_2_8.bch,easy,smearsum,both,complete,1,42,0.08055300000000001,0,4.634836514583185e-09,600.0
ex14_2_8.bch,easy,smearsumrel,both,complete,1,42,0.08479700000000003,0,1.246036163138342e-09,600.0
ex14_2_8.bch,easy,largestfirst,xtaylor,complete,1,44,0.08116400000000001,0,5.990692441290926e-08,10
ex14_2_8.bch,easy,lsmear,xtaylor,complete,1,48,0.08551900000000001,0,1.0032270569837465e-09,10
ex14_2_8.bch,easy,lsmear-box,xtaylor,complete,1,48,0.08581500000000002,0,1.0032270569837465e-09,10
ex14_2_8.bch,easy,roundrobin,xtaylor,complete,1,64,0.08778200000000001,0,1.0040054343463112e-09,10
ex14_2_8.bch,easy,smearmax,xtaylor,complete,1,68,0.10494600000000003,0,1.94399019104452e-08,10
ex14_2_8.bch,easy,smearmaxrel,xtaylor,complete,1,52,0.09427800000000001,0,1.1481241513067175e-08,10
ex14_2_8.bch,easy,smearsum,xtaylor,complete,1,72,0.11543600000000004,0,1.4043450846656924e-09,10
ex14_2_8.bch,easy,smearsumrel,xtaylor,complete,1,48,0.07987100000000001,0,1.0032270569837465e-09,10
ex14_2_9.bch,easy,largestfirst,both,complete,1,110,0.12887200000000004,0,2.0225758845526798e-09,600.0
ex14_2_9.bch,easy,lsmear,both,complete,1,48,0.10543200000000007,0,1.003195748694452e-09,600.0
ex14_2_9.bch,easy,lsmear-box,both,complete,1,48,0.10416200000000005,0,1.003195748694452e-09,600.0
ex14_2_9.bch,easy,roundrobin,both,complete,1,18,0.036542000000000005,0,2.20161169295352e-08,600.0
ex14_2_9.bch,easy,smearmax,both,complete,1,46,0.10798500000000003,0,2.833154155723605e-09,600.0
ex14_2_9.bch,easy,smearmaxrel,both,complete,1,46,0.09799800000000003,0,8.731380063409233e-09,600.0
ex14_2_9.bch,easy,smearsum,both,complete,1,42,0.10131100000000003,0,2.3509795285775285e-08,600.0
ex14_2_9.bch,easy,smearsumrel,both,complete,1,48,0.10132900000000004,0,1.003195748694452e-09,600.0
ex14_2_9.bch,easy,largestfirst,xtaylor,complete,1,94,0.11638900000000003,0,1.0011022011369164e-09,10
ex14_2_9.bch,easy,lsmear,xtaylor,complete,1,52,0.11018600000000003,0,1.0271922201710026e-09,10
ex14_2_9.bch,easy,lsmear-box,xtaylor,complete,1,52,0.10930700000000003,0,1.0271922201710026e-09,10
ex14_2_9.bch,easy,roundrobin,xtaylor,complete,1,22,0.032456000000000006,0,1.010762029629575e-09,10
ex14_2_9.bch,easy,smearmax,xtaylor,complete,1,64,0.11766500000000005,0,3.469379595080497e-09,10
ex14_2_9.bch,easy,smearmaxrel,xtaylor,complete,1,42,0.08500700000000003,0,6.567158816750407e-09,10
ex14_2_9.bch,easy,smearsum,xtaylor,complete,1,54,0.11134800000000004,0,1.346885702259795e-09,10
ex14_2_9.bch,easy,smearsumrel,xtaylor,complete,1,52,0.10576700000000001,0,1.0271922201710026e-09,10
ex2_1_1.bch,easy,largestfirst,both,timeout,0,744478,600.0011680000001,-18.318181817171855,-17,600.0
ex2_1_1.bch,easy,lsmear,both,complete,1,6,0.009483000000000002,-17.017017017017015,-17,600.0
ex2_1_1.bch,easy,lsmear-box,both,complete,1,6,0.009436000000000002,-17.017017017017015,-17,600.0
ex2_1_1.bch,easy,roundrobin,both,complete,1,4,0.007665,-17.017017017017015,-17,600.0
ex2_1_1.bch,easy,smearmax,both,complete,1,4,0.008394000000000002,-17.017017017017015,-17,600.0
ex2_1_1.bch,easy,smearmaxrel,both,complete,1,4,0.008410000000000003,-17.017017017017015,-17,600.0
ex2_1_1.bch,easy,smearsum,both,complete,1,4,0.008373000000000002,-17.017017017017015,-17,600.0
ex2_1_1.bch,easy,smearsumrel,both,complete,1,4,0.008569000000000002,-17.017017017017015,-17,600.0
ex2_1_1.bch,easy,largestfirst,xtaylor,timeout,0,1117922,600.0001340000001,-117.86851702238388,-16.99816756412512,600.0
ex2_1_1.bch,easy,lsmear,xtaylor,complete,1,166,0.13186600000000004,-17.017017017017015,-17,10
ex2_1_1.bch,easy,lsmear-box,xtaylor,complete,1,166,0.13134900000000002,-17.017017017017015,-17,10
ex2_1_1.bch,easy,roundrobin,xtaylor,complete,1,110,0.11394900000000004,-17.017017017017015,-17,10
ex2_1_1.bch,easy,smearmax,xtaylor,complete,1,154,0.11421800000000006,-17.017017017017015,-17,10
ex2_1_1.bch,easy,smearmaxrel,xtaylor,complete,1,128,0.10955700000000004,-17.017017017017015,-17,10
ex2_1_1.bch,easy,smearsum,xtaylor,complete,1,114,0.10199600000000004,-17.017017017017015,-17,10
ex2_1_1.bch,easy,smearsumrel,xtaylor,complete,1,114,0.09946200000000004,-17.017017017017015,-17,10
ex2_1_10.bch,easy,largestfirst,both,complete,1,2,0.029251,49268.74921085745,49318.017960068304,600.0
ex2_1_10.bch,easy,lsmear,both,complete,1,2,0.02959600000000001,49268.74921085745,49318.017960068304,600.0
ex2_1_10.bch,easy,lsmear-box,both,complete,1,2,0.02906499999999998,49268.74921085745,49318.017960068304,600.0
ex2_1_10.bch,easy,roundrobin,both,complete,1,2,0.028926000000000007,49268.74921085745,49318.017960068304,600.0
ex2_1_10.bch,easy,smearmax,both,complete,1,2,0.06661600000000006,49268.74921085745,49318.017960068304,600.0
ex2_1_10.bch,easy,smearmaxrel,both,complete,1,2,0.06647000000000006,49268.74921085745,49318.017960068304,600.0
ex2_1_10.bch,easy,smearsum,both,complete,1,2,0.06645100000000001,49268.74921085745,49318.017960068304,600.0
ex2_1_10.bch,easy,smearsumrel,both,complete,1,2,0.06732100000000002,49268.74921085745,49318.017960068304,600.0
ex2_1_10.bch,easy,largestfirst,xtaylor,timeout,0,150428,600.0144140000002,-562279.3360664682,49318.01796006842,600.0
ex2_1_10.bch,easy,lsmear,xtaylor,complete,1,52,0.41651000000000016,49268.7492108571,49318.017960067955,10
ex2_1_10.bch,easy,lsmear-box,xtaylor,complete,1,52,0.4208860000000002,49268.7492108571,49318.017960067955,10
ex2_1_10.bch,easy,roundrobin,xtaylor,complete,1,20,0.21736100000000003,49268.74921085792,49318.01796006877,10
ex2_1_10.bch,easy,smearmax,xtaylor,complete,1,20,0.2492930000000001,49268.7492108578,49318.01796006865,10
ex2_1_10.bch,easy,smearmaxrel,xtaylor,complete,1,20,0.2523160000000001,49268.7492108578,49318.01796006865,10
ex2_1_10.bch,easy,smearsum,xtaylor,complete,1,20,0.25258500000000006,49268.7492108578,49318.01796006865,10
ex2_1_10.bch,easy,smearsumrel,xtaylor,complete,1,20,0.25593400000000005,49268.74921085792,49318.01796006877,10
ex2_1_2.bch,easy,largestfirst,both,complete,1,0,2.0000000000002655e-06,-213.2132132032032,-212.99999999000002,600.0
ex2_1_2.bch,easy,lsmear,both,complete,1,0,1.0000000000001327e-06,-213.2132132032032,-212.99999999000002,600.0
ex2_1_2.bch,easy,lsmear-box,both,complete,1,0,2.0000000000002655e-06,-213.2132132032032,-212.99999999000002,600.0
ex2_1_2.bch,easy,roundrobin,both,complete,1,0,1.999999999999398e-06,-213.2132132032032,-212.99999999000002,600.0
ex2_1_2.bch,easy,smearmax,both,complete,1,0,1.0000000000001327e-06,-213.2132132032032,-212.99999999000002,600.0
ex2_1_2.bch,easy,smearmaxrel,both,complete,1,0,2.0000000000002655e-06,-213.2132132032032,-212.99999999000002,600.0
ex2_1_2.bch,easy,smearsum,both,complete,1,0,2.0000000000002655e-06,-213.2132132032032,-212.99999999000002,600.0
ex2_1_2.bch,easy,smearsumrel,both,complete,1,0,1.0000000000001327e-06,-213.2132132032032,-212.99999999000002,600.0
ex2_1_2.bch,easy,largestfirst,xtaylor,complete,1,2,3.899999999999997e-05,-213.2132132032032,-212.99999999000002,10
ex2_1_2.bch,easy,lsmear,xtaylor,complete,1,2,0.00024300000000000016,-213.2132132032032,-212.99999999000002,10
ex2_1_2.bch,easy,lsmear-box,xtaylor,complete,1,2,0.00020899999999999998,-213.2132132032032,-212.99999999000002,10
ex2_1_2.bch,easy,roundrobin,xtaylor,complete,1,2,4.19999999999995e-05,-213.2132132032032,-212.99999999000002,10
ex2_1_2.bch,easy,smearmax,xtaylor,complete,1,2,0.0009579999999999997,-213.2132132032032,-212.99999999000002,10
ex2_1_2.bch,easy,smearmaxrel,xtaylor,complete,1,2,0.000967,-213.2132132032032,-212.99999999000002,10
ex2_1_2.bch,easy,smearsum,xtaylor,complete,1,2,0.0008839999999999994,-213.2132132032032,-212.99999999000002,10
ex2_1_2.bch,easy,smearsumrel,xtaylor,complete,1,2,0.0009559999999999994,-213.2132132032032,-212.99999999000002,10
ex2_1_3.bch,easy,largestfirst,both,complete,1,116,0.18976800000000002,-15.000000000000057,-14.999999997999998,600.0
ex2_1_3.bch,easy,lsmear,both,complete,1,16,0.05372600000000002,-15.000000000000057,-14.999999997999998,600.0
ex2_1_3.bch,easy,lsmear-box,both,complete,1,10,0.04484100000000002,-15.000000000000057,-14.999999997999998,600.0
ex2_1_3.bch,easy,roundrobin,both,complete,1,10,0.023662000000000006,-15.000000000000043,-14.999999997999998,600.0
ex2_1_3.bch,easy,smearmax,both,complete,1,28,0.06816600000000002,-15,-14.999999997999998,600.0
ex2_1_3.bch,easy,smearmaxrel,both,complete,1,14,0.041575000000000015,-15.000000000000036,-14.999999997999998,600.0
ex2_1_3.bch,easy,smearsum,both,complete,1,14,0.04209600000000001,-15.000000000000036,-14.999999997999998,600.0
ex2_1_3.bch,easy,smearsumrel,both,complete,1,18,0.04912800000000001,-15,-14.999999997999998,600.0
ex2_1_3.bch,easy,largestfirst,xtaylor,timeout,0,396336,600.0022150000001,-22.207018682645963,-14.695323037787634,600.0
ex2_1_3.bch,easy,lsmear,xtaylor,complete,1,122,0.19691500000000006,-15.01501501301301,-14.999999997999998,10
ex2_1_3.bch,easy,lsmear-box,xtaylor,complete,1,122,0.19662500000000005,-15.01501501301301,-14.999999997999998,10
ex2_1_3.bch,easy,roundrobin,xtaylor,complete,1,64,0.17534400000000006,-15,-14.999999997999998,10
ex2_1_3.bch,easy,smearmax,xtaylor,complete,1,52,0.12415000000000004,-15.015015013513512,-14.9999999985,10
ex2_1_3.bch,easy,smearmaxrel,xtaylor,complete,1,82,0.19014000000000003,-15.01501501301301,-14.999999997999998,10
ex2_1_3.bch,easy,smearsum,xtaylor,complete,1,94,0.21300100000000005,-15.01501501301301,-14.999999997999998,10
ex2_1_3.bch,easy,smearsumrel,xtaylor,complete,1,124,0.23231800000000005,-15.000000000000007,-14.999999997999998,10
ex2_1_4.bch,easy,largestfirst,both,complete,1,0,1.000000000001e-06,-11.011011010510506,-10.999999999499998,600.0
ex2_1_4.bch,easy,lsmear,both,complete,1,0,1.000000000001e-06,-11.011011010510506,-10.999999999499998,600.0
ex2_1_4.bch,easy,lsmear-box,both,complete,1,0,1.000000000001e-06,-11.011011010510506,-10.999999999499998,600.0
ex2_1_4.bch,easy,roundrobin,both,complete,1,0,2.0000000000002655e-06,-11.011011010510506,-10.999999999499998,600.0
ex2_1_4.bch,easy,smearmax,both,complete,1,0,2.0000000000002655e-06,-11.011011010510506,-10.999999999499998,600.0
ex2_1_4.bch,easy,smearmaxrel,both,complete,1,0,9.999999999992654e-07,-11.011011010510506,-10.999999999499998,600.0
ex2_1_4.bch,easy,smearsum,both,complete,1,0,2.0000000000002655e-06,-11.011011010510506,-10.999999999499998,600.0
ex2_1_4.bch,easy,smearsumrel,both,complete,1,0,9.999999999992654e-07,-11.011011010510506,-10.999999999499998,600.0
ex2_1_4.bch,easy,largestfirst,xtaylor,complete,1,0,9.999999999992654e-07,-11.011011010510506,-10.999999999499998,10
ex2_1_4.bch,easy,lsmear,xtaylor,complete,1,0,2.0000000000002655e-06,-11.011011010510506,-10.999999999499998,10
ex2_1_4.bch,easy,lsmear-box,xtaylor,complete,1,0,2.0000000000002655e-06,-11.011011010510506,-10.999999999499998,10
ex2_1_4.bch,easy,roundrobin,xtaylor,complete,1,0,9.999999999992654e-07,-11.011011010510506,-10.999999999499998,10
ex2_1_4.bch,easy,smearmax,xtaylor,complete,1,0,1.9999999999985307e-06,-11.011011010510506,-10.999999999499998,10
ex2_1_4.bch,easy,smearmaxrel,xtaylor,complete,1,0,9.999999999992654e-07,-11.011011010510506,-10.999999999499998,10
ex2_1_4.bch,easy,smearsum,xtaylor,complete,1,0,1.000000000001e-06,-11.011011010510506,-10.999999999499998,10
ex2_1_4.bch,easy,smearsumrel,xtaylor,complete,1,0,1.000000000001e-06,-11.011011010510506,-10.999999999499998,10
ex2_1_5.bch,easy,largestfirst,both,complete,1,2,0.007574000000000004,-268.2829144408517,-268.0146315264109,600.0
ex2_1_5.bch,easy,lsmear,both,complete,1,2,0.006191000000000002,-268.2829144408517,-268.0146315264109,600.0
ex2_1_5.bch,easy,lsmear-box,both,complete,1,2,0.006144000000000004,-268.2829144408517,-268.0146315264109,600.0
ex2_1_5.bch,easy,roundrobin,both,complete,1,2,0.007557000000000015,-268.2829144408517,-268.0146315264109,600.0
ex2_1_5.bch,easy,smearmax,both,complete,1,2,0.02023700000000002,-268.2829144408517,-268.0146315264109,600.0
ex2_1_5.bch,easy,smearmaxrel,both,complete,1,2,0.020165000000000016,-268.2829144408517,-268.0146315264109,600.0
ex2_1_5.bch,easy,smearsum,both,complete,1,2,0.020207000000000017,-268.2829144408517,-268.0146315264109,600.0
ex2_1_5.bch,easy,smearsumrel,both,complete,1,2,0.019925000000000012,-268.2829144408517,-268.0146315264109,600.0
ex2_1_5.bch,easy,largestfirst,xtaylor,complete,1,2,0.007941999999999998,-268.2829144408517,-268.0146315264109,10
ex2_1_5.bch,easy,lsmear,xtaylor,complete,1,2,0.006665999999999998,-268.2829144408517,-268.0146315264109,10
ex2_1_5.bch,easy,lsmear-box,xtaylor,complete,1,2,0.006723,-268.2829144408517,-268.0146315264109,10
ex2_1_5.bch,easy,roundrobin,xtaylor,complete,1,2,0.007935999999999999,-268.2829144408517,-268.0146315264109,10
ex2_1_5.bch,easy,smearmax,xtaylor,complete,1,2,0.020765000000000013,-268.2829144408517,-268.0146315264109,10
ex2_1_5.bch,easy,smearmaxrel,xtaylor,complete,1,2,0.020482000000000014,-268.2829144408517,-268.0146315264109,10
ex2_1_5.bch,easy,smearsum,xtaylor,complete,1,2,0.020791000000000025,-268.2829144408517,-268.0146315264109,10
ex2_1_5.bch,easy,smearsumrel,xtaylor,complete,1,2,0.020373000000000016,-268.2829144408517,-268.0146315264109,10
ex2_1_5bis.bch,easy,largestfirst,both,complete,1,2,0.0075950000000000045,-268.2829144408517,-268.0146315264109,600.0
ex2_1_5bis.bch,easy,lsmear,both,complete,1,2,0.006195000000000006,-268.2829144408517,-268.0146315264109,600.0
ex2_1_5bis.bch,easy,lsmear-box,both,complete,1,2,0.006214999999999998,-268.2829144408517,-268.0146315264109,600.0
ex2_1_5bis.bch,easy,roundrobin,both,complete,1,2,0.007637000000000012,-268.2829144408517,-268.0146315264109,600.0
ex2_1_5bis.bch,easy,smearmax,both,complete,1,2,0.020301000000000013,-268.2829144408517,-268.0146315264109,600.0
ex2_1_5bis.bch,easy,smearmaxrel,both,complete,1,2,0.020047000000000016,-268.2829144408517,-268.0146315264109,600.0
ex2_1_5bis.bch,easy,smearsum,both,complete,1,2,0.02036600000000001,-268.2829144408517,-268.0146315264109,600.0
ex2_1_5bis.bch,easy,smearsumrel,both,complete,1,2,0.019943000000000016,-268.2829144408517,-268.0146315264109,600.0
ex2_1_5bis.bch,easy,largestfirst,xtaylor,complete,1,2,0.007955000000000004,-268.2829144408517,-268.0146315264109,10
ex2_1_5bis.bch,easy,lsmear,xtaylor,complete,1,2,0.0066820000000000004,-268.2829144408517,-268.0146315264109,10
ex2_1_5bis.bch,easy,lsmear-box,xtaylor,complete,1,2,0.0066940000000000055,-268.2829144408517,-268.0146315264109,10
ex2_1_5bis.bch,easy,roundrobin,xtaylor,complete,1,2,0.007940000000000003,-268.2829144408517,-268.0146315264109,10
ex2_1_5bis.bch,easy,smearmax,xtaylor,complete,1,2,0.020855000000000012,-268.2829144408517,-268.0146315264109,10
ex2_1_5bis.bch,easy,smearmaxrel,xtaylor,complete,1,2,0.020554000000000024,-268.2829144408517,-268.0146315264109,10
ex2_1_5bis.bch,easy,smearsum,xtaylor,complete,1,2,0.020786000000000013,-268.2829144408517,-268.0146315264109,10
ex2_1_5bis.bch,easy,smearsumrel,xtaylor,complete,1,2,0.02073300000000001,-268.2829144408517,-268.0146315264109,10
ex2_1_6.bch,easy,largestfirst,both,complete,1,208,0.4094750000000001,-39.03903903903903,-39,600.0
ex2_1_6.bch,easy,lsmear,both,complete,1,4,0.021232000000000008,-39.03903903903903,-39,600.0
ex2_1_6.bch,easy,lsmear-box,both,complete,1,4,0.021720000000000003,-39.03903903903903,-39,600.0
ex2_1_6.bch,easy,roundrobin,both,complete,1,10,0.05049600000000001,-39.03903903903903,-39,600.0
ex2_1_6.bch,easy,smearmax,both,complete,1,6,0.03320400000000001,-39.03903903903903,-39,600.0
ex2_1_6.bch,easy,smearmaxrel,both,complete,1,12,0.04816100000000001,-39.03903903903903,-39,600.0
ex2_1_6.bch,easy,smearsum,both,complete,1,8,0.038903000000000014,-39.03903903903903,-39,600.0
ex2_1_6.bch,easy,smearsumrel,both,complete,1,6,0.036521000000000005,-39.03903903903903,-39,600.0
ex2_1_6.bch,easy,largestfirst,xtaylor,timeout,0,457334,600.0015410000001,-224.15666485463308,-30.499999998666624,600.0
ex2_1_6.bch,easy,lsmear,xtaylor,complete,1,640,1.3926630000000002,-39.03903903903903,-39,10
ex2_1_6.bch,easy,lsmear-box,xtaylor,complete,1,640,1.3983260000000004,-39.03903903903903,-39,10
ex2_1_6.bch,easy,roundrobin,xtaylor,complete,1,472,1.0261240000000003,-39.03903903903903,-39,10
ex2_1_6.bch,easy,smearmax,xtaylor,complete,1,614,1.2105550000000005,-39.03903903903903,-39,10
ex2_1_6.bch,easy,smearmaxrel,xtaylor,complete,1,378,0.9139470000000003,-39.03903903903903,-39,10
ex2_1_6.bch,easy,smearsum,xtaylor,complete,1,488,1.0665300000000002,-39.03903903903903,-39,10
ex2_1_6.bch,easy,smearsumrel,xtaylor,complete,1,314,0.7904680000000003,-39.03903903903903,-39,10
ex2_1_7.bch,blowup,largestfirst,both,timeout,0,118782,600.0039660000001,-5820.012453862151,-4060.4913099259934,600.0
ex2_1_7.bch,blowup,lsmear,both,complete,1,8,0.14744000000000004,-4154.564698352916,-4150.410133654564,600.0
ex2_1_7.bch,blowup,lsmear-box,both,complete,1,8,0.14730400000000007,-4154.564698352916,-4150.410133654564,600.0
ex2_1_7.bch,blowup,roundrobin,both,complete,1,42,0.4949140000000001,-4154.564698352916,-4150.410133654564,600.0
ex2_1_7.bch,blowup,smearmax,both,complete,1,8,0.16262500000000002,-4154.564698352918,-4150.4101336545655,600.0
ex2_1_7.bch,blowup,smearmaxrel,both,complete,1,18,0.2669230000000001,-4154.564698352919,-4150.410133654566,600.0
ex2_1_7.bch,blowup,smearsum,both,complete,1,8,0.162557,-4154.564698352918,-4150.4101336545655,600.0
ex2_1_7.bch,blowup,smearsumrel,both,complete,1,10,0.17188500000000007,-4154.564698352919,-4150.410133654566,600.0
ex2_1_7.bch,blowup,largestfirst,xtaylor,timeout,0,172046,600.0040340000003,-19917.291971827508,-3229.6439450992652,600.0
ex2_1_7.bch,blowup,lsmear,xtaylor,complete,1,2460,12.270939000000004,-4154.564698352921,-4150.410133654569,600.0
ex2_1_7.bch,blowup,lsmear-box,xtaylor,complete,1,2460,12.280979000000004,-4154.564698352921,-4150.410133654569,600.0
ex2_1_7.bch,blowup,roundrobin,xtaylor,complete,1,1300,6.958300000000002,-4154.564698352919,-4150.410133654566,10
ex2_1_7.bch,blowup,smearmax,xtaylor,complete,1,1306,7.348818000000002,-4154.564698352918,-4150.4101336545655,10
ex2_1_7.bch,blowup,smearmaxrel,xtaylor,complete,1,1538,8.276912000000003,-4154.564698352917,-4150.410133654565,10
ex2_1_7.bch,blowup,smearsum,xtaylor,complete,1,1146,6.617401000000002,-4154.564698352917,-4150.410133654565,10
ex2_1_7.bch,blowup,smearsumrel,xtaylor,complete,1,858,5.313923000000002,-4154.56469835292,-4150.410133654567,10
ex2_1_7__coconut.bch,coconutbenchmark-library2,largestfirst,both,timeout,0,116682,600.0054090000002,-5820.012453862135,-4012.7805511139436,600.0
ex2_1_7__coconut.bch,coconutbenchmark-library2,lsmear,both,complete,1,8,0.14967800000000006,-4154.564698352917,-4150.410133654565,600.0
ex2_1_7__coconut.bch,coconutbenchmark-library2,lsmear-box,both,complete,1,8,0.15061800000000003,-4154.564698352917,-4150.410133654565,600.0
ex2_1_7__coconut.bch,coconutbenchmark-library2,roundrobin,both,complete,1,42,0.5044120000000001,-4154.564698352913,-4150.410133654561,600.0
ex2_1_7__coconut.bch,coconutbenchmark-library2,smearmax,both,complete,1,8,0.16773700000000002,-4154.564698352918,-4150.4101336545655,600.0
ex2_1_7__coconut.bch,coconutbenchmark-library2,smearmaxrel,both,complete,1,18,0.2770710000000001,-4154.564698352918,-4150.4101336545655,600.0
ex2_1_7__coconut.bch,coconutbenchmark-library2,smearsum,both,complete,1,8,0.16901800000000008,-4154.564698352918,-4150.4101336545655,600.0
ex2_1_7__coconut.bch,coconutbenchmark-library2,smearsumrel,both,complete,1,10,0.18141200000000005,-4154.564698352919,-4150.410133654566,600.0
ex2_1_7__coconut.bch,coconutbenchmark-library2,largestfirst,xtaylor,timeout,0,171260,600.0028310000001,-19917.291971827508,-3229.6439450992652,600.0
ex2_1_7__coconut.bch,coconutbenchmark-library2,lsmear,xtaylor,complete,1,2460,12.448446000000002,-4154.564698352921,-4150.410133654569,600.0
ex2_1_7__coconut.bch,coconutbenchmark-library2,lsmear-box,xtaylor,complete,1,2460,12.409626000000005,-4154.564698352921,-4150.410133654569,600.0
ex2_1_7__coconut.bch,coconutbenchmark-library2,roundrobin,xtaylor,complete,1,1300,7.0958270000000025,-4154.564698352919,-4150.410133654566,10
ex2_1_7__coconut.bch,coconutbenchmark-library2,smearmax,xtaylor,complete,1,1306,7.369897000000002,-4154.564698352918,-4150.4101336545655,10
ex2_1_7__coconut.bch,coconutbenchmark-library2,smearmaxrel,xtaylor,complete,1,1538,8.386950000000004,-4154.564698352917,-4150.410133654565,10
ex2_1_7__coconut.bch,coconutbenchmark-library2,smearsum,xtaylor,complete,1,1146,6.7111040000000015,-4154.564698352917,-4150.410133654565,10
ex2_1_7__coconut.bch,coconutbenchmark-library2,smearsumrel,xtaylor,complete,1,858,5.3511570000000015,-4154.56469835292,-4150.410133654567,10
ex2_1_8.bch,medium,largestfirst,both,complete,1,4,0.06434700000000002,15623.376605070953,15638.999981676023,600.0
ex2_1_8.bch,medium,lsmear,both,complete,1,4,0.05199500000000001,15623.376609134879,15638.99998574401,600.0
ex2_1_8.bch,medium,lsmear-box,both,complete,1,4,0.051361000000000004,15623.376609134879,15638.99998574401,600.0
ex2_1_8.bch,medium,roundrobin,both,complete,1,4,0.06541400000000001,15623.376605070953,15638.999981676023,600.0
ex2_1_8.bch,medium,smearmax,both,complete,1,4,0.08664700000000003,15623.376609134883,15638.999985744016,600.0
ex2_1_8.bch,medium,smearmaxrel,both,complete,1,4,0.080237,15623.376609134883,15638.999985744016,600.0
ex2_1_8.bch,medium,smearsum,both,complete,1,4,0.085385,15623.376609134883,15638.999985744016,600.0
ex2_1_8.bch,medium,smearsumrel,both,complete,1,4,0.080576,15623.376609134883,15638.999985744016,600.0
ex2_1_8.bch,medium,largestfirst,xtaylor,timeout,0,164010,600.0023000000001,-14775.001827150465,15990.999982358013,600.0
ex2_1_8.bch,medium,lsmear,xtaylor,complete,1,1850,12.841309000000003,15623.376605070944,15638.999981676014,600.0
ex2_1_8.bch,medium,lsmear-box,xtaylor,complete,1,1850,12.696472000000004,15623.376605070944,15638.999981676014,600.0
ex2_1_8.bch,medium,roundrobin,xtaylor,complete,1,2592,23.003743000000007,15623.376607667347,15638.999984275015,600.0
ex2_1_8.bch,medium,smearmax,xtaylor,complete,1,1014,7.869295000000002,15623.376609134879,15638.99998574401,10
ex2_1_8.bch,medium,smearmaxrel,xtaylor,complete,1,418,4.0335040000000015,15623.376605070944,15638.999981676014,10
ex2_1_8.bch,medium,smearsum,xtaylor,complete,1,1066,8.211169000000003,15623.376609134879,15638.999985744013,10
ex2_1_8.bch,medium,smearsumrel,xtaylor,complete,1,382,3.7357210000000016,15623.376605070946,15638.999981676016,10
ex2_1_8__coconut.bch,coconutbenchmark-library2,largestfirst,both,complete,1,4,0.065184,15623.376605070947,15638.999981676017,600.0
ex2_1_8__coconut.bch,coconutbenchmark-library2,lsmear,both,complete,1,4,0.05157400000000001,15623.376609134888,15638.999985744022,600.0
ex2_1_8__coconut.bch,coconutbenchmark-library2,lsmear-box,both,complete,1,4,0.050981000000000026,15623.376609134888,15638.999985744022,600.0
ex2_1_8__coconut.bch,coconutbenchmark-library2,roundrobin,both,complete,1,4,0.06664100000000002,15623.376605070947,15638.999981676017,600.0
ex2_1_8__coconut.bch,coconutbenchmark-library2,smearmax,both,complete,1,4,0.08959500000000004,15623.376609134884,15638.999985744018,600.0
ex2_1_8__coconut.bch,coconutbenchmark-library2,smearmaxrel,both,complete,1,4,0.08539000000000004,15623.376609134884,15638.999985744018,600.0
ex2_1_8__coconut.bch,coconutbenchmark-library2,smearsum,both,complete,1,4,0.09024600000000002,15623.376609134884,15638.999985744018,600.0
ex2_1_8__coconut.bch,coconutbenchmark-library2,smearsumrel,both,complete,1,4,0.08476500000000005,15623.376609134884,15638.999985744018,600.0
ex2_1_8__coconut.bch,coconutbenchmark-library2,largestfirst,xtaylor,timeout,0,162808,600.0022990000002,-14666.941965150096,15990.999982358015,600.0
ex2_1_8__coconut.bch,coconutbenchmark-library2,lsmear,xtaylor,complete,1,1614,10.922727000000004,15623.37660507095,15638.99998167602,600.0
ex2_1_8__coconut.bch,coconutbenchmark-library2,lsmear-box,xtaylor,complete,1,1614,10.764292000000005,15623.37660507095,15638.99998167602,600.0
ex2_1_8__coconut.bch,coconutbenchmark-library2,roundrobin,xtaylor,complete,1,2566,22.247941000000008,15623.37660766737,15638.999984275035,600.0
ex2_1_8__coconut.bch,coconutbenchmark-library2,smearmax,xtaylor,complete,1,1094,8.000174000000003,15623.376609134884,15638.999985744018,10
ex2_1_8__coconut.bch,coconutbenchmark-library2,smearmaxrel,xtaylor,complete,1,404,4.102232000000001,15623.376605070962,15638.999981676032,10
ex2_1_8__coconut.bch,coconutbenchmark-library2,smearsum,xtaylor,complete,1,1064,8.204392000000004,15623.376609134884,15638.999985744018,10
ex2_1_8__coconut.bch,coconutbenchmark-library2,smearsumrel,xtaylor,complete,1,384,3.7171720000000006,15623.376609134886,15638.99998574402,10
ex2_1_9.bch,medium,largestfirst,both,timeout,0,533730,600.0000960000002,-2.1628884721979778,-0.32798355368851656,600.0
ex2_1_9.bch,medium,lsmear,both,complete,1,5008,10.425478000000004,-0.3753753821321321,-0.37500000675000006,600.0
ex2_1_9.bch,medium,lsmear-box,both,complete,1,5034,10.429615000000004,-0.3753753821321321,-0.37500000675000006,600.0
ex2_1_9.bch,medium,roundrobin,both,complete,1,4208,9.324238000000003,-0.37537256365294286,-0.37499719108928997,600.0
ex2_1_9.bch,medium,smearmax,both,complete,1,2688,6.962979000000002,-0.3753753821321321,-0.37500000675000006,600.0
ex2_1_9.bch,medium,smearmaxrel,both,complete,1,2716,7.087997000000001,-0.3753753821321321,-0.37500000675000006,600.0
ex2_1_9.bch,medium,smearsum,both,complete,1,2624,6.827546000000001,-0.3753753821321321,-0.37500000675000006,600.0
ex2_1_9.bch,medium,smearsumrel,both,complete,1,2624,6.794830000000002,-0.3753753821321321,-0.37500000675000006,600.0
ex2_1_9.bch,medium,largestfirst,xtaylor,timeout,0,585342,600.0001240000001,-2.1628884721979778,-0.32238062147522056,600.0
ex2_1_9.bch,medium,lsmear,xtaylor,complete,1,5010,9.374170000000003,-0.3753753821321321,-0.37500000675000006,10
ex2_1_9.bch,medium,lsmear-box,xtaylor,complete,1,4958,9.265307000000004,-0.3753753821321321,-0.37500000675000006,10
ex2_1_9.bch,medium,roundrobin,xtaylor,complete,1,4252,8.295186000000003,-0.37535230127205094,-0.37497694897077893,10
ex2_1_9.bch,medium,smearmax,xtaylor,complete,1,2664,6.2647090000000025,-0.3753753821321321,-0.37500000675000006,10
ex2_1_9.bch,medium,smearmaxrel,xtaylor,complete,1,2734,6.253352000000003,-0.3753753821321321,-0.37500000675000006,10
ex2_1_9.bch,medium,smearsum,xtaylor,complete,1,2590,6.146162000000001,-0.3753753821321321,-0.37500000675000006,10
ex2_1_9.bch,medium,smearsumrel,xtaylor,complete,1,2648,6.188941000000002,-0.3753753821321321,-0.37500000675000006,10
ex2_1_9bis.bch,blowup,largestfirst,both,timeout,0,553296,600.0004980000002,-6.500000000000001,-0.3578067652341302,600.0
ex2_1_9bis.bch,blowup,lsmear,both,complete,1,70584,121.64847600000004,-0.37537537462462456,-0.37499999925,600.0
ex2_1_9bis.bch,blowup,lsmear-box,both,complete,1,70236,122.72511000000002,-0.37537537462462456,-0.37499999925,600.0
ex2_1_9bis.bch,blowup,roundrobin,both,complete,1,63084,103.44486100000005,-0.37537537462462456,-0.37499999925,600.0
ex2_1_9bis.bch,blowup,smearmax,both,complete,1,58918,100.36682500000002,-0.37537537462462456,-0.37499999925,600.0
ex2_1_9bis.bch,blowup,smearmaxrel,both,complete,1,55628,96.56214200000002,-0.37537537462462456,-0.37499999925,600.0
ex2_1_9bis.bch,blowup,smearsum,both,complete,1,55182,96.15471100000002,-0.37537537462462456,-0.37499999925,600.0
ex2_1_9bis.bch,blowup,smearsumrel,both,complete,1,53696,94.33371100000002,-0.37537537462462456,-0.37499999925,600.0
ex2_1_9bis.bch,blowup,largestfirst,xtaylor,timeout,0,592838,600.0007260000001,-6.640625,-0.33333203642350023,600.0
ex2_1_9bis.bch,blowup,lsmear,xtaylor,complete,1,74966,114.23177800000003,-0.37537537462462456,-0.37499999925,600.0
ex2_1_9bis.bch,blowup,lsmear-box,xtaylor,complete,1,74750,115.39297700000004,-0.37537537462462456,-0.37499999925,600.0
ex2_1_9bis.bch,blowup,roundrobin,xtaylor,complete,1,68976,100.63896700000004,-0.37537537462462456,-0.37499999925,600.0
ex2_1_9bis.bch,blowup,smearmax,xtaylor,complete,1,64440,98.00709100000002,-0.37537537462462456,-0.37499999925,600.0
ex2_1_9bis.bch,blowup,smearmaxrel,xtaylor,complete,1,60048,91.22297300000004,-0.37537537462462456,-0.37499999925,600.0
ex2_1_9bis.bch,blowup,smearsum,xtaylor,complete,1,58822,90.68216700000002,-0.37537537462462456,-0.37499999925,600.0
ex2_1_9bis.bch,blowup,smearsumrel,xtaylor,complete,1,57674,90.57589800000002,-0.37537537462462456,-0.37499999925,600.0
ex2_1_9fact.bch,medium,largestfirst,both,timeout,0,548704,600.0023760000001,-2.162826247981677,-0.3272384675877767,600.0
ex2_1_9fact.bch,medium,lsmear,both,complete,1,5124,10.311979000000003,-0.3753753821321321,-0.37500000675000006,600.0
ex2_1_9fact.bch,medium,lsmear-box,both,complete,1,5092,10.412742000000003,-0.3753753821321321,-0.37500000675000006,600.0
ex2_1_9fact.bch,medium,roundrobin,both,complete,1,4254,9.264934000000004,-0.37537098652676043,-0.3749956155402337,600.0
ex2_1_9fact.bch,medium,smearmax,both,complete,1,2622,6.865723000000002,-0.3753753821321321,-0.37500000675000006,600.0
ex2_1_9fact.bch,medium,smearmaxrel,both,complete,1,2676,6.758956000000001,-0.3753753821321321,-0.37500000675000006,600.0
ex2_1_9fact.bch,medium,smearsum,both,complete,1,2604,6.601344000000001,-0.3753753821321321,-0.37500000675000006,600.0
ex2_1_9fact.bch,medium,smearsumrel,both,complete,1,2596,6.7153230000000015,-0.3753753821321321,-0.37500000675000006,600.0
ex2_1_9fact.bch,medium,largestfirst,xtaylor,timeout,0,591324,600.0014470000001,-2.1673924174278736,-0.3224390121854567,600.0
ex2_1_9fact.bch,medium,lsmear,xtaylor,complete,1,5186,9.394465000000002,-0.3753753821321321,-0.37500000675000006,10
ex2_1_9fact.bch,medium,lsmear-box,xtaylor,complete,1,5122,9.294228000000002,-0.3753753821321321,-0.37500000675000006,10
ex2_1_9fact.bch,medium,roundrobin,xtaylor,complete,1,4296,8.288793000000004,-0.3753750101707508,-0.3749996351605801,10
ex2_1_9fact.bch,medium,smearmax,xtaylor,complete,1,2652,6.036949000000002,-0.3753753821321321,-0.37500000675000006,10
ex2_1_9fact.bch,medium,smearmaxrel,xtaylor,complete,1,2672,6.119010000000001,-0.3753753821321321,-0.37500000675000006,10
ex2_1_9fact.bch,medium,smearsum,xtaylor,complete,1,2580,5.982475000000003,-0.3753753821321321,-0.37500000675000006,10
ex2_1_9fact.bch,medium,smearsumrel,xtaylor,complete,1,2604,5.926758000000002,-0.3753753821321321,-0.37500000675000006,10
ex3_1_1.bch,easy,largestfirst,both,timeout,0,184834,600.0030310000002,3763.2071048733146,7053.732099404285,600.0
ex3_1_1.bch,easy,lsmear,both,complete,1,94,0.2699810000000001,7046.807328526822,7053.8541358553475,600.0
ex3_1_1.bch,easy,lsmear-box,both,complete,1,92,0.2701640000000001,7044.7582011960185,7051.802959397213,600.0
ex3_1_1.bch,easy,roundrobin,both,complete,1,122,0.3882400000000001,7046.376659480522,7053.423036140001,600.0
ex3_1_1.bch,easy,smearmax,both,complete,1,104,0.3062650000000001,7044.460107529022,7051.50456763655,600.0
ex3_1_1.bch,easy,smearmaxrel,both,complete,1,228,0.7198540000000003,7046.862372095861,7053.909234467957,600.0
ex3_1_1.bch,easy,smearsum,both,complete,1,108,0.35570600000000013,7046.208542655946,7053.254751198601,600.0
ex3_1_1.bch,easy,smearsumrel,both,complete,1,104,0.3215780000000001,7046.006914735386,7053.052921650121,600.0
ex3_1_1.bch,easy,largestfirst,xtaylor,timeout,0,197124,600.0024600000003,3878.7838529293163,7054.309284818177,600.0
ex3_1_1.bch,easy,lsmear,xtaylor,complete,1,96,0.26855000000000007,7048.297095063242,7055.345392158304,10
ex3_1_1.bch,easy,lsmear-box,xtaylor,complete,1,96,0.2720320000000001,7048.297095063242,7055.345392158304,10
ex3_1_1.bch,easy,roundrobin,xtaylor,complete,1,108,0.3109210000000001,7043.6942694908175,7050.737963760307,10
ex3_1_1.bch,easy,smearmax,xtaylor,complete,1,104,0.27627700000000005,7043.347478348793,7050.39082582714,10
ex3_1_1.bch,easy,smearmaxrel,xtaylor,complete,1,204,0.6047980000000002,7047.675736474144,7054.723412210617,10
ex3_1_1.bch,easy,smearsum,xtaylor,complete,1,100,0.2753770000000001,7043.11608632135,7050.159202407671,10
ex3_1_1.bch,easy,smearsumrel,xtaylor,complete,1,104,0.3099310000000001,7044.903841563066,7051.9487454046275,10
ex3_1_2.bch,easy,largestfirst,both,complete,1,6,0.004897000000000002,-30665.785154671816,-30635.119369517146,600.0
ex3_1_2.bch,easy,lsmear,both,complete,1,4,0.0077300000000000025,-30696.215828372806,-30665.519612544434,600.0
ex3_1_2.bch,easy,lsmear-box,both,complete,1,4,0.007687000000000005,-30696.215828372806,-30665.519612544434,600.0
ex3_1_2.bch,easy,roundrobin,both,complete,1,6,0.006983000000000001,-30674.267727049362,-30665.538640777326,600.0
ex3_1_2.bch,easy,smearmax,both,complete,1,6,0.006738000000000004,-30670.920824486973,-30640.24990366249,600.0
ex3_1_2.bch,easy,smearmaxrel,both,complete,1,4,0.009213000000000004,-30696.215828372806,-30665.519612544434,600.0
ex3_1_2.bch,easy,smearsum,both,complete,1,6,0.006692,-30670.920824486973,-30640.24990366249,600.0
ex3_1_2.bch,easy,smearsumrel,both,complete,1,4,0.009253000000000003,-30696.215828372806,-30665.519612544434,600.0
ex3_1_2.bch,easy,largestfirst,xtaylor,complete,1,6,0.0063580000000000025,-30690.94844509459,-30660.257496649498,10
ex3_1_2.bch,easy,lsmear,xtaylor,complete,1,4,0.004489999999999999,-30692.886093480593,-30662.193207387114,10
ex3_1_2.bch,easy,lsmear-box,xtaylor,complete,1,4,0.004543999999999999,-30692.886093480593,-30662.193207387114,10
ex3_1_2.bch,easy,roundrobin,xtaylor,complete,1,6,0.006406,-30694.819844320446,-30664.12502447613,10
ex3_1_2.bch,easy,smearmax,xtaylor,complete,1,6,0.007487000000000004,-30683.713009055573,-30653.02929604652,10
ex3_1_2.bch,easy,smearmaxrel,xtaylor,complete,1,4,0.007805000000000003,-30695.656455212196,-30664.960798756987,10
ex3_1_2.bch,easy,smearsum,xtaylor,complete,1,6,0.0073950000000000005,-30683.713009055573,-30653.02929604652,10
ex3_1_2.bch,easy,smearsumrel,xtaylor,complete,1,4,0.007778000000000002,-30695.656455212196,-30664.960798756987,10
ex3_1_3.bch,easy,largestfirst,both,complete,1,4,0.0020359999999999996,-310.00376192832437,-309.9999998420001,600.0
ex3_1_3.bch,easy,lsmear,both,complete,1,4,0.0024720000000000002,-310.00376192832437,-309.9999998420001,600.0
ex3_1_3.bch,easy,lsmear-box,both,complete,1,4,0.002424999999999999,-310.00376192832437,-309.9999998420001,600.0
ex3_1_3.bch,easy,roundrobin,both,complete,1,4,0.002020000000000001,-310.00376192832437,-309.9999998420001,600.0
ex3_1_3.bch,easy,smearmax,both,complete,1,4,0.003188,-310.00376192832437,-309.9999998420001,600.0
ex3_1_3.bch,easy,smearmaxrel,both,complete,1,4,0.003188,-310.00376192832437,-309.9999998420001,600.0
ex3_1_3.bch,easy,smearsum,both,complete,1,4,0.0031670000000000014,-310.00376192832437,-309.9999998420001,600.0
ex3_1_3.bch,easy,smearsumrel,both,complete,1,4,0.0031929999999999997,-310.00376192832437,-309.9999998420001,600.0
ex3_1_3.bch,easy,largestfirst,xtaylor,complete,1,4,0.002208,-310.0070370196633,-309.9999998420001,10
ex3_1_3.bch,easy,lsmear,xtaylor,complete,1,4,0.002528,-310.0070370196633,-309.9999998420001,10
ex3_1_3.bch,easy,lsmear-box,xtaylor,complete,1,4,0.002739,-310.0070370196633,-309.9999998420001,10
ex3_1_3.bch,easy,roundrobin,xtaylor,complete,1,4,0.002156999999999999,-310.0070370196633,-309.9999998420001,10
ex3_1_3.bch,easy,smearmax,xtaylor,complete,1,4,0.0032970000000000013,-310.0070370196633,-309.9999998420001,10
ex3_1_3.bch,easy,smearmaxrel,xtaylor,complete,1,4,0.0033110000000000023,-310.0070370196633,-309.9999998420001,10
ex3_1_3.bch,easy,smearsum,xtaylor,complete,1,4,0.0033700000000000006,-310.0070370196633,-309.9999998420001,10
ex3_1_3.bch,easy,smearsumrel,xtaylor,complete,1,4,0.0032660000000000015,-310.0070370196633,-309.9999998420001,10
ex3_1_3bis.bch,easy,largestfirst,both,complete,1,4,0.002026,-310.00376192832437,-309.9999998420001,600.0
ex3_1_3bis.bch,easy,lsmear,both,complete,1,4,0.0024420000000000006,-310.00376192832437,-309.9999998420001,600.0
ex3_1_3bis.bch,easy,lsmear-box,both,complete,1,4,0.0024300000000000007,-310.00376192832437,-309.9999998420001,600.0
ex3_1_3bis.bch,easy,roundrobin,both,complete,1,4,0.0020370000000000024,-310.00376192832437,-309.9999998420001,600.0
ex3_1_3bis.bch,easy,smearmax,both,complete,1,4,0.0032150000000000026,-310.00376192832437,-309.9999998420001,600.0
ex3_1_3bis.bch,easy,smearmaxrel,both,complete,1,4,0.003206000000000003,-310.00376192832437,-309.9999998420001,600.0
ex3_1_3bis.bch,easy,smearsum,both,complete,1,4,0.0031940000000000007,-310.00376192832437,-309.9999998420001,600.0
ex3_1_3bis.bch,easy,smearsumrel,both,complete,1,4,0.0032260000000000006,-310.00376192832437,-309.9999998420001,600.0
ex3_1_3bis.bch,easy,largestfirst,xtaylor,complete,1,4,0.0022010000000000007,-310.0070370196633,-309.9999998420001,10
ex3_1_3bis.bch,easy,lsmear,xtaylor,complete,1,4,0.0027930000000000003,-310.0070370196633,-309.9999998420001,10
ex3_1_3bis.bch,easy,lsmear-box,xtaylor,complete,1,4,0.002569000000000001,-310.0070370196633,-309.9999998420001,10
ex3_1_3bis.bch,easy,roundrobin,xtaylor,complete,1,4,0.002145,-310.0070370196633,-309.9999998420001,10
ex3_1_3bis.bch,easy,smearmax,xtaylor,complete,1,4,0.003289000000000002,-310.0070370196633,-309.9999998420001,10
ex3_1_3bis.bch,easy,smearmaxrel,xtaylor,complete,1,4,0.003353000000000001,-310.0070370196633,-309.9999998420001,10
ex3_1_3bis.bch,easy,smearsum,xtaylor,complete,1,4,0.003268000000000002,-310.0070370196633,-309.9999998420001,10
ex3_1_3bis.bch,easy,smearsumrel,xtaylor,complete,1,4,0.0032650000000000014,-310.0070370196633,-309.9999998420001,10
ex3_1_4.bch,easy,largestfirst,both,complete,1,18,0.016602000000000006,-4.003382789481119,-3.999379406691639,600.0
ex3_1_4.bch,easy,lsmear,both,complete,1,20,0.018847000000000006,-4.004001433453319,-3.9999974320198666,600.0
ex3_1_4.bch,easy,lsmear-box,both,complete,1,20,0.018611000000000006,-4.004001433453319,-3.9999974320198666,600.0
ex3_1_4.bch,easy,roundrobin,both,complete,1,20,0.013363000000000003,-4.0040040035035025,-3.9999999995000004,600.0
ex3_1_4.bch,easy,smearmax,both,complete,1,22,0.021555000000000005,-4.0016116693211545,-3.9976100576518347,600.0
ex3_1_4.bch,easy,smearmaxrel,both,complete,1,22,0.019494000000000008,-4.003770928026522,-3.9997671570984963,600.0
ex3_1_4.bch,easy,smearsum,both,complete,1,22,0.021310000000000006,-4.0016116693211545,-3.9976100576518347,600.0
ex3_1_4.bch,easy,smearsumrel,both,complete,1,14,0.011393,-4.003800902560983,-3.999797101658423,600.0
ex3_1_4.bch,easy,largestfirst,xtaylor,complete,1,56,0.039229000000000014,-4.003353199600032,-3.999349846400433,10
ex3_1_4.bch,easy,lsmear,xtaylor,complete,1,18,0.01719100000000001,-4.0040040035035025,-3.9999999995000004,10
ex3_1_4.bch,easy,lsmear-box,xtaylor,complete,1,18,0.016606000000000006,-4.0040040035035025,-3.9999999995000004,10
ex3_1_4.bch,easy,roundrobin,xtaylor,complete,1,36,0.023746000000000007,-4.0040040035035025,-3.9999999995000004,10
ex3_1_4.bch,easy,smearmax,xtaylor,complete,1,18,0.0165,-4.0040040035035025,-3.9999999995000004,10
ex3_1_4.bch,easy,smearmaxrel,xtaylor,complete,1,28,0.022506000000000005,-4.001721176845698,-3.9977194556688533,10
ex3_1_4.bch,easy,smearsum,xtaylor,complete,1,18,0.015964000000000006,-4.0040040035035025,-3.9999999995000004,10
ex3_1_4.bch,easy,smearsumrel,xtaylor,complete,1,22,0.016468000000000003,-4.002718448474776,-3.9987157300263028,10
ex4_1_5.bch,easy,largestfirst,both,complete,1,170,0.09697700000000002,-6.954209067419837e-08,3.045790932580161e-08,600.0
ex4_1_5.bch,easy,lsmear,both,complete,1,94,0.05048200000000001,-8.475026499530303e-08,1.5249735004696956e-08,600.0
ex4_1_5.bch,easy,lsmear-box,both,complete,1,94,0.05024900000000001,-8.475026499530303e-08,1.5249735004696956e-08,600.0
ex4_1_5.bch,easy,roundrobin,both,complete,1,82,0.047640000000000016,-8.567073293254002e-08,1.4329267067459958e-08,600.0
ex4_1_5.bch,easy,smearmax,both,complete,1,146,0.07389600000000002,-3.497563178391074e-08,6.502436821608925e-08,600.0
ex4_1_5.bch,easy,smearmaxrel,both,complete,1,174,0.09509200000000002,-1.3879640968573803e-08,8.612035903142619e-08,600.0
ex4_1_5.bch,easy,smearsum,both,complete,1,146,0.07322000000000002,-3.497563178391074e-08,6.502436821608925e-08,600.0
ex4_1_5.bch,easy,smearsumrel,both,complete,1,94,0.04692900000000001,-8.475026499530303e-08,1.5249735004696956e-08,600.0
ex4_1_5.bch,easy,largestfirst,xtaylor,complete,1,218,0.10653900000000004,-9.36840875316757e-08,6.315912468324267e-09,10
ex4_1_5.bch,easy,lsmear,xtaylor,complete,1,196,0.08390800000000002,-9.482715701889698e-08,5.172842981102998e-09,10
ex4_1_5.bch,easy,lsmear-box,xtaylor,complete,1,196,0.08722600000000003,-9.482715701889698e-08,5.172842981102998e-09,10
ex4_1_5.bch,easy,roundrobin,xtaylor,complete,1,86,0.02488600000000001,-1.757524889575294e-08,8.242475110424705e-08,10
ex4_1_5.bch,easy,smearmax,xtaylor,complete,1,196,0.07868900000000002,-9.482715701889698e-08,5.172842981102998e-09,10
ex4_1_5.bch,easy,smearmaxrel,xtaylor,complete,1,144,0.05408900000000001,-4.0780382782268134e-08,5.9219617217731855e-08,10
ex4_1_5.bch,easy,smearsum,xtaylor,complete,1,196,0.07593700000000003,-9.482715701889698e-08,5.172842981102998e-09,10
ex4_1_5.bch,easy,smearsumrel,xtaylor,complete,1,196,0.07604800000000002,-9.482715701889698e-08,5.172842981102998e-09,10
ex4_1_8.bch,easy,largestfirst,both,complete,1,6,0.005334000000000002,-16.747259080605644,-16.73051182152504,600.0
ex4_1_8.bch,easy,lsmear,both,complete,1,6,0.007857000000000001,-16.747259080605644,-16.73051182152504,600.0
ex4_1_8.bch,easy,lsmear-box,both,complete,1,6,0.007242000000000001,-16.747259080605644,-16.73051182152504,600.0
ex4_1_8.bch,easy,roundrobin,both,complete,1,6,0.005494000000000003,-16.73975671773314,-16.725317864881763,600.0
ex4_1_8.bch,easy,smearmax,both,complete,1,6,0.006557000000000002,-16.745094266911288,-16.731584905551063,600.0
ex4_1_8.bch,easy,smearmaxrel,both,complete,1,6,0.005823000000000003,-16.747408229127178,-16.730660820898056,600.0
ex4_1_8.bch,easy,smearsum,both,complete,1,6,0.006137999999999999,-16.747408229127178,-16.730660820898056,600.0
ex4_1_8.bch,easy,smearsumrel,both,complete,1,6,0.006484000000000002,-16.747259080605644,-16.73051182152504,600.0
ex4_1_8.bch,easy,largestfirst,xtaylor,complete,1,2,0.0005570000000000002,-16.74524488327141,-16.728499638388143,10
ex4_1_8.bch,easy,lsmear,xtaylor,complete,1,2,0.0007560000000000002,-16.74524488327141,-16.728499638388143,10
ex4_1_8.bch,easy,lsmear-box,xtaylor,complete,1,2,0.0006640000000000001,-16.74524488327141,-16.728499638388143,10
ex4_1_8.bch,easy,roundrobin,xtaylor,complete,1,2,0.000497,-16.74524488327141,-16.728499638388143,10
ex4_1_8.bch,easy,smearmax,xtaylor,complete,1,2,0.0011459999999999999,-16.74524488327141,-16.728499638388143,10
ex4_1_8.bch,easy,smearmaxrel,xtaylor,complete,1,2,0.0007770000000000003,-16.74524488327141,-16.728499638388143,10
ex4_1_8.bch,easy,smearsum,xtaylor,complete,1,2,0.0007659999999999998,-16.74524488327141,-16.728499638388143,10
ex4_1_8.bch,easy,smearsumrel,xtaylor,complete,1,2,0.0008899999999999997,-16.74524488327141,-16.728499638388143,10
ex4_1_9.bch,easy,largestfirst,both,complete,1,24,0.012256000000000005,-5.510988872548887,-5.50801105864718,600.0
ex4_1_9.bch,easy,lsmear,both,complete,1,24,0.018549000000000006,-5.510988872548887,-5.50801105864718,600.0
ex4_1_9.bch,easy,lsmear-box,both,complete,1,24,0.016562000000000007,-5.510988872548887,-5.50801105864718,600.0
ex4_1_9.bch,easy,roundrobin,both,complete,1,72,0.025064000000000006,-5.51191545565565,-5.506403540199996,600.0
ex4_1_9.bch,easy,smearmax,both,complete,1,24,0.014838000000000004,-5.510988872548887,-5.50801105864718,600.0
ex4_1_9.bch,easy,smearmaxrel,both,complete,1,24,0.014830000000000001,-5.510988872548887,-5.508011058298421,600.0
ex4_1_9.bch,easy,smearsum,both,complete,1,24,0.015005000000000003,-5.510988872548887,-5.50801105864718,600.0
ex4_1_9.bch,easy,smearsumrel,both,complete,1,24,0.014917000000000003,-5.510988872548887,-5.508011058298421,600.0
ex4_1_9.bch,easy,largestfirst,xtaylor,complete,1,30,0.012318000000000003,-5.508140860967613,-5.502632720106646,10
ex4_1_9.bch,easy,lsmear,xtaylor,complete,1,30,0.014741000000000006,-5.508140860967613,-5.502632720106646,10
ex4_1_9.bch,easy,lsmear-box,xtaylor,complete,1,30,0.014606000000000004,-5.508140860967613,-5.502632720106646,10
ex4_1_9.bch,easy,roundrobin,xtaylor,complete,1,112,0.03892800000000001,-5.51339942148716,-5.507886022065673,10
ex4_1_9.bch,easy,smearmax,xtaylor,complete,1,30,0.012609000000000004,-5.508140860967613,-5.502632720106646,10
ex4_1_9.bch,easy,smearmaxrel,xtaylor,complete,1,30,0.012907000000000004,-5.508140860967613,-5.502632720106646,10
ex4_1_9.bch,easy,smearsum,xtaylor,complete,1,30,0.013127000000000003,-5.508140860967613,-5.502632720106646,10
ex4_1_9.bch,easy,smearsumrel,xtaylor,complete,1,30,0.012663000000000002,-5.508140860967613,-5.502632720106646,10
ex5_2_2_case1.bch,easy,largestfirst,both,complete,1,35898,137.88288200000002,-400.09448602159466,-399.6943915355731,600.0
ex5_2_2_case1.bch,easy,lsmear,both,complete,1,74,0.17258100000000007,-400.00000059466663,-399.8335768211615,600.0
ex5_2_2_case1.bch,easy,lsmear-box,both,complete,1,74,0.17231000000000005,-400.00000059466663,-399.8335768211615,600.0
ex5_2_2_case1.bch,easy,roundrobin,both,complete,1,96,0.2559100000000001,-400.23893098645357,-399.83869205546716,600.0
ex5_2_2_case1.bch,easy,smearmax,both,complete,1,84,0.20600400000000005,-400.0303861491962,-399.6303557630471,600.0
ex5_2_2_case1.bch,easy,smearmaxrel,both,complete,1,38,0.09164300000000002,-400.00000076518234,-399.6200701175295,600.0
ex5_2_2_case1.bch,easy,smearsum,both,complete,1,66,0.17209500000000005,-400.27940739370865,-399.879127986315,600.0
ex5_2_2_case1.bch,easy,smearsumrel,both,complete,1,6,0.026569000000000006,-400.40040088588535,-400.00000048499953,600.0
ex5_2_2_case1.bch,easy,largestfirst,xtaylor,complete,1,82466,274.3186670000001,-400.34558661846927,-399.94524103185086,600.0
ex5_2_2_case1.bch,easy,lsmear,xtaylor,complete,1,74,0.14368600000000004,-400.22771939662704,-399.82749167723046,10
ex5_2_2_case1.bch,easy,lsmear-box,xtaylor,complete,1,74,0.14306200000000008,-400.22771939662704,-399.82749167723046,10
ex5_2_2_case1.bch,easy,roundrobin,xtaylor,complete,1,92,0.21721600000000002,-400.20563903022145,-399.8054333911913,10
ex5_2_2_case1.bch,easy,smearmax,xtaylor,complete,1,74,0.16412900000000005,-400.3676885499547,-399.9673208614048,10
ex5_2_2_case1.bch,easy,smearmaxrel,xtaylor,complete,1,42,0.09007800000000003,-400.00000062704817,-399.7853442121011,10
ex5_2_2_case1.bch,easy,smearsum,xtaylor,complete,1,96,0.21379000000000004,-400.00000059002934,-399.80826676149684,10
ex5_2_2_case1.bch,easy,smearsumrel,xtaylor,complete,1,14,0.03638700000000002,-400.4004008858848,-400.00000048499896,10
ex5_2_2_case2.bch,easy,largestfirst,both,timeout,0,312880,600.0002890000002,-2661.8885996957524,-468.4406013388075,600.0
ex5_2_2_case2.bch,easy,lsmear,both,complete,1,42,0.11297200000000004,-600.136095272555,-599.5359591772826,600.0
ex5_2_2_case2.bch,easy,lsmear-box,both,complete,1,42,0.11418800000000003,-600.136095272555,-599.5359591772826,600.0
ex5_2_2_case2.bch,easy,roundrobin,both,complete,1,98,0.3003170000000001,-600.4027749231196,-599.8023721481966,600.0
ex5_2_2_case2.bch,easy,smearmax,both,complete,1,102,0.2859300000000001,-600.0000007191087,-599.7560772583347,600.0
ex5_2_2_case2.bch,easy,smearmaxrel,both,complete,1,54,0.15396200000000007,-600.0010832977053,-599.4010822144078,600.0
ex5_2_2_case2.bch,easy,smearsum,both,complete,1,44,0.11555700000000003,-600.0000007069651,-599.4587091780251,600.0
ex5_2_2_case2.bch,easy,smearsumrel,both,complete,1,18,0.07203300000000003,-600.0000007799573,-599.7797627501604,600.0
ex5_2_2_case2.bch,easy,largestfirst,xtaylor,timeout,0,373472,600.0022320000002,-2683.498764338088,-449.5693080868598,600.0
ex5_2_2_case2.bch,easy,lsmear,xtaylor,complete,1,36,0.09160200000000004,-600.2290367937572,-599.6288077569636,10
ex5_2_2_case2.bch,easy,lsmear-box,xtaylor,complete,1,36,0.09228900000000002,-600.2290367937572,-599.6288077569636,10
ex5_2_2_case2.bch,easy,roundrobin,xtaylor,complete,1,122,0.28767300000000007,-600.3369985768461,-599.7366615782694,10
ex5_2_2_case2.bch,easy,smearmax,xtaylor,complete,1,80,0.20616000000000007,-600.0000007399611,-599.6794241985126,10
ex5_2_2_case2.bch,easy,smearmaxrel,xtaylor,complete,1,34,0.08433900000000003,-600.2977640765048,-599.6974663124284,10
ex5_2_2_case2.bch,easy,smearsum,xtaylor,complete,1,30,0.07322200000000002,-600.0000008273219,-599.5265065027463,10
ex5_2_2_case2.bch,easy,smearsumrel,xtaylor,complete,1,18,0.058470000000000015,-600.0000007128251,-599.7986822034882,10
ex5_2_2_case3.bch,medium,largestfirst,affine,timeout,0,29236,60.00117500000002,-1726.7125003835217,-671.875000190067,60.0
ex5_2_2_case3.bch,medium,lsmear,affine,complete,1,20,0.04356100000000001,-750.7507508872286,-750.0000001363414,60.0
ex5_2_2_case3.bch,medium,lsmear-box,affine,complete,1,20,0.04365100000000001,-750.7507508872286,-750.0000001363414,60.0
ex5_2_2_case3.bch,medium,roundrobin,affine,complete,1,66,0.14850700000000006,-750.7507511480339,-750.000000396886,60.0
ex5_2_2_case3.bch,medium,smearmax,affine,complete,1,26,0.07307600000000002,-750.7507508051132,-750.0000000543082,60.0
ex5_2_2_case3.bch,medium,smearmaxrel,affine,complete,1,22,0.051912000000000014,-750.7507511263528,-750.0000003752266,60.0
ex5_2_2_case3.bch,medium,smearsum,affine,complete,1,28,0.07131800000000003,-750.7507509521607,-750.0000002012086,60.0
ex5_2_2_case3.bch,medium,smearsumrel,affine,complete,1,10,0.03535700000000001,-750.750751008967,-750.0000002579582,60.0
ex5_2_2_case3.bch,medium,largestfirst,both,complete,1,82,0.3782180000000001,-750.7507511526528,-750.0000004015003,600.0
ex5_2_2_case3.bch,medium,lsmear,both,complete,1,24,0.054515000000000015,-750.7507511422091,-750.000000391067,600.0
ex5_2_2_case3.bch,medium,lsmear-box,both,complete,1,24,0.054253000000000016,-750.7507511422091,-750.000000391067,600.0
ex5_2_2_case3.bch,medium,roundrobin,both,complete,1,28,0.08999700000000002,-750.750751151438,-750.0000004002866,600.0
ex5_2_2_case3.bch,medium,smearmax,both,complete,1,32,0.08661500000000003,-750.2205234229093,-750.0000004040578,600.0
ex5_2_2_case3.bch,medium,smearmaxrel,both,complete,1,32,0.07446700000000005,-750.0000004595705,-750.0000004042554,600.0
ex5_2_2_case3.bch,medium,smearsum,both,complete,1,48,0.11828000000000007,-750.7507511570738,-750.0000004059168,600.0
ex5_2_2_case3.bch,medium,smearsumrel,both,complete,1,20,0.07371500000000003,-750.0000004564115,-750.0000004051669,600.0
ex5_2_2_case3.bch,medium,largestfirst,xtaylor,complete,1,50,0.21518500000000004,-750.7507511526995,-750.0000004015469,10
ex5_2_2_case3.bch,medium,lsmear,xtaylor,complete,1,22,0.04274600000000002,-750.7507511272596,-750.0000003761324,10
ex5_2_2_case3.bch,medium,lsmear-box,xtaylor,complete,1,22,0.042640000000000004,-750.7507511272596,-750.0000003761324,10
ex5_2_2_case3.bch,medium,roundrobin,xtaylor,complete,1,42,0.11357500000000004,-750.0000026876593,-750.0000004018505,10
ex5_2_2_case3.bch,medium,smearmax,xtaylor,complete,1,80,0.18300900000000003,-750.0000004550028,-749.8559937249934,10
ex5_2_2_case3.bch,medium,smearmaxrel,xtaylor,complete,1,20,0.040623000000000006,-750.7507511114295,-750.0000003603182,10
ex5_2_2_case3.bch,medium,smearsum,xtaylor,complete,1,42,0.08555000000000001,-750.7507511528684,-750.0000004017156,10
ex5_2_2_case3.bch,medium,smearsumrel,xtaylor,complete,1,8,0.025402000000000015,-750.7507511243203,-750.0000003731961,10
ex5_2_4.bch,easy,largestfirst,both,timeout,0,334946,600.0019760000002,-1226.0751410702442,-444.22172656090333,600.0
ex5_2_4.bch,easy,lsmear,both,complete,1,50,0.12330000000000003,-450.4504693588587,-450.00001888949987,600.0
ex5_2_4.bch,easy,lsmear-box,both,complete,1,50,0.12260300000000005,-450.4504693588587,-450.00001888949987,600.0
ex5_2_4.bch,easy,roundrobin,both,complete,1,52,0.13914300000000007,-450.43803555614784,-449.98759752059175,600.0
ex5_2_4.bch,easy,smearmax,both,complete,1,26,0.08984100000000003,-450.4504693558554,-450.00001888649956,600.0
ex5_2_4.bch,easy,smearmaxrel,both,complete,1,36,0.10705900000000003,-450.4504693588587,-450.00001888949987,600.0
ex5_2_4.bch,easy,smearsum,both,complete,1,24,0.08808900000000003,-450.4504693588587,-450.00001888949987,600.0
ex5_2_4.bch,easy,smearsumrel,both,complete,1,38,0.11680600000000005,-450.21960796789995,-449.76938835993207,600.0
ex5_2_4.bch,easy,largestfirst,xtaylor,timeout,0,333518,600.0018510000002,-1059.7727735665912,-448.35846098721584,600.0
ex5_2_4.bch,easy,lsmear,xtaylor,complete,1,50,0.10972400000000003,-450.4504693588587,-450.00001888949987,10
ex5_2_4.bch,easy,lsmear-box,xtaylor,complete,1,50,0.10801300000000003,-450.4504693588587,-450.00001888949987,10
ex5_2_4.bch,easy,roundrobin,xtaylor,complete,1,56,0.12494900000000002,-450.43803555614784,-449.98759752059175,10
ex5_2_4.bch,easy,smearmax,xtaylor,complete,1,28,0.07892600000000002,-450.4504693558554,-450.00001888649956,10
ex5_2_4.bch,easy,smearmaxrel,xtaylor,complete,1,36,0.09302300000000002,-450.4504693588587,-450.00001888949987,10
ex5_2_4.bch,easy,smearsum,xtaylor,complete,1,24,0.07916400000000004,-450.4504693588587,-450.00001888949987,10
ex5_2_4.bch,easy,smearsumrel,xtaylor,complete,1,42,0.12030900000000003,-450.43875507511405,-449.98831632003896,10
ex5_2_5.bch,unsolved,largestfirst,both,timeout,0,72912,600.0060650000003,-30855.00000000001,-3363.0445480708936,600.0
ex5_2_5.bch,unsolved,lsmear,both,timeout,0,58570,600.0091750000001,-12472.499949375,-3180.0000532977406,600.0
ex5_2_5.bch,unsolved,lsmear-box,both,timeout,0,59072,600.0007460000003,-12472.499949375,-3250.0000628561143,600.0
ex5_2_5.bch,unsolved,roundrobin,both,timeout,0,53128,600.0267300000002,-15445.510265979607,-3131.250085650705,600.0
ex5_2_5.bch,unsolved,smearmax,both,timeout,0,54238,600.0017060000002,-11617.241531956022,-3391.025537374153,600.0
ex5_2_5.bch,unsolved,smearmaxrel,both,timeout,0,46320,600.0143570000002,-22335.04213333454,-3171.074296928837,600.0
ex5_2_5.bch,unsolved,smearsum,both,timeout,0,50974,600.0168530000001,-12194.732337227393,-3307.9593002469123,600.0
ex5_2_5.bch,unsolved,smearsumrel,both,timeout,0,40148,600.1612600000002,-15757.179416195377,-3360.560616779928,600.0
ex5_2_5.bch,unsolved,largestfirst,xtaylor,timeout,0,93172,600.0039580000002,-30855.00000000001,-3414.107451931109,600.0
ex5_2_5.bch,unsolved,lsmear,xtaylor,timeout,0,69950,600.0114260000003,-12472.499949375,-3214.1976079487654,600.0
ex5_2_5.bch,unsolved,lsmear-box,xtaylor,timeout,0,70396,600.0039390000002,-12472.499949375,-3212.5001092599973,600.0
ex5_2_5.bch,unsolved,roundrobin,xtaylor,timeout,0,65158,600.0117330000003,-15166.666666666673,-3243.139263719793,600.0
ex5_2_5.bch,unsolved,smearmax,xtaylor,timeout,0,64940,600.0150130000002,-10976.13646307646,-3157.1429577410227,600.0
ex5_2_5.bch,unsolved,smearmaxrel,xtaylor,timeout,0,56566,600.0002560000001,-22646.478138456005,-3187.500071808998,600.0
ex5_2_5.bch,unsolved,smearsum,xtaylor,timeout,0,60034,600.0085940000002,-11875.738695352873,-3250.0000872356627,600.0
ex5_2_5.bch,unsolved,smearsumrel,xtaylor,timeout,0,49394,600.0185730000002,-15358.638348583974,-3377.6455441574867,600.0
ex5_3_2.bch,medium,largestfirst,both,complete,1,10620,43.38440300000001,1.864159448619041,1.864159452171549,600.0
ex5_3_2.bch,medium,lsmear,both,complete,1,52,0.7069530000000002,1.8641594496785754,1.8641594572042124,600.0
ex5_3_2.bch,medium,lsmear-box,both,complete,1,52,0.7085180000000002,1.8641594496785754,1.8641594572042124,600.0
ex5_3_2.bch,medium,roundrobin,both,complete,1,186,2.367728000000001,1.8622971551491894,1.8641594523043383,600.0
ex5_3_2.bch,medium,smearmax,both,complete,1,42,0.5266840000000003,1.8622971552534284,1.8641594524086817,600.0
ex5_3_2.bch,medium,smearmaxrel,both,complete,1,62,0.6014650000000001,1.8622971618817075,1.864159459043589,600.0
ex5_3_2.bch,medium,smearsum,both,complete,1,40,0.5060480000000003,1.8622971552341574,1.8641594523893914,600.0
ex5_3_2.bch,medium,smearsumrel,both,complete,1,46,0.5126590000000001,1.862297160578473,1.8641594577390512,600.0
ex5_3_2.bch,medium,largestfirst,xtaylor,timeout,0,113324,600.0104110000002,1.6305484040426275,inf,600.0
ex5_3_2.bch,medium,lsmear,xtaylor,complete,1,54,0.6338390000000003,1.8641594508499941,1.8641594575944034,10
ex5_3_2.bch,medium,lsmear-box,xtaylor,complete,1,54,0.6416230000000002,1.8641594508499941,1.8641594575944034,10
ex5_3_2.bch,medium,roundrobin,xtaylor,complete,1,168,1.8877000000000004,1.8622971551568464,1.864159452312003,10
ex5_3_2.bch,medium,smearmax,xtaylor,complete,1,134,1.3208820000000003,1.8641594501520473,1.864159452455971,10
ex5_3_2.bch,medium,smearmaxrel,xtaylor,complete,1,54,0.5071140000000001,1.862297181886571,1.8641594790684575,10
ex5_3_2.bch,medium,smearsum,xtaylor,complete,1,68,0.6887710000000001,1.8641594510091388,1.8641594521536726,10
ex5_3_2.bch,medium,smearsumrel,xtaylor,complete,1,72,0.6969110000000001,1.8641594506986268,1.8650173200934572,10
ex5_3_3.bch,unsolved,largestfirst,both,timeout,0,12002,600.0698350000001,1.631317999999999,inf,600.0
ex5_3_3.bch,unsolved,lsmear,both,timeout,0,13652,600.0844120000002,2.6362253980564643,inf,600.0
ex5_3_3.bch,unsolved,lsmear-box,both,timeout,0,13506,600.0523200000001,2.6324866589594884,inf,600.0
ex5_3_3.bch,unsolved,roundrobin,both,timeout,0,12424,600.0369530000003,1.6686620432711328,inf,600.0
ex5_3_3.bch,unsolved,smearmax,both,timeout,0,12424,600.1714060000002,2.015556686573269,inf,600.0
ex5_3_3.bch,unsolved,smearmaxrel,both,timeout,0,11586,600.1579540000002,1.631317999999999,inf,600.0
ex5_3_3.bch,unsolved,smearsum,both,timeout,0,14352,600.0592490000001,2.3401713944352536,inf,600.0
ex5_3_3.bch,unsolved,smearsumrel,both,timeout,0,14036,600.0063070000003,2.644563238620393,inf,600.0
ex5_3_3.bch,unsolved,largestfirst,xtaylor,timeout,0,18156,600.1414380000003,1.631317999999999,inf,600.0
ex5_3_3.bch,unsolved,lsmear,xtaylor,timeout,0,17642,600.0383160000002,2.6838105519957813,inf,600.0
ex5_3_3.bch,unsolved,lsmear-box,xtaylor,timeout,0,17624,600.0287940000002,2.6869566275057366,inf,600.0
ex5_3_3.bch,unsolved,roundrobin,xtaylor,timeout,0,15460,600.0469000000003,1.6687108248187816,inf,600.0
ex5_3_3.bch,unsolved,smearmax,xtaylor,timeout,0,14284,600.0907730000002,2.0440603155424126,inf,600.0
ex5_3_3.bch,unsolved,smearmaxrel,xtaylor,timeout,0,16094,600.0255070000002,1.631317999999999,inf,600.0
ex5_3_3.bch,unsolved,smearsum,xtaylor,timeout,0,17974,600.0051620000003,2.3885755969541886,inf,600.0
ex5_3_3.bch,unsolved,smearsumrel,xtaylor,timeout,0,17860,600.0328360000002,2.680926443741168,inf,600.0
ex5_4_2.bch,easy,largestfirst,affine,timeout,0,35514,60.00026400000002,2718.7511801722353,7579.136210253961,60.0
ex5_4_2.bch,easy,lsmear,affine,complete,1,64,0.10601800000000002,7506.679052657742,7512.756770987788,60.0
ex5_4_2.bch,easy,lsmear-box,affine,complete,1,64,0.10574100000000003,7506.679052657742,7512.756770987788,60.0
ex5_4_2.bch,easy,roundrobin,affine,complete,1,68,0.11699900000000002,7505.445396651802,7512.9508420484535,60.0
ex5_4_2.bch,easy,smearmax,affine,complete,1,94,0.16008200000000006,7507.098102933266,7514.605201036198,60.0
ex5_4_2.bch,easy,smearmaxrel,affine,complete,1,58,0.10141700000000003,7508.918386421648,7516.4273048080695,60.0
ex5_4_2.bch,easy,smearsum,affine,complete,1,76,0.12890200000000004,7508.782996314376,7516.29177931069,60.0
ex5_4_2.bch,easy,smearsumrel,affine,complete,1,66,0.11545800000000002,7506.204372970665,7513.710577343634,60.0
ex5_4_2.bch,easy,largestfirst,both,complete,1,2196,6.205220000000002,7506.566971904534,7514.073538876437,600.0
ex5_4_2.bch,easy,lsmear,both,complete,1,28,0.059483000000000015,7510.91458835053,7518.42550293888,600.0
ex5_4_2.bch,easy,lsmear-box,both,complete,1,28,0.059698000000000015,7510.91458835053,7518.42550293888,600.0
ex5_4_2.bch,easy,roundrobin,both,complete,1,42,0.09757300000000002,7506.651181203045,7514.157832384247,600.0
ex5_4_2.bch,easy,smearmax,both,complete,1,38,0.08048300000000003,7504.862377755966,7512.367240133721,600.0
ex5_4_2.bch,easy,smearmaxrel,both,complete,1,62,0.13049700000000006,7510.664348632597,7518.175012981228,600.0
ex5_4_2.bch,easy,smearsum,both,complete,1,52,0.11152900000000004,7505.72227648035,7513.22799875683,600.0
ex5_4_2.bch,easy,smearsumrel,both,complete,1,38,0.07441200000000002,7508.106969781862,7515.615076751643,600.0
ex5_4_2.bch,easy,largestfirst,xtaylor,complete,1,1754,4.451278000000002,7506.559190558769,7514.065749749327,10
ex5_4_2.bch,easy,lsmear,xtaylor,complete,1,34,0.06738200000000003,7510.250722770097,7517.7609734928665,10
ex5_4_2.bch,easy,lsmear-box,xtaylor,complete,1,34,0.06788200000000004,7510.250722770097,7517.7609734928665,10
ex5_4_2.bch,easy,roundrobin,xtaylor,complete,1,30,0.05451300000000001,7508.066425513745,7515.574491939258,10
ex5_4_2.bch,easy,smearmax,xtaylor,complete,1,32,0.05376700000000001,7508.799800181,7516.30859998118,10
ex5_4_2.bch,easy,smearmaxrel,xtaylor,complete,1,48,0.11230800000000002,7506.388475766177,7513.894864241943,10
ex5_4_2.bch,easy,smearsum,xtaylor,complete,1,56,0.11070200000000004,7506.503346817185,7514.009850164001,10
ex5_4_2.bch,easy,smearsumrel,xtaylor,complete,1,50,0.10141400000000005,7504.8513052179,7512.356156523117,10
ex5_4_2bis.bch,easy,largestfirst,both,complete,1,48,0.09334800000000001,7510.04836112433,7517.558409485453,600.0
ex5_4_2bis.bch,easy,lsmear,both,complete,1,32,0.05562200000000001,7508.7326925239595,7516.241425216483,600.0
ex5_4_2bis.bch,easy,lsmear-box,both,complete,1,32,0.05576900000000001,7508.7326925239595,7516.241425216483,600.0
ex5_4_2bis.bch,easy,roundrobin,both,complete,1,32,0.05341700000000001,7505.146668197228,7512.651814865424,600.0
ex5_4_2bis.bch,easy,smearmax,both,complete,1,30,0.05397100000000002,7506.090235102296,7513.5963253373975,600.0
ex5_4_2bis.bch,easy,smearmaxrel,both,complete,1,20,0.041644000000000014,7505.306839251554,7512.812146090805,600.0
ex5_4_2bis.bch,easy,smearsum,both,complete,1,34,0.058060000000000014,7504.953322309146,7512.458275631454,600.0
ex5_4_2bis.bch,easy,smearsumrel,both,complete,1,20,0.039591000000000015,7505.572383450794,7513.077955834245,600.0
ex5_4_2bis.bch,easy,largestfirst,xtaylor,complete,1,46,0.08068400000000003,7508.222350422435,7515.730572772856,10
ex5_4_2bis.bch,easy,lsmear,xtaylor,complete,1,34,0.06377400000000001,7511.197590599635,7518.708788190234,10
ex5_4_2bis.bch,easy,lsmear-box,xtaylor,complete,1,34,0.06457400000000002,7511.197590599635,7518.708788190234,10
ex5_4_2bis.bch,easy,roundrobin,xtaylor,complete,1,36,0.06427100000000002,7512.0801612531795,7519.592241414432,10
ex5_4_2bis.bch,easy,smearmax,xtaylor,complete,1,52,0.08978000000000001,7509.853278853134,7517.363132131986,10
ex5_4_2bis.bch,easy,smearmaxrel,xtaylor,complete,1,30,0.05010300000000001,7508.143847359757,7515.651991207116,10
ex5_4_2bis.bch,easy,smearsum,xtaylor,complete,1,44,0.08714800000000002,7505.232356941605,7512.737589298546,10
ex5_4_2bis.bch,easy,smearsumrel,xtaylor,complete,1,28,0.05064200000000001,7505.041450407729,7512.546491858136,10
ex5_4_3.bch,easy,largestfirst,both,timeout,0,91230,600.0029120000003,3841.4692143468433,5937.4373465037515,600.0
ex5_4_3.bch,easy,lsmear,both,complete,1,26,0.2816760000000001,4845.461986667863,4846.511772831359,600.0
ex5_4_3.bch,easy,lsmear-box,both,complete,1,38,0.3668970000000001,4845.461986753852,4846.592182825252,600.0
ex5_4_3.bch,easy,roundrobin,both,complete,1,76,0.4926040000000001,4845.461986440549,4846.186722132552,600.0
ex5_4_3.bch,easy,smearmax,both,complete,1,44,0.40381500000000004,4840.621376572191,4845.4619979487625,600.0
ex5_4_3.bch,easy,smearmaxrel,both,complete,1,38,0.2626000000000001,4840.621367212936,4845.461988580148,600.0
ex5_4_3.bch,easy,smearsum,both,complete,1,52,0.44597000000000003,4842.64223473745,4847.484876972187,600.0
ex5_4_3.bch,easy,smearsumrel,both,complete,1,30,0.32233400000000006,4840.621371019587,4845.461992390606,600.0
ex5_4_3.bch,easy,largestfirst,xtaylor,complete,1,8906,39.75612400000002,4840.621382759436,4845.462004142194,600.0
ex5_4_3.bch,easy,lsmear,xtaylor,complete,1,6,0.04970600000000001,4840.621382436239,4845.462003818675,10
ex5_4_3.bch,easy,lsmear-box,xtaylor,complete,1,6,0.04938300000000002,4840.621382436239,4845.462003818675,10
ex5_4_3.bch,easy,roundrobin,xtaylor,complete,1,46,0.26545200000000013,4840.621367284156,4845.461988651439,10
ex5_4_3.bch,easy,smearmax,xtaylor,complete,1,26,0.17979700000000004,4842.000051719905,4846.842051771624,10
ex5_4_3.bch,easy,smearmaxrel,xtaylor,complete,1,24,0.13335800000000006,4840.621369643688,4845.461991013331,10
ex5_4_3.bch,easy,smearsum,xtaylor,complete,1,28,0.18084500000000003,4841.651021715245,4846.492672736959,10
ex5_4_3.bch,easy,smearsumrel,xtaylor,complete,1,6,0.047982000000000004,4840.621382436239,4845.462003818675,10
ex5_4_4.bch,hard,largestfirst,both,timeout,0,65926,600.0201870000002,4101.460993736822,11639.05508337732,600.0
ex5_4_4.bch,hard,lsmear,both,complete,1,4572,87.86113900000004,10073.436533864146,10083.509970398009,600.0
ex5_4_4.bch,hard,lsmear-box,both,complete,1,5412,103.03040700000004,10067.788476437741,10077.856264914177,600.0
ex5_4_4.bch,hard,roundrobin,both,complete,1,22726,364.07799900000015,10073.304331404399,10083.3776357358,600.0
ex5_4_4.bch,hard,smearmax,both,complete,1,5724,98.33276000000004,10070.392137513038,10080.46252965055,600.0
ex5_4_4.bch,hard,smearmaxrel,both,timeout,0,57830,600.0139950000001,5310.414187801892,inf,600.0
ex5_4_4.bch,hard,smearsum,both,complete,1,4632,82.34196400000003,10077.775202800769,10077.946829906232,600.0
ex5_4_4.bch,hard,smearsumrel,both,complete,1,6228,119.39378500000004,10069.894188497141,10079.964082685636,600.0
ex5_4_4.bch,hard,largestfirst,xtaylor,timeout,0,79082,600.0194900000002,4030.613418638041,11647.298220682344,600.0
ex5_4_4.bch,hard,lsmear,xtaylor,complete,1,6774,103.08534600000003,10068.324843284992,10078.393168128276,600.0
ex5_4_4.bch,hard,lsmear-box,xtaylor,complete,1,6984,106.49463600000003,10071.454276112603,10081.525730388714,600.0
ex5_4_4.bch,hard,roundrobin,xtaylor,complete,1,27402,360.7080620000001,10070.029446135,10080.099475581133,600.0
ex5_4_4.bch,hard,smearmax,xtaylor,complete,1,8418,118.95111800000001,10067.993620129235,10078.061613749362,600.0
ex5_4_4.bch,hard,smearmaxrel,xtaylor,timeout,0,72052,600.0121570000002,5903.682179233077,inf,600.0
ex5_4_4.bch,hard,smearsum,xtaylor,complete,1,5780,85.84654300000003,10069.888780429914,10079.958669210342,600.0
ex5_4_4.bch,hard,smearsumrel,xtaylor,complete,1,7820,120.85155500000003,10074.028467933842,10084.102496401774,600.0
ex6_1_1.bch,blowup,largestfirst,both,timeout,0,278542,600.0024180000001,-3.253384276752152,-0.017577568180348557,600.0
ex6_1_1.bch,blowup,lsmear,both,complete,1,2594,8.051359000000001,-0.0202184062226922,-0.02019818781646951,600.0
ex6_1_1.bch,blowup,lsmear-box,both,complete,1,2574,7.980463000000002,-0.020218408804766642,-0.02019819039596188,600.0
ex6_1_1.bch,blowup,roundrobin,both,complete,1,4686,12.188056000000005,-0.020216424970754526,-0.020196208545783776,600.0
ex6_1_1.bch,blowup,smearmax,both,complete,1,2620,7.835282000000002,-0.020213164759944842,-0.020192951595184902,600.0
ex6_1_1.bch,blowup,smearmaxrel,both,complete,1,5202,13.593749000000003,-0.020218299541227204,-0.02019808124168598,600.0
ex6_1_1.bch,blowup,smearsum,both,complete,1,2630,8.123857000000001,-0.02021794570642927,-0.020197727760722844,600.0
ex6_1_1.bch,blowup,smearsumrel,both,complete,1,2550,7.749526000000002,-0.0202184247772798,-0.020198206352502523,600.0
ex6_1_1.bch,blowup,largestfirst,xtaylor,timeout,0,317796,600.0103850000002,-3.253535104205321,-0.01757756817496535,600.0
ex6_1_1.bch,blowup,lsmear,xtaylor,complete,1,6524,19.99336200000001,-0.02021793509723265,-0.02019771716213542,600.0
ex6_1_1.bch,blowup,lsmear-box,xtaylor,complete,1,6526,19.22149200000001,-0.020216633996623237,-0.020196417362626617,600.0
ex6_1_1.bch,blowup,roundrobin,xtaylor,complete,1,8464,22.665503000000008,-0.020217566531214842,-0.020197348964683632,600.0
ex6_1_1.bch,blowup,smearmax,xtaylor,complete,1,5902,18.355884000000003,-0.020218442273501627,-0.02019822383122813,600.0
ex6_1_1.bch,blowup,smearmaxrel,xtaylor,complete,1,20820,50.52009000000002,-0.020218514527819576,-0.02019829601329176,600.0
ex6_1_1.bch,blowup,smearsum,xtaylor,complete,1,5712,18.304191000000003,-0.020218158559287845,-0.02019794040072856,600.0
ex6_1_1.bch,blowup,smearsumrel,xtaylor,complete,1,6150,17.927544000000005,-0.02021841510603675,-0.020198196690930717,600.0
ex6_1_2.bch,easy,largestfirst,both,complete,1,26,0.03280000000000001,-0.03248763300707829,-0.03245514537407122,600.0
ex6_1_2.bch,easy,lsmear,both,complete,1,26,0.04095900000000001,-0.03248763300707829,-0.03245514537407122,600.0
ex6_1_2.bch,easy,lsmear-box,both,complete,1,26,0.034678000000000014,-0.03248763300707829,-0.03245514537407122,600.0
ex6_1_2.bch,easy,roundrobin,both,complete,1,24,0.028842000000000007,-0.032496231958367136,-0.032463735726408774,600.0
ex6_1_2.bch,easy,smearmax,both,complete,1,26,0.034810000000000015,-0.03248763300707829,-0.03245514537407122,600.0
ex6_1_2.bch,easy,smearmaxrel,both,complete,1,52,0.07180700000000002,-0.03246578826593293,-0.032433322477667004,600.0
ex6_1_2.bch,easy,smearsum,both,complete,1,26,0.03470500000000001,-0.03248763300707829,-0.03245514537407122,600.0
ex6_1_2.bch,easy,smearsumrel,both,complete,1,26,0.03410500000000002,-0.03248763300707829,-0.03245514537407122,600.0
ex6_1_2.bch,easy,largestfirst,xtaylor,complete,1,30,0.03201100000000002,-0.03248763300707829,-0.03245514537407122,10
ex6_1_2.bch,easy,lsmear,xtaylor,complete,1,30,0.040190000000000003,-0.03248763300707829,-0.03245514537407122,10
ex6_1_2.bch,easy,lsmear-box,xtaylor,complete,1,30,0.036392000000000015,-0.03248763300707829,-0.03245514537407122,10
ex6_1_2.bch,easy,roundrobin,xtaylor,complete,1,30,0.03508300000000001,-0.032486490821246904,-0.03245400433042567,10
ex6_1_2.bch,easy,smearmax,xtaylor,complete,1,30,0.03336900000000002,-0.03248763300707829,-0.03245514537407122,10
ex6_1_2.bch,easy,smearmaxrel,xtaylor,complete,1,52,0.05727700000000002,-0.03249468128502494,-0.03246218660373992,10
ex6_1_2.bch,easy,smearsum,xtaylor,complete,1,30,0.033151000000000014,-0.03248763300707829,-0.03245514537407122,10
ex6_1_2.bch,easy,smearsumrel,xtaylor,complete,1,30,0.033062000000000015,-0.03248763300707829,-0.03245514537407122,10
ex6_1_3.bch,hard,largestfirst,both,timeout,0,218306,600.0013290000002,-9.633868845437776,-0.3241808859054655,600.0
ex6_1_3.bch,hard,lsmear,both,complete,1,4950,25.70974100000001,-0.35284348028697154,-0.35249063680668463,600.0
ex6_1_3.bch,hard,lsmear-box,both,complete,1,4618,26.001759000000003,-0.35264123044440226,-0.3522885892139579,600.0
ex6_1_3.bch,hard,roundrobin,both,complete,1,18176,89.26942500000003,-0.35260004795722494,-0.35224744790926776,600.0
ex6_1_3.bch,hard,smearmax,both,complete,1,4648,23.734609000000006,-0.35275681053097563,-0.3524040537204447,600.0
ex6_1_3.bch,hard,smearmaxrel,both,timeout,0,138532,600.0094290000003,-3.0386360536361514,-0.32434305380665834,600.0
ex6_1_3.bch,hard,smearsum,both,complete,1,4600,25.079816000000008,-0.3528341799394237,-0.3524813457594843,600.0
ex6_1_3.bch,hard,smearsumrel,both,complete,1,5496,29.570882000000008,-0.3526077242985505,-0.35225511657425196,600.0
ex6_1_3.bch,hard,largestfirst,xtaylor,timeout,0,302576,600.0013130000001,-9.633873647603268,-0.3241934192241846,600.0
ex6_1_3.bch,hard,lsmear,xtaylor,complete,1,14898,73.24870400000002,-0.35261561134475,-0.3522629957334053,600.0
ex6_1_3.bch,hard,lsmear-box,xtaylor,complete,1,14842,73.85044400000002,-0.35277371283971737,-0.3524209391268777,600.0
ex6_1_3.bch,hard,roundrobin,xtaylor,complete,1,24862,122.47408500000002,-0.3527507712212703,-0.3523980204500491,600.0
ex6_1_3.bch,hard,smearmax,xtaylor,complete,1,12538,65.00672600000003,-0.3527946174634616,-0.3524418228459982,600.0
ex6_1_3.bch,hard,smearmaxrel,xtaylor,timeout,0,137222,600.0022620000003,-3.0097206981665856,-0.33101803898031434,600.0
ex6_1_3.bch,hard,smearsum,xtaylor,complete,1,11548,62.08075800000001,-0.35283070795916094,-0.35247787725120183,600.0
ex6_1_3.bch,hard,smearsumrel,xtaylor,complete,1,10472,56.64680700000001,-0.35271475877248104,-0.35236204401370863,600.0
ex6_1_3bis.bch,medium,largestfirst,both,timeout,0,687718,600.0008640000002,-11.876644637046251,-0.30283102438873544,600.0
ex6_1_3bis.bch,medium,lsmear,both,complete,1,2850,4.086703000000002,-0.35219126676887436,-0.3518390755021055,600.0
ex6_1_3bis.bch,medium,lsmear-box,both,complete,1,2834,4.032401000000001,-0.35219126676887436,-0.3518390755021055,600.0
ex6_1_3bis.bch,medium,roundrobin,both,complete,1,7662,7.799614000000001,-0.35223249378278637,-0.3518802612890036,600.0
ex6_1_3bis.bch,medium,smearmax,both,complete,1,2854,3.805250000000001,-0.35218571771963153,-0.351833532001912,600.0
ex6_1_3bis.bch,medium,smearmaxrel,both,timeout,0,473772,600.0000700000002,-6.293732656420665,-0.3507945479775052,600.0
ex6_1_3bis.bch,medium,smearsum,both,complete,1,2800,3.783054000000001,-0.3521788651938167,-0.3518266863286229,600.0
ex6_1_3bis.bch,medium,smearsumrel,both,complete,1,2846,3.818185000000001,-0.35219126676887436,-0.3518390755021055,600.0
ex6_1_3bis.bch,medium,largestfirst,xtaylor,timeout,0,861276,600.0008470000001,-11.876644637046251,-0.30283102438873544,600.0
ex6_1_3bis.bch,medium,lsmear,xtaylor,complete,1,11214,13.660072000000005,-0.352236327348116,-0.35188409102076795,600.0
ex6_1_3bis.bch,medium,lsmear-box,xtaylor,complete,1,11152,13.178769000000003,-0.3522290692384279,-0.3518768401691895,600.0
ex6_1_3bis.bch,medium,roundrobin,xtaylor,complete,1,13188,11.759681000000006,-0.3522387539894551,-0.3518865152354657,600.0
ex6_1_3bis.bch,medium,smearmax,xtaylor,complete,1,11182,12.598363000000004,-0.35223658728975926,-0.35188435070246954,600.0
ex6_1_3bis.bch,medium,smearmaxrel,xtaylor,timeout,0,824282,600.0002710000002,-7.928784227720665,-0.3507945479775052,600.0
ex6_1_3bis.bch,medium,smearsum,xtaylor,complete,1,10642,12.061632000000005,-0.352238162800763,-0.35188592463796226,600.0
ex6_1_3bis.bch,medium,smearsumrel,xtaylor,complete,1,10994,12.523106000000004,-0.35223970096241647,-0.3518874612614541,600.0
ex6_1_4.bch,medium,largestfirst,both,complete,1,752,2.347111000000001,-0.29480150685787426,-0.2945067053510164,600.0
ex6_1_4.bch,medium,lsmear,both,complete,1,126,0.26257500000000006,-0.29468272642944426,-0.29438804370301486,600.0
ex6_1_4.bch,medium,lsmear-box,both,complete,1,158,0.3424130000000001,-0.2948153456942964,-0.29452053034860215,600.0
ex6_1_4.bch,medium,roundrobin,both,complete,1,166,0.3344850000000001,-0.2947223887748633,-0.29442766638608847,600.0
ex6_1_4.bch,medium,smearmax,both,complete,1,170,0.3329300000000001,-0.29468579064822503,-0.29439110485757686,600.0
ex6_1_4.bch,medium,smearmaxrel,both,complete,1,214,0.39663100000000007,-0.29482212062135504,-0.2945272985007337,600.0
ex6_1_4.bch,medium,smearsum,both,complete,1,148,0.2838900000000001,-0.2945677205678996,-0.29427315284733174,600.0
ex6_1_4.bch,medium,smearsumrel,both,complete,1,162,0.3310160000000001,-0.29454617378946174,-0.29425162761567236,600.0
ex6_1_4.bch,medium,largestfirst,xtaylor,complete,1,988,2.606979000000001,-0.29480224297473157,-0.2945074407317569,10
ex6_1_4.bch,medium,lsmear,xtaylor,complete,1,156,0.29032900000000006,-0.29467994726313007,-0.294385267315867,10
ex6_1_4.bch,medium,lsmear-box,xtaylor,complete,1,190,0.3106180000000001,-0.2947290890992665,-0.29443436001016726,10
ex6_1_4.bch,medium,roundrobin,xtaylor,complete,1,714,1.3161000000000003,-0.29470044471725076,-0.2944057442725336,10
ex6_1_4.bch,medium,smearmax,xtaylor,complete,1,170,0.3016190000000001,-0.2946841876170312,-0.2943895034294142,10
ex6_1_4.bch,medium,smearmaxrel,xtaylor,complete,1,170,0.2658390000000001,-0.2946763812873992,-0.2943817049061119,10
ex6_1_4.bch,medium,smearsum,xtaylor,complete,1,184,0.30809700000000007,-0.2948334278868376,-0.2945385944589508,10
ex6_1_4.bch,medium,smearsumrel,xtaylor,complete,1,188,0.2984340000000001,-0.29470872037001483,-0.29441401164964487,10
ex6_2_10.bch,hard,largestfirst,both,timeout,0,395724,600.0013260000002,-280.01424028083323,-3.0504529338520316,600.0
ex6_2_10.bch,hard,lsmear,both,complete,1,68052,113.55700900000004,-3.055004842124081,-3.051949837281957,600.0
ex6_2_10.bch,hard,lsmear-box,both,complete,1,68354,112.25259100000004,-3.055004842124081,-3.051949837281957,600.0
ex6_2_10.bch,hard,roundrobin,both,timeout,0,441960,600.0022140000002,-3.323961435520243,-3.0516742640026093,600.0
ex6_2_10.bch,hard,smearmax,both,complete,1,68106,106.69580600000002,-3.055004842124081,-3.051949837281957,600.0
ex6_2_10.bch,hard,smearmaxrel,both,timeout,0,380834,600.0020010000002,-56.56045402557272,-3.051050925165789,600.0
ex6_2_10.bch,hard,smearsum,both,complete,1,67854,107.47129800000002,-3.055004842124081,-3.051949837281957,600.0
ex6_2_10.bch,hard,smearsumrel,both,complete,1,68098,107.05007200000003,-3.055004842124081,-3.051949837281957,600.0
ex6_2_10.bch,hard,largestfirst,xtaylor,timeout,0,421910,600.0000100000001,-280.01424028083323,-3.047181501304203,600.0
ex6_2_10.bch,hard,lsmear,xtaylor,complete,1,330660,495.3166180000001,-3.0550311993713146,-3.0519761681719437,600.0
ex6_2_10.bch,hard,lsmear-box,xtaylor,complete,1,338346,496.2634090000001,-3.0550311993713146,-3.0519761681719437,600.0
ex6_2_10.bch,hard,roundrobin,xtaylor,timeout,0,579914,600.0008140000002,-4.6600026686300025,-3.0516752671940357,600.0
ex6_2_10.bch,hard,smearmax,xtaylor,complete,1,320916,453.58976600000017,-3.0550311993713146,-3.0519761681719437,600.0
ex6_2_10.bch,hard,smearmaxrel,xtaylor,timeout,0,469516,600.0006870000002,-56.56045402557208,-3.0510509251657942,600.0
ex6_2_10.bch,hard,smearsum,xtaylor,complete,1,315942,449.8673970000001,-3.0550311993713146,-3.0519761681719437,600.0
ex6_2_10.bch,hard,smearsumrel,xtaylor,complete,1,299616,439.60565400000013,-3.0550311993713146,-3.0519761681719437,600.0
ex6_2_11.bch,medium,largestfirst,both,timeout,0,625686,600.0014510000003,-217.15636289947196,0.0019284553391433978,600.0
ex6_2_11.bch,medium,lsmear,both,complete,1,11412,9.914886000000005,-2.7723979964227146e-06,-2.672397996422715e-06,600.0
ex6_2_11.bch,medium,lsmear-box,both,complete,1,11262,9.706305000000004,-2.7720613393732545e-06,-2.672061339373255e-06,600.0
ex6_2_11.bch,medium,roundrobin,both,complete,1,47622,32.688651000000014,-2.7716928853698358e-06,-2.6716928853698363e-06,600.0
ex6_2_11.bch,medium,smearmax,both,complete,1,12526,10.148442000000003,-2.7718261729868903e-06,-2.671826172986891e-06,600.0
ex6_2_11.bch,medium,smearmaxrel,both,complete,1,11784,9.118740000000003,-2.771950049978888e-06,-2.6719500499788884e-06,600.0
ex6_2_11.bch,medium,smearsum,both,complete,1,12502,10.185632000000004,-2.7718414055382217e-06,-2.6718414055382222e-06,600.0
ex6_2_11.bch,medium,smearsumrel,both,complete,1,13332,10.733058000000003,-2.7718199584024877e-06,-2.671819958402488e-06,600.0
ex6_2_11.bch,medium,largestfirst,xtaylor,timeout,0,755898,600.0010750000002,-217.15636289947196,0.0019284553391433978,600.0
ex6_2_11.bch,medium,lsmear,xtaylor,complete,1,25768,23.841687000000007,-2.77225722486164e-06,-2.6722572248616405e-06,600.0
ex6_2_11.bch,medium,lsmear-box,xtaylor,complete,1,25978,23.341436000000005,-2.7723164506387004e-06,-2.672316450638701e-06,600.0
ex6_2_11.bch,medium,roundrobin,xtaylor,complete,1,66228,44.013508000000016,-2.772394275468614e-06,-2.6723942754686147e-06,600.0
ex6_2_11.bch,medium,smearmax,xtaylor,complete,1,26002,22.290777000000006,-2.772074198101226e-06,-2.6720741981012264e-06,600.0
ex6_2_11.bch,medium,smearmaxrel,xtaylor,complete,1,25362,21.884521000000007,-2.7723903752828843e-06,-2.672390375282885e-06,600.0
ex6_2_11.bch,medium,smearsum,xtaylor,complete,1,24778,21.93319600000001,-2.77233888760765e-06,-2.6723388876076504e-06,600.0
ex6_2_11.bch,medium,smearsumrel,xtaylor,complete,1,25912,22.250986000000008,-2.7722798361078487e-06,-2.6722798361078492e-06,600.0
ex6_2_12.bch,medium,largestfirst,both,timeout,0,731902,600.0010990000002,-46.16729064164164,0.28983910531909024,600.0
ex6_2_12.bch,medium,lsmear,both,complete,1,2528,2.658830000000001,0.28891421452231036,0.2892031287368326,600.0
ex6_2_12.bch,medium,lsmear-box,both,complete,1,2538,2.6272990000000007,0.28891381166050395,0.2892027254721644,600.0
ex6_2_12.bch,medium,roundrobin,both,complete,1,12848,10.236112000000004,0.28890870915219224,0.2891976178613444,600.0
ex6_2_12.bch,medium,smearmax,both,complete,1,2560,2.4747340000000007,0.28891381025035523,0.28920272406060554,600.0
ex6_2_12.bch,medium,smearmaxrel,both,timeout,0,704130,600.0019030000002,0.26061941799885796,0.28930184700049455,600.0
ex6_2_12.bch,medium,smearsum,both,complete,1,2684,2.675264000000001,0.2889137602319845,0.28920267399221644,600.0
ex6_2_12.bch,medium,smearsumrel,both,complete,1,2556,2.503899000000001,0.28891381025035523,0.28920272406060554,600.0
ex6_2_12.bch,medium,largestfirst,xtaylor,timeout,0,821352,600.0001460000001,-46.16729064164164,0.289839105877402,600.0
ex6_2_12.bch,medium,lsmear,xtaylor,complete,1,7840,7.538916000000001,0.28890680172511135,0.2891957085268364,10
ex6_2_12.bch,medium,lsmear-box,xtaylor,complete,1,7976,7.467284000000001,0.28890679009618764,0.28919569688628377,10
ex6_2_12.bch,medium,roundrobin,xtaylor,complete,1,26510,16.061130000000006,0.28890839269971746,0.28919730109241715,600.0
ex6_2_12.bch,medium,smearmax,xtaylor,complete,1,6796,6.386451000000002,0.2889070750645834,0.2891959821396479,10
ex6_2_12.bch,medium,smearmaxrel,xtaylor,timeout,0,775824,600.0014880000001,0.13050984976422564,0.2892110342291309,600.0
ex6_2_12.bch,medium,smearsum,xtaylor,complete,1,6542,6.237592000000003,0.28891024216814754,0.28919915241031563,10
ex6_2_12.bch,medium,smearsumrel,xtaylor,complete,1,6738,6.376395000000002,0.2889068403171981,0.2891957471575152,10
ex6_2_13.bch,blowup,largestfirst,both,timeout,0,462170,600.0022660000002,-82.33092970421552,-0.21620940455144227,600.0
ex6_2_13.bch,blowup,lsmear,both,complete,1,351812,571.3926440000001,-0.2164258982099653,-0.21620947231175536,600.0
ex6_2_13.bch,blowup,lsmear-box,both,complete,1,351724,567.0691860000002,-0.2164258982099653,-0.21620947231175536,600.0
ex6_2_13.bch,blowup,roundrobin,both,timeout,0,487660,600.0019960000004,-0.24023418895749518,-0.21620947231175447,600.0
ex6_2_13.bch,blowup,smearmax,both,complete,1,357530,543.6292930000002,-0.2164258982099662,-0.21620947231175625,600.0
ex6_2_13.bch,blowup,smearmaxrel,both,timeout,0,456554,600.0036650000003,-24.657122495810597,-0.21620947473368968,600.0
ex6_2_13.bch,blowup,smearsum,both,complete,1,376316,578.1589520000001,-0.21642589820996486,-0.2162094723117549,600.0
ex6_2_13.bch,blowup,smearsumrel,both,complete,1,359762,546.6751170000002,-0.2164258982099653,-0.21620947231175536,600.0
ex6_2_13.bch,blowup,largestfirst,xtaylor,timeout,0,583884,600.0018180000002,-82.33092970421552,-0.21620939195447592,600.0
ex6_2_13.bch,blowup,lsmear,xtaylor,timeout,0,406200,600.0007090000001,-0.22909667078354762,-0.2162094723117548,600.0
ex6_2_13.bch,blowup,lsmear-box,xtaylor,timeout,0,423358,600.0013620000002,-0.22858506887246854,-0.2162094723117548,600.0
ex6_2_13.bch,blowup,roundrobin,xtaylor,timeout,0,683530,600.0016380000002,-0.39944450755816346,-0.21620947231175403,600.0
ex6_2_13.bch,blowup,smearmax,xtaylor,timeout,0,392898,600.0014300000001,-0.23113225522321487,-0.2162094723117548,600.0
ex6_2_13.bch,blowup,smearmaxrel,xtaylor,timeout,0,663904,600.0004400000003,-24.65712267709585,-0.21620947473368457,600.0
ex6_2_13.bch,blowup,smearsum,xtaylor,timeout,0,382658,600.0045430000002,-0.23106115049652656,-0.2162094723117549,600.0
ex6_2_13.bch,blowup,smearsumrel,xtaylor,timeout,0,378606,600.0017920000001,-0.23020199677705275,-0.2162094723117549,600.0
ex6_2_14.bch,medium,largestfirst,both,timeout,0,840690,600.0012430000002,-29.98837294063371,-0.6953518967459236,600.0
ex6_2_14.bch,medium,lsmear,both,complete,1,436,0.48153800000000013,-0.6960499653863631,-0.6953539154209768,600.0
ex6_2_14.bch,medium,lsmear-box,both,complete,1,440,0.48032600000000014,-0.6960499653863631,-0.6953539154209768,600.0
ex6_2_14.bch,medium,roundrobin,both,complete,1,2490,1.8780830000000006,-0.6960536372730145,-0.6953575836357416,600.0
ex6_2_14.bch,medium,smearmax,both,complete,1,436,0.4493370000000001,-0.6960499653863631,-0.6953539154209768,600.0
ex6_2_14.bch,medium,smearmaxrel,both,timeout,0,685006,600.0016470000003,-0.9242579667569629,-0.6953539154094285,600.0
ex6_2_14.bch,medium,smearsum,both,complete,1,436,0.4526230000000001,-0.6960499653863631,-0.6953539154209768,600.0
ex6_2_14.bch,medium,smearsumrel,both,complete,1,436,0.4548150000000001,-0.6960499653863631,-0.6953539154209768,600.0
ex6_2_14.bch,medium,largestfirst,xtaylor,timeout,0,792274,600.0000310000003,-29.98837294063371,-0.6952752016799261,600.0
ex6_2_14.bch,medium,lsmear,xtaylor,complete,1,1084,1.1141050000000003,-0.6960499653863631,-0.6953539154209768,10
ex6_2_14.bch,medium,lsmear-box,xtaylor,complete,1,1098,1.0997610000000004,-0.6960518816429677,-0.6953558297613248,10
ex6_2_14.bch,medium,roundrobin,xtaylor,complete,1,5994,3.669423000000001,-0.696053364040589,-0.6953573106765486,10
ex6_2_14.bch,medium,smearmax,xtaylor,complete,1,990,0.9801050000000002,-0.6960499653863631,-0.6953539154209768,10
ex6_2_14.bch,medium,smearmaxrel,xtaylor,timeout,0,709768,600.0009240000002,-1.9759221426534763,-0.6953572171432614,600.0
ex6_2_14.bch,medium,smearsum,xtaylor,complete,1,952,0.9504450000000003,-0.6960499653863631,-0.6953539154209768,10
ex6_2_14.bch,medium,smearsumrel,xtaylor,complete,1,1002,0.9845390000000003,-0.6960499653863631,-0.6953539154209768,10
ex6_2_5.bch,unsolved,largestfirst,both,timeout,0,348386,600.0031080000002,-59560.57254481701,-69.26603786629326,600.0
ex6_2_5.bch,unsolved,lsmear,both,timeout,0,222368,600.0015040000002,-6099.021422861114,-70.60066044062751,600.0
ex6_2_5.bch,unsolved,lsmear-box,both,timeout,0,211878,600.0024340000001,-7419.321233101293,-70.58017468801398,600.0
ex6_2_5.bch,unsolved,roundrobin,both,timeout,0,260240,600.0010710000003,-10292.208282329982,-70.59476966572912,600.0
ex6_2_5.bch,unsolved,smearmax,both,timeout,0,231288,600.0085150000002,-5989.335334857331,-70.60097226336609,600.0
ex6_2_5.bch,unsolved,smearmaxrel,both,timeout,0,237950,600.0007800000002,-21106.972395481785,-70.49099437564485,600.0
ex6_2_5.bch,unsolved,smearsum,both,timeout,0,232626,600.0001180000003,-5969.451313126159,-70.61828475129278,600.0
ex6_2_5.bch,unsolved,smearsumrel,both,timeout,0,203910,600.0019950000003,-9834.737585346184,-70.61161925858801,600.0
ex6_2_5.bch,unsolved,largestfirst,xtaylor,timeout,0,420846,600.0016250000003,-59560.57254481701,-69.26603786629326,600.0
ex6_2_5.bch,unsolved,lsmear,xtaylor,timeout,0,274788,600.0003510000001,-9303.77074651206,-70.60066044062842,600.0
ex6_2_5.bch,unsolved,lsmear-box,xtaylor,timeout,0,274202,600.0024430000002,-9780.454608065387,-70.59934500022518,600.0
ex6_2_5.bch,unsolved,roundrobin,xtaylor,timeout,0,350650,600.0028960000002,-11139.71040252392,-70.59476966572912,600.0
ex6_2_5.bch,unsolved,smearmax,xtaylor,timeout,0,294032,600.0019880000003,-9305.77323532318,-70.60066044062853,600.0
ex6_2_5.bch,unsolved,smearmaxrel,xtaylor,timeout,0,328688,600.0013400000003,-22064.441463301144,-70.53586929267999,600.0
ex6_2_5.bch,unsolved,smearsum,xtaylor,timeout,0,289746,600.0043440000003,-9291.794718744324,-70.60081896928216,600.0
ex6_2_5.bch,unsolved,smearsumrel,xtaylor,timeout,0,271874,600.0041590000001,-12380.286594996567,-70.60803181937308,600.0
ex6_2_6.bch,medium,largestfirst,both,timeout,0,572196,600.0010350000001,-298.23194321202806,0.0060233757386525255,600.0
ex6_2_6.bch,medium,lsmear,both,complete,1,27158,24.568280000000005,-2.7025036299892607e-06,-2.6025036299892612e-06,600.0
ex6_2_6.bch,medium,lsmear-box,both,complete,1,27144,24.14714100000001,-2.70250357547731e-06,-2.6025035754773107e-06,600.0
ex6_2_6.bch,medium,roundrobin,both,complete,1,276366,234.93160200000003,-2.7025266781637407e-06,-2.6025266781637413e-06,600.0
ex6_2_6.bch,medium,smearmax,both,complete,1,30968,27.24344600000001,-2.7025169828081113e-06,-2.602516982808112e-06,600.0
ex6_2_6.bch,medium,smearmaxrel,both,complete,1,27328,22.540435000000006,-2.7025182939815034e-06,-2.602518293981504e-06,600.0
ex6_2_6.bch,medium,smearsum,both,complete,1,30874,26.79264300000001,-2.7025166789400695e-06,-2.60251667894007e-06,600.0
ex6_2_6.bch,medium,smearsumrel,both,complete,1,35924,31.085030000000003,-2.702526446959796e-06,-2.6025264469597964e-06,600.0
ex6_2_6.bch,medium,largestfirst,xtaylor,timeout,0,675748,600.0018260000002,-298.23194321202806,0.00597134463105331,600.0
ex6_2_6.bch,medium,lsmear,xtaylor,complete,1,60150,58.21070900000002,-2.7025036299892607e-06,-2.6025036299892612e-06,600.0
ex6_2_6.bch,medium,lsmear-box,xtaylor,complete,1,59812,57.07349700000002,-2.7025219290182195e-06,-2.60252192901822e-06,600.0
ex6_2_6.bch,medium,roundrobin,xtaylor,complete,1,318538,266.75350600000013,-2.7025265998930175e-06,-2.602526599893018e-06,600.0
ex6_2_6.bch,medium,smearmax,xtaylor,complete,1,56732,51.640712000000015,-2.702516999516968e-06,-2.6025169995169684e-06,600.0
ex6_2_6.bch,medium,smearmaxrel,xtaylor,complete,1,55848,50.52158900000001,-2.702514543592615e-06,-2.6025145435926156e-06,600.0
ex6_2_6.bch,medium,smearsum,xtaylor,complete,1,54726,50.24029500000001,-2.702527081618788e-06,-2.6025270816187884e-06,600.0
ex6_2_6.bch,medium,smearsumrel,xtaylor,complete,1,79328,77.76223500000003,-2.702525851269632e-06,-2.6025258512696325e-06,600.0
ex6_2_7.bch,unsolved,largestfirst,both,timeout,0,290058,600.0029490000004,-872.8008509119745,-0.14535814345227394,600.0
ex6_2_7.bch,unsolved,lsmear,both,timeout,0,188392,600.0040550000002,-85.74729022936143,-0.15378271275719424,600.0
ex6_2_7.bch,unsolved,lsmear-box,both,timeout,0,188080,600.0014860000002,-86.41804563682163,-0.15417475854909712,600.0
ex6_2_7.bch,unsolved,roundrobin,both,timeout,0,230198,600.0025580000001,-79.85112759784293,-0.15020360465259452,600.0
ex6_2_7.bch,unsolved,smearmax,both,timeout,0,198274,600.0038670000001,-84.56963933949518,-0.15378271275719424,600.0
ex6_2_7.bch,unsolved,smearmaxrel,both,timeout,0,215116,600.0006240000002,-739.3838501409477,-0.12719709499251142,600.0
ex6_2_7.bch,unsolved,smearsum,both,timeout,0,195598,600.0024240000002,-84.82391857141673,-0.15378271275719424,600.0
ex6_2_7.bch,unsolved,smearsumrel,both,timeout,0,176778,600.0010410000001,-100.72175757140172,-0.15370691819704385,600.0
ex6_2_7.bch,unsolved,largestfirst,xtaylor,timeout,0,349502,600.0017840000002,-872.8008509119745,-0.14475724959023584,600.0
ex6_2_7.bch,unsolved,lsmear,xtaylor,timeout,0,228966,600.0048300000002,-83.65687394269023,-0.1566838364822365,600.0
ex6_2_7.bch,unsolved,lsmear-box,xtaylor,timeout,0,236572,600.0023410000001,-87.60253293164878,-0.1566838364822365,600.0
ex6_2_7.bch,unsolved,roundrobin,xtaylor,timeout,0,293992,600.0000160000002,-83.48699418785911,-0.1537069184478974,600.0
ex6_2_7.bch,unsolved,smearmax,xtaylor,timeout,0,243590,600.0018970000002,-81.63411933156384,-0.15765084582736488,600.0
ex6_2_7.bch,unsolved,smearmaxrel,xtaylor,timeout,0,246720,600.0051980000003,-739.3839629940459,-0.12719709499251142,600.0
ex6_2_7.bch,unsolved,smearsum,xtaylor,timeout,0,241196,600.0002050000003,-81.86924882159222,-0.15765084582736488,600.0
ex6_2_7.bch,unsolved,smearsumrel,xtaylor,timeout,0,237604,600.0031370000002,-132.44416701560172,-0.15621580497751753,600.0
ex6_2_8.bch,medium,largestfirst,both,timeout,0,614544,600.0013210000003,-323.9679752500905,0.0010186965991768604,600.0
ex6_2_8.bch,medium,lsmear,both,complete,1,13748,12.518067000000004,-0.02703332460073425,-0.02700629127613352,600.0
ex6_2_8.bch,medium,lsmear-box,both,complete,1,13748,12.253291000000004,-0.0270333822274678,-0.027006348845240336,600.0
ex6_2_8.bch,medium,roundrobin,both,complete,1,71822,58.17281300000001,-0.02703322484234785,-0.027006191617505504,600.0
ex6_2_8.bch,medium,smearmax,both,complete,1,13672,11.327947000000002,-0.02703332844777728,-0.027006295119329504,600.0
ex6_2_8.bch,medium,smearmaxrel,both,complete,1,13584,11.334579000000003,-0.02703337193892101,-0.02700633856698209,600.0
ex6_2_8.bch,medium,smearsum,both,complete,1,13952,12.004573000000002,-0.027033027444873663,-0.02700599441742879,600.0
ex6_2_8.bch,medium,smearsumrel,both,complete,1,15194,13.846364000000005,-0.02703338163443756,-0.027006348252803125,600.0
ex6_2_8.bch,medium,largestfirst,xtaylor,timeout,0,717504,600.0002010000003,-323.9679752500905,0.0010186965991768604,600.0
ex6_2_8.bch,medium,lsmear,xtaylor,complete,1,31760,28.214173000000006,-0.027033333119278368,-0.027006299786159094,600.0
ex6_2_8.bch,medium,lsmear-box,xtaylor,complete,1,31732,27.746513000000007,-0.027033382227422457,-0.02700634884519504,600.0
ex6_2_8.bch,medium,roundrobin,xtaylor,complete,1,106570,76.25742200000003,-0.027033309175575605,-0.02700627586640003,600.0
ex6_2_8.bch,medium,smearmax,xtaylor,complete,1,28382,24.771704000000007,-0.027033381682947305,-0.02700634830126436,600.0
ex6_2_8.bch,medium,smearmaxrel,xtaylor,complete,1,25682,23.858693000000006,-0.027033380440334574,-0.027006347059894242,600.0
ex6_2_8.bch,medium,smearsum,xtaylor,complete,1,25668,23.481101000000006,-0.027033378709546,-0.027006345330836456,600.0
ex6_2_8.bch,medium,smearsumrel,xtaylor,complete,1,28932,26.561282000000006,-0.02703338174895701,-0.027006348367208055,600.0
ex6_2_9.bch,medium,largestfirst,both,timeout,0,606572,600.0001800000002,-150.4603844315442,-0.03398434217065627,600.0
ex6_2_9.bch,medium,lsmear,both,complete,1,7242,8.016596000000003,-0.03409990560487085,-0.03406580569926598,600.0
ex6_2_9.bch,medium,lsmear-box,both,complete,1,7248,7.827355000000001,-0.03409990560487085,-0.03406580569926598,600.0
ex6_2_9.bch,medium,roundrobin,both,complete,1,39610,35.89371000000001,-0.034099187595457825,-0.034065088407862376,600.0
ex6_2_9.bch,medium,smearmax,both,complete,1,7278,7.415939000000002,-0.03409990560487085,-0.03406580569926598,600.0
ex6_2_9.bch,medium,smearmaxrel,both,timeout,0,875108,600.0002190000002,-0.16731752991602417,-0.03400268015975261,600.0
ex6_2_9.bch,medium,smearsum,both,complete,1,7746,7.902466000000002,-0.03409998952798577,-0.034065889538457794,600.0
ex6_2_9.bch,medium,smearsumrel,both,complete,1,7242,7.334309000000002,-0.03409990560487085,-0.03406580569926598,600.0
ex6_2_9.bch,medium,largestfirst,xtaylor,timeout,0,689596,600.0007660000001,-150.4603844315442,-0.03398434217065627,600.0
ex6_2_9.bch,medium,lsmear,xtaylor,complete,1,21580,23.04203800000001,-0.03410026765826023,-0.034066167390601976,600.0
ex6_2_9.bch,medium,lsmear-box,xtaylor,complete,1,21656,23.049029000000008,-0.03410026718437725,-0.034066166917192886,600.0
ex6_2_9.bch,medium,roundrobin,xtaylor,complete,1,63382,51.32288600000002,-0.03410013879524232,-0.034066038656447084,600.0
ex6_2_9.bch,medium,smearmax,xtaylor,complete,1,20774,21.397347000000007,-0.0341001931613422,-0.03406609296818086,600.0
ex6_2_9.bch,medium,smearmaxrel,xtaylor,timeout,0,781730,600.0013100000001,-2.1145031908592538,-0.03396985866028013,600.0
ex6_2_9.bch,medium,smearsum,xtaylor,complete,1,19178,20.635444000000003,-0.0341001933079652,-0.03406609311465725,600.0
ex6_2_9.bch,medium,smearsumrel,xtaylor,complete,1,20666,21.151517000000005,-0.03410026718437725,-0.034066166917192886,600.0
ex7_2_1.bch,easy,largestfirst,both,complete,1,214,0.7795580000000002,1226.2029118233183,1227.4291147351414,600.0
ex7_2_1.bch,easy,lsmear,both,complete,1,22,0.08141800000000002,1226.1944558365453,1227.4206502923817,600.0
ex7_2_1.bch,easy,lsmear-box,both,complete,1,28,0.10612000000000002,1226.8231083945157,1228.0499315029099,600.0
ex7_2_1.bch,easy,roundrobin,both,complete,1,34,0.10151400000000003,1226.583211829472,1227.8097950413012,600.0
ex7_2_1.bch,easy,smearmax,both,complete,1,38,0.12241800000000005,1226.384015468474,1227.6103994839423,600.0
ex7_2_1.bch,easy,smearmaxrel,both,complete,1,38,0.12835200000000002,1227.1965344148034,1228.423730949218,600.0
ex7_2_1.bch,easy,smearsum,both,complete,1,38,0.12248000000000005,1226.384015468474,1227.6103994839423,600.0
ex7_2_1.bch,easy,smearsumrel,both,complete,1,42,0.13604200000000008,1226.979455445053,1228.2064349004977,600.0
ex7_2_1.bch,easy,largestfirst,xtaylor,complete,1,224,0.6754410000000003,1226.0056856923995,1227.2316913780917,10
ex7_2_1.bch,easy,lsmear,xtaylor,complete,1,22,0.07144600000000002,1227.1105850125227,1228.337695597535,10
ex7_2_1.bch,easy,lsmear-box,xtaylor,complete,1,24,0.08274700000000001,1226.0825391989883,1227.3086217381872,10
ex7_2_1.bch,easy,roundrobin,xtaylor,complete,1,34,0.08796100000000003,1226.2861645734054,1227.5124507379785,10
ex7_2_1.bch,easy,smearmax,xtaylor,complete,1,32,0.10870800000000003,1226.2794369868097,1227.5057164237962,10
ex7_2_1.bch,easy,smearmaxrel,xtaylor,complete,1,44,0.12707800000000002,1226.2196091711546,1227.4458287803254,10
ex7_2_1.bch,easy,smearsum,xtaylor,complete,1,32,0.10839700000000003,1226.2794369868097,1227.5057164237962,10
ex7_2_1.bch,easy,smearsumrel,xtaylor,complete,1,46,0.11267400000000002,1226.4236672540653,1227.6500909213191,10
ex7_2_10.bch,easy,largestfirst,affine,complete,1,354,0.4347610000000001,0.09999999999999999,0.10000000000000002,60.0
ex7_2_10.bch,easy,lsmear,affine,complete,1,12,0.018568,0.09999999999999999,0.1,60.0
ex7_2_10.bch,easy,lsmear-box,affine,complete,1,12,0.018419000000000005,0.09999999999999999,0.1,60.0
ex7_2_10.bch,easy,roundrobin,affine,complete,1,12,0.016051000000000003,0.09999999999999999,0.1,60.0
ex7_2_10.bch,easy,smearmax,affine,complete,1,22,0.031485000000000006,0.09999999999999999,0.1,60.0
ex7_2_10.bch,easy,smearmaxrel,affine,complete,1,20,0.02956300000000001,0.09999999999999999,0.1,60.0
ex7_2_10.bch,easy,smearsum,affine,complete,1,20,0.028548000000000007,0.09999999999999999,0.1,60.0
ex7_2_10.bch,easy,smearsumrel,affine,complete,1,12,0.01752,0.09999999999999999,0.1,60.0
ex7_2_10.bch,easy,largestfirst,both,complete,1,342,0.4937080000000001,0.09999999999999999,0.1,600.0
ex7_2_10.bch,easy,lsmear,both,complete,1,14,0.028296,0.09999999999999999,0.1,600.0
ex7_2_10.bch,easy,lsmear-box,both,complete,1,14,0.028071000000000006,0.09999999999999999,0.1,600.0
ex7_2_10.bch,easy,roundrobin,both,complete,1,14,0.023409000000000003,0.09999999999999999,0.1,600.0
ex7_2_10.bch,easy,smearmax,both,complete,1,22,0.03750100000000001,0.09999999999999999,0.1,600.0
ex7_2_10.bch,easy,smearmaxrel,both,complete,1,24,0.041340000000000016,0.09999999999999999,0.1,600.0
ex7_2_10.bch,easy,smearsum,both,complete,1,18,0.03264400000000001,0.09999999999999999,0.1,600.0
ex7_2_10.bch,easy,smearsumrel,both,complete,1,14,0.02674600000000001,0.09999999999999999,0.1,600.0
ex7_2_10.bch,easy,largestfirst,xtaylor,complete,1,42,0.07177100000000003,0.09999999999999999,0.10009981723299254,10
ex7_2_10.bch,easy,lsmear,xtaylor,complete,1,14,0.023483000000000007,0.09999999999999999,0.1,10
ex7_2_10.bch,easy,lsmear-box,xtaylor,complete,1,14,0.023497000000000004,0.09999999999999999,0.1,10
ex7_2_10.bch,easy,roundrobin,xtaylor,complete,1,14,0.021557000000000007,0.09999999999999999,0.1,10
ex7_2_10.bch,easy,smearmax,xtaylor,complete,1,22,0.03272100000000001,0.09999999999999999,0.1,10
ex7_2_10.bch,easy,smearmaxrel,xtaylor,complete,1,24,0.03668500000000001,0.09999999999999999,0.1,10
ex7_2_10.bch,easy,smearsum,xtaylor,complete,1,18,0.029301000000000008,0.09999999999999999,0.1,10
ex7_2_10.bch,easy,smearsumrel,xtaylor,complete,1,14,0.02209600000000001,0.09999999999999999,0.1,10
ex7_2_1bis.bch,easy,largestfirst,both,complete,1,214,0.7534950000000001,1226.5256857383363,1227.7522114240744,600.0
ex7_2_1bis.bch,easy,lsmear,both,complete,1,24,0.07985400000000001,1226.5250886321028,1227.7516137207347,600.0
ex7_2_1bis.bch,easy,lsmear-box,both,complete,1,24,0.07750400000000002,1226.0711764623118,1227.2972476387738,600.0
ex7_2_1bis.bch,easy,roundrobin,both,complete,1,32,0.10076100000000004,1227.11322917628,1228.3403424054559,600.0
ex7_2_1bis.bch,easy,smearmax,both,complete,1,34,0.11459400000000003,1226.4869064664726,1227.713393372939,600.0
ex7_2_1bis.bch,easy,smearmaxrel,both,complete,1,38,0.12720800000000007,1227.143575422697,1228.3707189981194,600.0
ex7_2_1bis.bch,easy,smearsum,both,complete,1,34,0.11520400000000006,1226.4869064664726,1227.713393372939,600.0
ex7_2_1bis.bch,easy,smearsumrel,both,complete,1,38,0.10080900000000002,1226.7383729955802,1227.9651113685757,600.0
ex7_2_1bis.bch,easy,largestfirst,xtaylor,complete,1,454,0.9111720000000003,1226.4097133410644,1227.6361230544053,10
ex7_2_1bis.bch,easy,lsmear,xtaylor,complete,1,22,0.06268400000000002,1226.035421552426,1227.261456973978,10
ex7_2_1bis.bch,easy,lsmear-box,xtaylor,complete,1,26,0.08508000000000002,1226.1587763554153,1227.3849351317704,10
ex7_2_1bis.bch,easy,roundrobin,xtaylor,complete,1,44,0.10853700000000004,1227.221553126695,1228.4487746798213,10
ex7_2_1bis.bch,easy,smearmax,xtaylor,complete,1,26,0.08798800000000002,1226.4892220066326,1227.715711228639,10
ex7_2_1bis.bch,easy,smearmaxrel,xtaylor,complete,1,42,0.10570200000000002,1226.3520370688584,1227.578389105927,10
ex7_2_1bis.bch,easy,smearsum,xtaylor,complete,1,26,0.08752700000000002,1226.4892220066326,1227.715711228639,10
ex7_2_1bis.bch,easy,smearsumrel,xtaylor,complete,1,42,0.10604100000000004,1226.228981087624,1227.4552100687115,10
ex7_2_2.bch,easy,largestfirst,affine,complete,1,24,0.04355000000000001,-0.38920065717990315,-0.3888114565227233,60.0
ex7_2_2.bch,easy,lsmear,affine,complete,1,24,0.048214000000000014,-0.38920065717990315,-0.3888114565227233,60.0
ex7_2_2.bch,easy,lsmear-box,affine,complete,1,24,0.04760800000000001,-0.38920065717990315,-0.3888114565227233,60.0
ex7_2_2.bch,easy,roundrobin,affine,complete,1,30,0.05284900000000003,-0.38913273732938464,-0.3887436045920553,60.0
ex7_2_2.bch,easy,smearmax,affine,complete,1,34,0.05500500000000001,-0.38900037274014426,-0.3886113723674042,60.0
ex7_2_2.bch,easy,smearmaxrel,affine,complete,1,30,0.05849300000000002,-0.38895627366336266,-0.38856731738969935,60.0
ex7_2_2.bch,easy,smearsum,affine,complete,1,26,0.04288300000000001,-0.3891924851468503,-0.3888032926617035,60.0
ex7_2_2.bch,easy,smearsumrel,affine,complete,1,24,0.045333000000000005,-0.38920065717990315,-0.3888114565227233,60.0
ex7_2_2.bch,easy,largestfirst,both,complete,1,26,0.05055100000000001,-0.38920065719111874,-0.3888114565339277,600.0
ex7_2_2.bch,easy,lsmear,both,complete,1,28,0.06337300000000003,-0.3888750805781306,-0.38848620549755253,600.0
ex7_2_2.bch,easy,lsmear-box,both,complete,1,28,0.06300600000000002,-0.3888750805781306,-0.38848620549755253,600.0
ex7_2_2.bch,easy,roundrobin,both,complete,1,22,0.04344600000000001,-0.38899205220885735,-0.3886030601566485,600.0
ex7_2_2.bch,easy,smearmax,both,complete,1,18,0.03559000000000001,-0.38910753422716154,-0.38871842669293444,600.0
ex7_2_2.bch,easy,smearmaxrel,both,complete,1,28,0.06455400000000003,-0.3888312759889495,-0.38844244471296063,600.0
ex7_2_2.bch,easy,smearsum,both,complete,1,22,0.046039000000000004,-0.38894275604471373,-0.38855381328866906,600.0
ex7_2_2.bch,easy,smearsumrel,both,complete,1,28,0.06293000000000003,-0.3888750805781306,-0.38848620549755253,600.0
ex7_2_2.bch,easy,largestfirst,xtaylor,complete,1,32,0.06545900000000003,-0.3889808391750128,-0.3885918583358378,10
ex7_2_2.bch,easy,lsmear,xtaylor,complete,1,32,0.07021700000000003,-0.3889808391750128,-0.3885918583358378,10
ex7_2_2.bch,easy,lsmear-box,xtaylor,complete,1,32,0.06939400000000003,-0.3889808391750128,-0.3885918583358378,10
ex7_2_2.bch,easy,roundrobin,xtaylor,complete,1,22,0.03995700000000001,-0.3891774534655002,-0.38878827601203475,10
ex7_2_2.bch,easy,smearmax,xtaylor,complete,1,44,0.08200700000000002,-0.3888391801891962,-0.38845034100900705,10
ex7_2_2.bch,easy,smearmaxrel,xtaylor,complete,1,28,0.048439,-0.38917017646241914,-0.38878100628595674,10
ex7_2_2.bch,easy,smearsum,xtaylor,complete,1,24,0.052235000000000004,-0.38920019083955754,-0.38881099064871805,10
ex7_2_2.bch,easy,smearsumrel,xtaylor,complete,1,32,0.06638800000000002,-0.3889808391750128,-0.3885918583358378,10
ex7_2_3.bch,easy,largestfirst,both,timeout,0,721350,600.0001220000001,2100.000000000007,9715.719352937704,600.0
ex7_2_3.bch,easy,lsmear,both,timeout,0,838164,600.0000050000002,4575.89447801002,11013.168100734989,600.0
ex7_2_3.bch,easy,lsmear-box,both,complete,1,12160,11.728772000000005,7043.817401851056,7050.861219252906,600.0
ex7_2_3.bch,easy,roundrobin,both,complete,1,2242,3.724862000000001,7044.105023753644,7051.149128777397,600.0
ex7_2_3.bch,easy,smearmax,both,complete,1,10768,12.787636000000001,7043.164845836975,7050.208010682811,600.0
ex7_2_3.bch,easy,smearmaxrel,both,timeout,0,952476,600.0006950000002,2113.6357961877306,19930.34714334092,600.0
ex7_2_3.bch,easy,smearsum,both,complete,1,9094,10.390216000000004,7046.68547967585,7053.732165155525,600.0
ex7_2_3.bch,easy,smearsumrel,both,complete,1,20062,16.105298000000005,7045.805808765498,7052.851614574262,600.0
ex7_2_3.bch,easy,largestfirst,xtaylor,timeout,0,701492,600.0005850000001,2100.000000000007,9607.293012629158,600.0
ex7_2_3.bch,easy,lsmear,xtaylor,timeout,0,1045172,600.0005400000001,4851.261553969978,7267.802536560379,600.0
ex7_2_3.bch,easy,lsmear-box,xtaylor,timeout,0,1107786,600.0018500000001,6905.585644285073,7054.743459031301,600.0
ex7_2_3.bch,easy,roundrobin,xtaylor,complete,1,3004,3.9863160000000013,7043.489378900709,7050.532868279609,10
ex7_2_3.bch,easy,smearmax,xtaylor,complete,1,13022,12.383991000000002,7045.543647827662,7052.589191475489,600.0
ex7_2_3.bch,easy,smearmaxrel,xtaylor,timeout,0,1185694,600.0005980000002,2113.635792500207,20988.522134477185,600.0
ex7_2_3.bch,easy,smearsum,xtaylor,complete,1,13236,12.034811000000005,7045.912317435289,7052.958229752723,600.0
ex7_2_3.bch,easy,smearsumrel,xtaylor,complete,1,11508,9.059141000000004,7042.70046614345,7049.743166609593,10
ex7_2_3bis.bch,easy,largestfirst,both,timeout,0,247744,600.0008900000001,2481.848267392514,7074.927122038174,600.0
ex7_2_3bis.bch,easy,lsmear,both,complete,1,182,0.5162950000000001,7045.313000670545,7052.358313671215,600.0
ex7_2_3bis.bch,easy,lsmear-box,both,complete,1,192,0.5045500000000002,7043.018433991868,7050.061452425859,600.0
ex7_2_3bis.bch,easy,roundrobin,both,complete,1,354,0.8846110000000001,7044.876212534764,7051.921088747298,600.0
ex7_2_3bis.bch,easy,smearmax,both,complete,1,220,0.5899130000000002,7044.011233677324,7051.055244911,600.0
ex7_2_3bis.bch,easy,smearmaxrel,both,complete,1,262,0.7962850000000001,7045.372904236879,7052.418277141115,600.0
ex7_2_3bis.bch,easy,smearsum,both,complete,1,274,0.7809720000000001,7046.1204088086,7053.1665292174075,600.0
ex7_2_3bis.bch,easy,smearsumrel,both,complete,1,296,0.7949290000000002,7046.894555538166,7053.941450093704,600.0
ex7_2_3bis.bch,easy,largestfirst,xtaylor,timeout,0,337278,600.0022600000002,2481.8482673925146,7084.324034371699,600.0
ex7_2_3bis.bch,easy,lsmear,xtaylor,complete,1,308,0.7606380000000001,7044.751836757464,7051.79658859422,10
ex7_2_3bis.bch,easy,lsmear-box,xtaylor,complete,1,318,0.7781610000000002,7044.626839116588,7051.671465955704,10
ex7_2_3bis.bch,easy,roundrobin,xtaylor,complete,1,656,1.3154180000000004,7045.9381490720025,7052.984087221073,10
ex7_2_3bis.bch,easy,smearmax,xtaylor,complete,1,288,0.7059290000000001,7043.931140313629,7050.975071453941,10
ex7_2_3bis.bch,easy,smearmaxrel,xtaylor,complete,1,474,1.1439660000000003,7045.426001782452,7052.471427784233,10
ex7_2_3bis.bch,easy,smearsum,xtaylor,complete,1,364,0.8512440000000003,7043.455764318327,7050.499220082645,10
ex7_2_3bis.bch,easy,smearsumrel,xtaylor,complete,1,368,0.9215820000000003,7045.258293701731,7052.303551995432,10
ex7_2_4.bch,medium,largestfirst,both,timeout,0,267172,600.0058900000002,3.7994507244262,3.9185444008280923,600.0
ex7_2_4.bch,medium,lsmear,both,complete,1,700,1.8245010000000004,3.915106782457169,3.919021889239626,600.0
ex7_2_4.bch,medium,lsmear-box,both,complete,1,1238,3.041203000000001,3.9156267013381236,3.9195423280394612,600.0
ex7_2_4.bch,medium,roundrobin,both,complete,1,1980,4.0502980000000015,3.9168223224050602,3.920739144727465,600.0
ex7_2_4.bch,medium,smearmax,both,complete,1,1308,3.178420000000001,3.915062288386274,3.91897735067466,600.0
ex7_2_4.bch,medium,smearmaxrel,both,complete,1,55120,91.84648900000002,3.915795424258466,3.919711219682724,600.0
ex7_2_4.bch,medium,smearsum,both,complete,1,1364,3.452319000000001,3.9173489821592455,3.921266331141404,600.0
ex7_2_4.bch,medium,smearsumrel,both,complete,1,1330,3.209751000000001,3.9165989300494983,3.9205155289795472,600.0
ex7_2_4.bch,medium,largestfirst,xtaylor,timeout,0,389034,600.0017280000002,3.6191547705039144,3.9180815553219386,600.0
ex7_2_4.bch,medium,lsmear,xtaylor,complete,1,2320,5.489969000000001,3.914618334227209,3.918532952561436,10
ex7_2_4.bch,medium,lsmear-box,xtaylor,complete,1,1448,2.746394000000001,3.914380451259668,3.918294831710927,10
ex7_2_4.bch,medium,roundrobin,xtaylor,complete,1,3496,6.346540000000003,3.9154648836253667,3.9193803485089918,10
ex7_2_4.bch,medium,smearmax,xtaylor,complete,1,2396,5.027202000000003,3.9156599187575942,3.9195755786763513,10
ex7_2_4.bch,medium,smearmaxrel,xtaylor,complete,1,85306,138.54340200000004,3.9150734659907847,3.918988539456775,600.0
ex7_2_4.bch,medium,smearsum,xtaylor,complete,1,2902,5.983819000000002,3.9158513995343007,3.919767250933835,10
ex7_2_4.bch,medium,smearsumrel,xtaylor,complete,1,2848,5.4383440000000025,3.9156621848058646,3.91957784699067,10
ex7_2_5.bch,easy,largestfirst,both,complete,1,344,0.2596800000000001,10112.962186038341,10123.075148224378,600.0
ex7_2_5.bch,easy,lsmear,both,complete,1,8,0.013474000000000003,10118.362089950015,10123.119433732452,600.0
ex7_2_5.bch,easy,lsmear-box,both,complete,1,8,0.013363000000000002,10118.362089950015,10123.119433732452,600.0
ex7_2_5.bch,easy,roundrobin,both,complete,1,12,0.02033800000000001,10117.06901121367,10122.524411876897,600.0
ex7_2_5.bch,easy,smearmax,both,complete,1,18,0.03158600000000001,10119.709324579668,10122.495727689276,600.0
ex7_2_5.bch,easy,smearmaxrel,both,complete,1,10,0.015876,10119.136242673372,10123.109760772752,600.0
ex7_2_5.bch,easy,smearsum,both,complete,1,18,0.031144000000000005,10119.709324579668,10122.495727689276,600.0
ex7_2_5.bch,easy,smearsumrel,both,complete,1,10,0.015928,10119.136242673372,10123.109760772752,600.0
ex7_2_5.bch,easy,largestfirst,xtaylor,complete,1,230,0.18524800000000005,10114.400560736389,10124.514961297124,10
ex7_2_5.bch,easy,lsmear,xtaylor,complete,1,12,0.019932000000000002,10112.912883705063,10123.025796588767,10
ex7_2_5.bch,easy,lsmear-box,xtaylor,complete,1,12,0.02271600000000001,10112.912883705063,10123.025796588767,10
ex7_2_5.bch,easy,roundrobin,xtaylor,complete,1,18,0.018848000000000004,10114.053814613024,10124.167868427634,10
ex7_2_5.bch,easy,smearmax,xtaylor,complete,1,14,0.015574999999999999,10121.250114524759,10131.37136463928,10
ex7_2_5.bch,easy,smearmaxrel,xtaylor,complete,1,10,0.015411000000000005,10112.792727804857,10122.90552053266,10
ex7_2_5.bch,easy,smearsum,xtaylor,complete,1,14,0.015616000000000003,10121.250114524759,10131.37136463928,10
ex7_2_5.bch,easy,smearsumrel,xtaylor,complete,1,10,0.015392000000000003,10112.792727804857,10122.90552053266,10
ex7_2_6.bch,easy,largestfirst,both,complete,1,18,0.012853000000000002,-83.2799794797856,-83.19669950030583,600.0
ex7_2_6.bch,easy,lsmear,both,complete,1,20,0.02189200000000001,-83.32865664156644,-83.24532798492488,600.0
ex7_2_6.bch,easy,lsmear-box,both,complete,1,20,0.014546000000000007,-83.32865664156644,-83.24532798492488,600.0
ex7_2_6.bch,easy,roundrobin,both,complete,1,30,0.019111000000000006,-83.264534285372,-83.18126975108663,600.0
ex7_2_6.bch,easy,smearmax,both,complete,1,36,0.02401500000000001,-83.25150971944807,-83.16825820972863,600.0
ex7_2_6.bch,easy,smearmaxrel,both,complete,1,24,0.015050000000000001,-83.29193758406875,-83.2086456464847,600.0
ex7_2_6.bch,easy,smearsum,both,complete,1,36,0.024079000000000007,-83.25150971944807,-83.16825820972863,600.0
ex7_2_6.bch,easy,smearsumrel,both,complete,1,24,0.01940500000000001,-83.26779190328944,-83.18452411138615,600.0
ex7_2_6.bch,easy,largestfirst,xtaylor,complete,1,24,0.013513000000000004,-83.30650981014053,-83.2232033003304,10
ex7_2_6.bch,easy,lsmear,xtaylor,complete,1,18,0.012229000000000004,-83.3309143422508,-83.24758342790855,10
ex7_2_6.bch,easy,lsmear-box,xtaylor,complete,1,18,0.011854000000000002,-83.3309143422508,-83.24758342790855,10
ex7_2_6.bch,easy,roundrobin,xtaylor,complete,1,28,0.014683000000000002,-83.32330299739729,-83.2399796943999,10
ex7_2_6.bch,easy,smearmax,xtaylor,complete,1,22,0.016576000000000004,-83.32064312808231,-83.23732248495425,10
ex7_2_6.bch,easy,smearmaxrel,xtaylor,complete,1,24,0.014701000000000004,-83.32589443891545,-83.24256854447655,10
ex7_2_6.bch,easy,smearsum,xtaylor,complete,1,22,0.017229000000000005,-83.32064312808231,-83.23732248495425,10
ex7_2_6.bch,easy,smearsumrel,xtaylor,complete,1,28,0.015892000000000003,-83.31656211949837,-83.2332455573789,10
ex7_2_7.bch,easy,largestfirst,both,complete,1,138,0.08701000000000003,-5.740265739749016,-5.734525474009268,600.0
ex7_2_7.bch,easy,lsmear,both,complete,1,46,0.04741600000000001,-5.744203270201162,-5.738459066930961,600.0
ex7_2_7.bch,easy,lsmear-box,both,complete,1,44,0.047958000000000015,-5.743010547414336,-5.737267536866923,600.0
ex7_2_7.bch,easy,roundrobin,both,complete,1,34,0.035831000000000016,-5.7445485611333025,-5.73880401257217,600.0
ex7_2_7.bch,easy,smearmax,both,complete,1,38,0.04074100000000001,-5.74312014169828,-5.737377021556583,600.0
ex7_2_7.bch,easy,smearmaxrel,both,complete,1,34,0.04412300000000001,-5.741516885350997,-5.735775368465647,600.0
ex7_2_7.bch,easy,smearsum,both,complete,1,38,0.04605200000000002,-5.74312014169828,-5.737377021556583,600.0
ex7_2_7.bch,easy,smearsumrel,both,complete,1,54,0.05038300000000001,-5.743420444726006,-5.737677024281281,600.0
ex7_2_7.bch,easy,largestfirst,xtaylor,complete,1,92,0.058541000000000024,-5.744532966404371,-5.738788433437968,10
ex7_2_7.bch,easy,lsmear,xtaylor,complete,1,46,0.049285000000000016,-5.742409857586404,-5.736667447728818,10
ex7_2_7.bch,easy,lsmear-box,xtaylor,complete,1,40,0.04032200000000001,-5.741253511250392,-5.735512257739142,10
ex7_2_7.bch,easy,roundrobin,xtaylor,complete,1,42,0.03989900000000001,-5.744484262915524,-5.738739778652609,10
ex7_2_7.bch,easy,smearmax,xtaylor,complete,1,38,0.039079000000000017,-5.745379432793848,-5.739634053361055,10
ex7_2_7.bch,easy,smearmaxrel,xtaylor,complete,1,32,0.03736400000000001,-5.7437102686075034,-5.737966558338897,10
ex7_2_7.bch,easy,smearsum,xtaylor,complete,1,44,0.04328300000000001,-5.744969081218536,-5.739224112137318,10
ex7_2_7.bch,easy,smearsumrel,xtaylor,complete,1,54,0.05174000000000001,-5.743177887785026,-5.737434709897242,10
ex7_2_8.bch,medium,largestfirst,both,timeout,0,479452,600.0071980000001,-7.110570126153174,-6.070505542187199,600.0
ex7_2_8.bch,medium,lsmear,both,complete,1,716,1.7243740000000003,-6.085673054400374,-6.079587381345974,600.0
ex7_2_8.bch,medium,lsmear-box,both,complete,1,1074,2.3816330000000008,-6.085433617527003,-6.0793481839094765,600.0
ex7_2_8.bch,medium,roundrobin,both,complete,1,1858,3.6843590000000006,-6.084499542627863,-6.0784150430852355,600.0
ex7_2_8.bch,medium,smearmax,both,complete,1,958,2.3738520000000007,-6.084459660982915,-6.078375201321934,600.0
ex7_2_8.bch,medium,smearmaxrel,both,complete,1,24394,44.667966000000014,-6.085915375846569,-6.079829460470723,600.0
ex7_2_8.bch,medium,smearsum,both,complete,1,1024,2.5364660000000008,-6.087106122686887,-6.081019016564201,600.0
ex7_2_8.bch,medium,smearsumrel,both,complete,1,1314,2.981248000000001,-6.085072192314927,-6.078987120122613,600.0
ex7_2_8.bch,medium,largestfirst,xtaylor,timeout,0,493524,600.0006320000001,-6.251483645072745,-6.078467177048526,600.0
ex7_2_8.bch,medium,lsmear,xtaylor,complete,1,1576,3.516412000000001,-6.0875726380787745,-6.081485065440696,10
ex7_2_8.bch,medium,lsmear-box,xtaylor,complete,1,1798,3.1688730000000005,-6.0873871824017325,-6.081299795219332,10
ex7_2_8.bch,medium,roundrobin,xtaylor,complete,1,2616,4.199808000000001,-6.085924193126877,-6.0798382689337505,10
ex7_2_8.bch,medium,smearmax,xtaylor,complete,1,2412,5.109720000000001,-6.084183124249856,-6.0780989411256074,10
ex7_2_8.bch,medium,smearmaxrel,xtaylor,complete,1,47042,84.22499100000003,-6.086958378105078,-6.080871419726973,600.0
ex7_2_8.bch,medium,smearsum,xtaylor,complete,1,2616,5.571574000000001,-6.085044947799446,-6.078959902851647,10
ex7_2_8.bch,medium,smearsumrel,xtaylor,complete,1,2180,4.166841000000001,-6.085696381242205,-6.079610684860964,10
ex7_2_9.bch,medium,largestfirst,both,timeout,0,588942,600.0023070000002,0.37152160641008825,1.2686888737127764,600.0
ex7_2_9.bch,medium,lsmear,both,complete,1,8188,12.823763000000003,1.143084339350905,1.1442274236902557,600.0
ex7_2_9.bch,medium,lsmear-box,both,complete,1,27634,31.436543000000007,1.1428648079263508,1.144007672734277,600.0
ex7_2_9.bch,medium,roundrobin,both,complete,1,4118,8.039670000000001,1.1429439795706169,1.1440869235501872,600.0
ex7_2_9.bch,medium,smearmax,both,complete,1,1742,4.6620620000000015,1.1430998828776695,1.144242982760547,600.0
ex7_2_9.bch,medium,smearmaxrel,both,complete,1,90050,275.1584670000001,1.142666085043828,1.1438087511288715,600.0
ex7_2_9.bch,medium,smearsum,both,complete,1,1564,4.164636000000002,1.1427683819195678,1.1439111503014872,600.0
ex7_2_9.bch,medium,smearsumrel,both,complete,1,55130,110.35033400000005,1.1428497043340602,1.143992554038394,600.0
ex7_2_9.bch,medium,largestfirst,xtaylor,timeout,0,707324,600.0017680000002,0.22442647529506338,1.5414153983787084,600.0
ex7_2_9.bch,medium,lsmear,xtaylor,complete,1,7264,12.287552000000003,1.143012991457268,1.144156004448725,600.0
ex7_2_9.bch,medium,lsmear-box,xtaylor,complete,1,9134,13.603622000000003,1.1430004982009185,1.1441434986991192,600.0
ex7_2_9.bch,medium,roundrobin,xtaylor,complete,1,4756,8.340251000000002,1.1427991033316862,1.1439419024350177,10
ex7_2_9.bch,medium,smearmax,xtaylor,complete,1,2078,5.225494000000002,1.14293828651361,1.1440812248001233,10
ex7_2_9.bch,medium,smearmaxrel,xtaylor,timeout,0,303584,600.0006350000002,1.125208792955993,1.1438839812462835,600.0
ex7_2_9.bch,medium,smearsum,xtaylor,complete,1,2088,5.399634000000002,1.1427941999450906,1.1439369941450355,10
ex7_2_9.bch,medium,smearsumrel,xtaylor,complete,1,55850,164.50615400000007,1.1427652349844677,1.143908000219452,600.0
ex7_3_1.bch,easy,largestfirst,both,complete,1,46,0.05653300000000003,0.3416640734500866,0.34200573752353663,600.0
ex7_3_1.bch,easy,lsmear,both,complete,1,62,0.08941700000000002,0.3414922470760737,0.3418337393231497,600.0
ex7_3_1.bch,easy,lsmear-box,both,complete,1,62,0.08966200000000003,0.3414922470760737,0.3418337393231497,600.0
ex7_3_1.bch,easy,roundrobin,both,complete,1,90,0.10513300000000005,0.3413995566560602,0.3417409562127162,600.0
ex7_3_1.bch,easy,smearmax,both,complete,1,114,0.11757400000000004,0.34141920094884187,0.34176062014979064,600.0
ex7_3_1.bch,easy,smearmaxrel,both,complete,1,48,0.06133500000000002,0.34142740643431846,0.34176883384075274,600.0
ex7_3_1.bch,easy,smearsum,both,complete,1,114,0.11708500000000004,0.34141920094884187,0.34176062014979064,600.0
ex7_3_1.bch,easy,smearsumrel,both,complete,1,62,0.08594000000000003,0.3414922470760737,0.3418337393231497,600.0
ex7_3_1.bch,easy,largestfirst,xtaylor,complete,1,46,0.05284200000000002,0.3416223025821557,0.3419639248847378,10
ex7_3_1.bch,easy,lsmear,xtaylor,complete,1,60,0.08441300000000004,0.34150068912089626,0.3418421898100171,10
ex7_3_1.bch,easy,lsmear-box,xtaylor,complete,1,60,0.08508000000000003,0.34150068912089626,0.3418421898100171,10
ex7_3_1.bch,easy,roundrobin,xtaylor,complete,1,90,0.10510600000000002,0.34160292385896823,0.34194452678282716,10
ex7_3_1.bch,easy,smearmax,xtaylor,complete,1,114,0.09700200000000002,0.3415282430996379,0.3418697713427375,10
ex7_3_1.bch,easy,smearmaxrel,xtaylor,complete,1,48,0.06001900000000002,0.3414045047118527,0.3417459092165645,10
ex7_3_1.bch,easy,smearsum,xtaylor,complete,1,114,0.09614500000000001,0.3415282430996379,0.3418697713427375,10
ex7_3_1.bch,easy,smearsumrel,xtaylor,complete,1,60,0.08173600000000002,0.34150068912089626,0.3418421898100171,10
ex7_3_2.bch,easy,largestfirst,both,complete,1,258,0.14778200000000002,1.0887886945325418,1.0898774832270741,600.0
ex7_3_2.bch,easy,lsmear,both,complete,1,84,0.06179100000000002,1.0888147251047657,1.0899035398298702,600.0
ex7_3_2.bch,easy,lsmear-box,both,complete,1,84,0.061355000000000014,1.0888147251047657,1.0899035398298702,600.0
ex7_3_2.bch,easy,roundrobin,both,complete,1,80,0.05748600000000002,1.0888957828725485,1.0899846786554208,600.0
ex7_3_2.bch,easy,smearmax,both,complete,1,80,0.06493700000000002,1.0894332922766146,1.090522725568891,600.0
ex7_3_2.bch,easy,smearmaxrel,both,complete,1,72,0.05723000000000002,1.0887882407303298,1.0898770289710598,600.0
ex7_3_2.bch,easy,smearsum,both,complete,1,80,0.06494500000000002,1.0887758486707495,1.08986462451942,600.0
ex7_3_2.bch,easy,smearsumrel,both,complete,1,84,0.05629100000000002,1.0888147251047657,1.0899035398298702,600.0
ex7_3_2.bch,easy,largestfirst,xtaylor,complete,1,258,0.15865100000000004,1.0888056015366399,1.0898944071381762,10
ex7_3_2.bch,easy,lsmear,xtaylor,complete,1,84,0.05536200000000001,1.0888014613442631,1.089890262805607,10
ex7_3_2.bch,easy,lsmear-box,xtaylor,complete,1,84,0.05432400000000001,1.0888014613442631,1.089890262805607,10
ex7_3_2.bch,easy,roundrobin,xtaylor,complete,1,80,0.053510000000000016,1.0889717262985819,1.0900606980248801,10
ex7_3_2.bch,easy,smearmax,xtaylor,complete,1,76,0.058657000000000015,1.0887796349703076,1.0898684146052777,10
ex7_3_2.bch,easy,smearmaxrel,xtaylor,complete,1,72,0.07572200000000003,1.088777498130365,1.0898662756284951,10
ex7_3_2.bch,easy,smearsum,xtaylor,complete,1,76,0.058471000000000016,1.0887796349703076,1.0898684146052777,10
ex7_3_2.bch,easy,smearsumrel,xtaylor,complete,1,84,0.05036000000000001,1.0888014613442631,1.089890262805607,10
ex7_3_3.bch,easy,largestfirst,both,complete,1,410,0.6321630000000003,0.8175266403490473,0.818295020688458,600.0
ex7_3_3.bch,easy,lsmear,both,complete,1,90,0.11722100000000003,0.817308999321045,0.8181263083203659,600.0
ex7_3_3.bch,easy,lsmear-box,both,complete,1,90,0.11591400000000004,0.817308999321045,0.8181263083203659,600.0
ex7_3_3.bch,easy,roundrobin,both,complete,1,50,0.06784800000000002,0.8170631042101307,0.8178801673143408,600.0
ex7_3_3.bch,easy,smearmax,both,complete,1,76,0.10571200000000003,0.8175276526430302,0.8181235523790753,600.0
ex7_3_3.bch,easy,smearmaxrel,both,complete,1,132,0.15778900000000004,0.8175275007701754,0.8177779266712752,600.0
ex7_3_3.bch,easy,smearsum,both,complete,1,84,0.10928800000000002,0.8175278429203954,0.8179191764922034,600.0
ex7_3_3.bch,easy,smearsumrel,both,complete,1,90,0.10896800000000002,0.817308999321045,0.8181263083203659,600.0
ex7_3_3.bch,easy,largestfirst,xtaylor,complete,1,404,0.5075240000000001,0.8175285307125835,0.8177602194096196,10
ex7_3_3.bch,easy,lsmear,xtaylor,complete,1,120,0.14866900000000005,0.8175026430335643,0.8183201456765978,10
ex7_3_3.bch,easy,lsmear-box,xtaylor,complete,1,120,0.14825700000000006,0.8175026430335643,0.8183201456765978,10
ex7_3_3.bch,easy,roundrobin,xtaylor,complete,1,106,0.11225500000000004,0.8175257109652848,0.8178821701044359,10
ex7_3_3.bch,easy,smearmax,xtaylor,complete,1,76,0.09464200000000003,0.8175287028794278,0.817926595253768,10
ex7_3_3.bch,easy,smearmaxrel,xtaylor,complete,1,104,0.11276600000000005,0.8169623656546762,0.8177793280203307,10
ex7_3_3.bch,easy,smearsum,xtaylor,complete,1,80,0.08780600000000002,0.8175207206810454,0.8179315560350511,10
ex7_3_3.bch,easy,smearsumrel,xtaylor,complete,1,120,0.13898800000000003,0.8175026430335643,0.8183201456765978,10
ex7_3_4.bch,medium,largestfirst,both,timeout,0,105712,600.004976,4.440892098500626e-14,547.9016758526218,600.0
ex7_3_4.bch,medium,lsmear,both,complete,1,252,1.5019450000000005,6.27227502727748,6.278547302304757,600.0
ex7_3_4.bch,medium,lsmear-box,both,complete,1,252,1.5225860000000004,6.27227502727748,6.278547302304757,600.0
ex7_3_4.bch,medium,roundrobin,both,complete,1,1824,9.704260000000003,6.269424128090061,6.275693552218151,600.0
ex7_3_4.bch,medium,smearmax,both,complete,1,3526,17.587594000000006,6.269006306093458,6.27527531239955,600.0
ex7_3_4.bch,medium,smearmaxrel,both,complete,1,2406,11.658345000000002,6.272917129393333,6.279190046522725,600.0
ex7_3_4.bch,medium,smearsum,both,complete,1,2186,10.577560000000004,6.274203618911031,6.276916622049171,600.0
ex7_3_4.bch,medium,smearsumrel,both,complete,1,252,1.4621440000000006,6.27227502727748,6.278547302304757,600.0
ex7_3_4.bch,medium,largestfirst,xtaylor,timeout,0,139670,600.0014860000001,5.3290705182007514e-14,497.9055298452785,600.0
ex7_3_4.bch,medium,lsmear,xtaylor,complete,1,310,1.5128780000000004,6.270574392183249,6.276844966575432,10
ex7_3_4.bch,medium,lsmear-box,xtaylor,complete,1,310,1.5144610000000003,6.270574392183249,6.276844966575432,10
ex7_3_4.bch,medium,roundrobin,xtaylor,complete,1,1796,7.945251000000002,6.268693050459483,6.274961743509941,10
ex7_3_4.bch,medium,smearmax,xtaylor,complete,1,3710,14.743043000000004,6.272851467773039,6.279124319240811,600.0
ex7_3_4.bch,medium,smearmaxrel,xtaylor,complete,1,2090,8.420208000000002,6.268734112946402,6.275002847059348,10
ex7_3_4.bch,medium,smearsum,xtaylor,complete,1,2636,10.779030000000006,6.270574622260728,6.276845196882988,600.0
ex7_3_4.bch,medium,smearsumrel,xtaylor,complete,1,310,1.4585250000000005,6.270574392183249,6.276844966575432,10
ex7_3_4bis.bch,medium,largestfirst,both,timeout,0,466138,600.0013480000002,7.660538869913579e-14,640.6393259655135,600.0
ex7_3_4bis.bch,medium,lsmear,both,complete,1,718,1.2608310000000005,6.266163062335441,6.272429225397776,600.0
ex7_3_4bis.bch,medium,lsmear-box,both,complete,1,718,1.2629350000000004,6.266163062335441,6.272429225397776,600.0
ex7_3_4bis.bch,medium,roundrobin,both,complete,1,7350,9.563072000000004,6.271653387748892,6.2779250411366405,600.0
ex7_3_4bis.bch,medium,smearmax,both,complete,1,1670,3.035722000000001,6.269045980625753,6.275315026606378,600.0
ex7_3_4bis.bch,medium,smearmaxrel,both,timeout,0,653404,600.0006610000002,5.630548912302933,6.274818483421047,600.0
ex7_3_4bis.bch,medium,smearsum,both,complete,1,3134,5.820178000000001,6.271604686660638,6.277876291347297,600.0
ex7_3_4bis.bch,medium,smearsumrel,both,complete,1,718,1.1804170000000003,6.266163062335441,6.272429225397776,600.0
ex7_3_4bis.bch,medium,largestfirst,xtaylor,timeout,0,549228,600.0010140000003,8.348877145181177e-14,640.0563743961426,600.0
ex7_3_4bis.bch,medium,lsmear,xtaylor,complete,1,830,1.2815340000000002,6.270098420237277,6.276368518657513,10
ex7_3_4bis.bch,medium,lsmear-box,xtaylor,complete,1,830,1.2691570000000003,6.270098420237277,6.276368518657513,10
ex7_3_4bis.bch,medium,roundrobin,xtaylor,complete,1,12136,12.746635000000005,6.26732637415527,6.273593700529425,600.0
ex7_3_4bis.bch,medium,smearmax,xtaylor,complete,1,1942,3.0735430000000012,6.26611703963687,6.272383156676506,10
ex7_3_4bis.bch,medium,smearmaxrel,xtaylor,timeout,0,667620,600.0009350000003,5.219092414652002,6.273630368815968,600.0
ex7_3_4bis.bch,medium,smearsum,xtaylor,complete,1,2458,4.215925000000001,6.271175458019062,6.27744663347708,10
ex7_3_4bis.bch,medium,smearsumrel,xtaylor,complete,1,830,1.1974760000000004,6.270098420237277,6.276368518657513,10
ex7_3_5.bch,blowup,largestfirst,both,timeout,0,224214,600.0034360000002,0.5781577148510001,inf,600.0
ex7_3_5.bch,blowup,lsmear,both,complete,1,448,1.4381810000000006,1.2067151094551232,1.2068962349647923,600.0
ex7_3_5.bch,blowup,lsmear-box,both,complete,1,448,1.4479990000000005,1.2067151094551232,1.2068962349647923,600.0
ex7_3_5.bch,blowup,roundrobin,both,complete,1,632,2.349904000000001,1.2055992723000943,1.2068048715723942,600.0
ex7_3_5.bch,blowup,smearmax,both,complete,1,630,3.3103510000000007,1.2067076955120337,1.2068963215727664,600.0
ex7_3_5.bch,blowup,smearmaxrel,both,complete,1,5304,17.672936000000007,1.2067053222656252,1.2068523781065619,600.0
ex7_3_5.bch,blowup,smearsum,both,complete,1,590,3.176238000000001,1.2067121723598913,1.206896287737905,600.0
ex7_3_5.bch,blowup,smearsumrel,both,complete,1,448,1.3571150000000003,1.2067151094551232,1.2068962349647923,600.0
ex7_3_5.bch,blowup,largestfirst,xtaylor,timeout,0,236570,600.0016730000002,0.5765381451534445,inf,600.0
ex7_3_5.bch,blowup,lsmear,xtaylor,complete,1,450,1.2912800000000006,1.2067158301736312,1.2068962433446127,10
ex7_3_5.bch,blowup,lsmear-box,xtaylor,complete,1,450,1.2935320000000003,1.2067158301736312,1.2068962433446127,10
ex7_3_5.bch,blowup,roundrobin,xtaylor,complete,1,620,2.0731690000000005,1.2056906015353062,1.2068962921368411,10
ex7_3_5.bch,blowup,smearmax,xtaylor,complete,1,684,3.2148810000000014,1.2067076911073082,1.206896329658674,10
ex7_3_5.bch,blowup,smearmaxrel,xtaylor,complete,1,6150,16.980255000000007,1.2067053222656252,1.2068525101584398,600.0
ex7_3_5.bch,blowup,smearsum,xtaylor,complete,1,640,2.9978130000000007,1.2056905970676228,1.2068962876646903,10
ex7_3_5.bch,blowup,smearsumrel,xtaylor,complete,1,450,1.2232750000000006,1.2067158301736312,1.2068962433446127,10
ex7_3_5bis.bch,medium,largestfirst,both,timeout,0,1157826,600.0000780000001,1.8110034544790698e-12,inf,600.0
ex7_3_5bis.bch,medium,lsmear,both,complete,1,4274,3.6334880000000007,1.2056603513848478,1.2068660117362324,600.0
ex7_3_5bis.bch,medium,lsmear-box,both,complete,1,4274,3.5883860000000007,1.2056603513848478,1.2068660117362324,600.0
ex7_3_5bis.bch,medium,roundrobin,both,complete,1,64770,50.462178000000016,1.2056907289050844,1.2068964196339893,600.0
ex7_3_5bis.bch,medium,smearmax,both,complete,1,7156,5.678553000000002,1.2056982229078375,1.206903921130745,600.0
ex7_3_5bis.bch,medium,smearmaxrel,both,complete,1,4948,3.893412000000001,1.2055729070209804,1.2067784799280012,600.0
ex7_3_5bis.bch,medium,smearsum,both,complete,1,6054,4.657712000000002,1.2056599015019873,1.206865561403489,600.0
ex7_3_5bis.bch,medium,smearsumrel,both,complete,1,4274,3.301366000000001,1.2056603513848478,1.2068660117362324,600.0
ex7_3_5bis.bch,medium,largestfirst,xtaylor,timeout,0,1447750,600.0004620000001,2.263515045895254e-12,inf,600.0
ex7_3_5bis.bch,medium,lsmear,xtaylor,complete,1,4378,3.2459420000000008,1.2056603334186544,1.206865993752073,10
ex7_3_5bis.bch,medium,lsmear-box,xtaylor,complete,1,4378,3.223786000000001,1.2056603334186544,1.206865993752073,10
ex7_3_5bis.bch,medium,roundrobin,xtaylor,complete,1,330944,200.19768300000004,1.2056906976124322,1.2068963883100443,600.0
ex7_3_5bis.bch,medium,smearmax,xtaylor,complete,1,7488,4.938683000000002,1.2055655167843813,1.2067710823011655,10
ex7_3_5bis.bch,medium,smearmaxrel,xtaylor,complete,1,5370,3.723385000000001,1.2056109950002352,1.2068166059952352,10
ex7_3_5bis.bch,medium,smearsum,xtaylor,complete,1,6104,3.9430800000000006,1.2056598871620323,1.206865547049194,10
ex7_3_5bis.bch,medium,smearsumrel,xtaylor,complete,1,4378,2.9300280000000014,1.2056603334186544,1.206865993752073,10
ex7_3_6.bch,easy,largestfirst,both,infeasible,0,0,2.9999999999752447e-06,-inf,inf,600.0
ex7_3_6.bch,easy,lsmear,both,infeasible,0,0,9.999999999732445e-07,-inf,inf,600.0
ex7_3_6.bch,easy,lsmear-box,both,infeasible,0,0,2.000000000002e-06,-inf,inf,600.0
ex7_3_6.bch,easy,roundrobin,both,infeasible,0,0,1.999999999946489e-06,-inf,inf,600.0
ex7_3_6.bch,easy,smearmax,both,infeasible,0,0,3.000000000030756e-06,-inf,inf,600.0
ex7_3_6.bch,easy,smearmaxrel,both,infeasible,0,0,2.000000000002e-06,-inf,inf,600.0
ex7_3_6.bch,easy,smearsum,both,infeasible,0,0,2.000000000002e-06,-inf,inf,600.0
ex7_3_6.bch,easy,smearsumrel,both,infeasible,0,0,2.000000000002e-06,-inf,inf,600.0
ex7_3_6.bch,easy,largestfirst,xtaylor,complete,0,0,2.000000000002e-06,-inf,inf,10
ex7_3_6.bch,easy,lsmear,xtaylor,complete,0,0,1.0000000000287557e-06,-inf,inf,10
ex7_3_6.bch,easy,lsmear-box,xtaylor,complete,0,0,2.000000000002e-06,-inf,inf,10
ex7_3_6.bch,easy,roundrobin,xtaylor,complete,0,0,2.000000000002e-06,-inf,inf,10
ex7_3_6.bch,easy,smearmax,xtaylor,complete,0,0,2.000000000002e-06,-inf,inf,10
ex7_3_6.bch,easy,smearmaxrel,xtaylor,complete,0,0,2.000000000002e-06,-inf,inf,10
ex7_3_6.bch,easy,smearsum,xtaylor,complete,0,0,2.000000000002e-06,-inf,inf,10
ex7_3_6.bch,easy,smearsumrel,xtaylor,complete,0,0,2.9999999999752447e-06,-inf,inf,10
ex8_1_1.bch,easy,largestfirst,affine,complete,1,20,0.007201000000000002,-2.0221216532318067,-2.0204577439990445,60.0
ex8_1_1.bch,easy,lsmear,affine,complete,1,10,0.005478000000000001,-2.022206487287845,-2.021051617101635,60.0
ex8_1_1.bch,easy,lsmear-box,affine,complete,1,10,0.004955,-2.022206487287845,-2.021051617101635,60.0
ex8_1_1.bch,easy,roundrobin,affine,complete,1,10,0.003457000000000001,-2.0221148339333173,-2.0218063128197787,60.0
ex8_1_1.bch,easy,smearmax,affine,complete,1,6,0.0019100000000000002,-2.0227823286319833,-2.021798634034471,60.0
ex8_1_1.bch,easy,smearmaxrel,affine,complete,1,20,0.0069590000000000025,-2.0221216532318067,-2.0204577439990445,60.0
ex8_1_1.bch,easy,smearsum,affine,complete,1,6,0.0018740000000000004,-2.0227823286319833,-2.021798634034471,60.0
ex8_1_1.bch,easy,smearsumrel,affine,complete,1,10,0.004517000000000002,-2.022206487287845,-2.021051617101635,60.0
ex8_1_1.bch,easy,largestfirst,both,complete,1,18,0.007655000000000001,-2.021967721553472,-2.019945753831919,600.0
ex8_1_1.bch,easy,lsmear,both,complete,1,10,0.005044000000000001,-2.0220629608407323,-2.0207500120244437,600.0
ex8_1_1.bch,easy,lsmear-box,both,complete,1,10,0.004999000000000001,-2.0220629608407323,-2.0207500120244437,600.0
ex8_1_1.bch,easy,roundrobin,both,complete,1,10,0.004503000000000001,-2.022070449490304,-2.021806543447165,600.0
ex8_1_1.bch,easy,smearmax,both,complete,1,6,0.002287,-2.0238225914213834,-2.0217987688299623,600.0
ex8_1_1.bch,easy,smearmaxrel,both,complete,1,18,0.007912000000000002,-2.021967721553472,-2.019945753831919,600.0
ex8_1_1.bch,easy,smearsum,both,complete,1,6,0.0022880000000000005,-2.0238225914213834,-2.0217987688299623,600.0
ex8_1_1.bch,easy,smearsumrel,both,complete,1,10,0.004539000000000001,-2.0220629608407323,-2.0207500120244437,600.0
ex8_1_1.bch,easy,largestfirst,xtaylor,complete,1,20,0.007045000000000002,-2.021967721553472,-2.019945753831919,10
ex8_1_1.bch,easy,lsmear,xtaylor,complete,1,10,0.004423000000000001,-2.0220700037691373,-2.0202131318259875,10
ex8_1_1.bch,easy,lsmear-box,xtaylor,complete,1,10,0.006707000000000001,-2.0220700037691373,-2.0202131318259875,10
ex8_1_1.bch,easy,roundrobin,xtaylor,complete,1,10,0.0037860000000000007,-2.0221646643605933,-2.021806442702891,10
ex8_1_1.bch,easy,smearmax,xtaylor,complete,1,6,0.0020440000000000007,-2.0238225914213834,-2.0217987688299623,10
ex8_1_1.bch,easy,smearmaxrel,xtaylor,complete,1,20,0.007817000000000003,-2.021967721553472,-2.019945753831919,10
ex8_1_1.bch,easy,smearsum,xtaylor,complete,1,6,0.0029430000000000007,-2.0238225914213834,-2.0217987688299623,10
ex8_1_1.bch,easy,smearsumrel,xtaylor,complete,1,10,0.0039320000000000015,-2.0220700037691373,-2.0202131318259875,10
ex8_1_2.bch,easy,largestfirst,both,complete,1,14,0.006707000000000001,-1.0719329463244858,-1.0708610133781615,600.0
ex8_1_2.bch,easy,lsmear,both,complete,1,14,0.008109000000000002,-1.0719329463244858,-1.0708610133781615,600.0
ex8_1_2.bch,easy,lsmear-box,both,complete,1,14,0.008081000000000003,-1.0719329463244858,-1.0708610133781615,600.0
ex8_1_2.bch,easy,roundrobin,both,complete,1,22,0.008452000000000001,-1.0717687497684156,-1.0706969810186475,600.0
ex8_1_2.bch,easy,smearmax,both,complete,1,14,0.007440000000000004,-1.0719329463244858,-1.0708610133781615,600.0
ex8_1_2.bch,easy,smearmaxrel,both,complete,1,14,0.007457000000000002,-1.0719329463244858,-1.0708610133781615,600.0
ex8_1_2.bch,easy,smearsum,both,complete,1,14,0.007525000000000001,-1.0719329463244858,-1.0708610133781615,600.0
ex8_1_2.bch,easy,smearsumrel,both,complete,1,14,0.007422000000000002,-1.0719329463244858,-1.0708610133781615,600.0
ex8_1_2.bch,easy,largestfirst,xtaylor,complete,1,14,0.006861000000000002,-1.071927360213575,-1.0708554328533617,10
ex8_1_2.bch,easy,lsmear,xtaylor,complete,1,14,0.011403000000000005,-1.071927360213575,-1.0708554328533617,10
ex8_1_2.bch,easy,lsmear-box,xtaylor,complete,1,14,0.008072000000000001,-1.071927360213575,-1.0708554328533617,10
ex8_1_2.bch,easy,roundrobin,xtaylor,complete,1,14,0.008105000000000003,-1.071859560521973,-1.0707877009614513,10
ex8_1_2.bch,easy,smearmax,xtaylor,complete,1,14,0.007591000000000002,-1.071927360213575,-1.0708554328533617,10
ex8_1_2.bch,easy,smearmaxrel,xtaylor,complete,1,14,0.007550000000000002,-1.071927360213575,-1.0708554328533617,10
ex8_1_2.bch,easy,smearsum,xtaylor,complete,1,14,0.010462000000000003,-1.071927360213575,-1.0708554328533617,10
ex8_1_2.bch,easy,smearsumrel,xtaylor,complete,1,14,0.007653000000000001,-1.071927360213575,-1.0708554328533617,10
ex8_1_4.bch,easy,largestfirst,both,complete,1,164,0.09775500000000004,-8.176282799579112e-08,1.823717200420886e-08,600.0
ex8_1_4.bch,easy,lsmear,both,complete,1,28,0.014055000000000003,-9.999999999999998e-08,0,600.0
ex8_1_4.bch,easy,lsmear-box,both,complete,1,28,0.013906000000000007,-9.999999999999998e-08,0,600.0
ex8_1_4.bch,easy,roundrobin,both,complete,1,38,0.015377000000000005,-9.999999999999998e-08,0,600.0
ex8_1_4.bch,easy,smearmax,both,complete,1,56,0.022319000000000006,-5.94901427100632e-08,4.050985728993679e-08,600.0
ex8_1_4.bch,easy,smearmaxrel,both,complete,1,28,0.012810000000000002,-9.999999999999998e-08,0,600.0
ex8_1_4.bch,easy,smearsum,both,complete,1,56,0.022588000000000004,-5.94901427100632e-08,4.050985728993679e-08,600.0
ex8_1_4.bch,easy,smearsumrel,both,complete,1,28,0.012832000000000005,-9.999999999999998e-08,0,600.0
ex8_1_4.bch,easy,largestfirst,xtaylor,complete,1,164,0.07883400000000003,-5.6682154370784835e-11,9.994331784562921e-08,10
ex8_1_4.bch,easy,lsmear,xtaylor,complete,1,32,0.014712000000000005,-9.999999999999998e-08,0,10
ex8_1_4.bch,easy,lsmear-box,xtaylor,complete,1,32,0.014436000000000008,-9.999999999999998e-08,0,10
ex8_1_4.bch,easy,roundrobin,xtaylor,complete,1,46,0.015316000000000001,-9.999999999999998e-08,0,10
ex8_1_4.bch,easy,smearmax,xtaylor,complete,1,78,0.027829000000000007,-6.067848721287722e-08,3.932151278712275e-08,10
ex8_1_4.bch,easy,smearmaxrel,xtaylor,complete,1,32,0.013325000000000002,-9.999999999999998e-08,0,10
ex8_1_4.bch,easy,smearsum,xtaylor,complete,1,78,0.027652000000000006,-6.067848721287722e-08,3.932151278712275e-08,10
ex8_1_4.bch,easy,smearsumrel,xtaylor,complete,1,32,0.016433000000000003,-9.999999999999998e-08,0,10
ex8_1_5.bch,easy,largestfirst,both,complete,1,1700,0.6123970000000003,-1.0324505374834658,-1.0314180869459826,600.0
ex8_1_5.bch,easy,lsmear,both,complete,1,76,0.05055000000000001,-1.032178291159676,-1.0311461128685164,600.0
ex8_1_5.bch,easy,lsmear-box,both,complete,1,76,0.06072200000000002,-1.032178291159676,-1.0311461128685164,600.0
ex8_1_5.bch,easy,roundrobin,both,complete,1,84,0.04082400000000001,-1.0323061303529941,-1.0312738242226414,600.0
ex8_1_5.bch,easy,smearmax,both,complete,1,62,0.04760800000000001,-1.0320890481936666,-1.0310569591454732,600.0
ex8_1_5.bch,easy,smearmaxrel,both,complete,1,76,0.05174300000000001,-1.032178291159676,-1.0311461128685164,600.0
ex8_1_5.bch,easy,smearsum,both,complete,1,62,0.036052000000000015,-1.0320890481936666,-1.0310569591454732,600.0
ex8_1_5.bch,easy,smearsumrel,both,complete,1,76,0.045876000000000014,-1.032178291159676,-1.0311461128685164,600.0
ex8_1_5.bch,easy,largestfirst,xtaylor,complete,1,1704,0.5086590000000001,-1.0326340252136028,-1.0316013911883894,10
ex8_1_5.bch,easy,lsmear,xtaylor,complete,1,88,0.04708000000000001,-1.0323330457183941,-1.0313007126726759,10
ex8_1_5.bch,easy,lsmear-box,xtaylor,complete,1,88,0.04650500000000002,-1.0323330457183941,-1.0313007126726759,10
ex8_1_5.bch,easy,roundrobin,xtaylor,complete,1,146,0.05559700000000001,-1.0324707836085376,-1.0314383128249294,10
ex8_1_5.bch,easy,smearmax,xtaylor,complete,1,152,0.06832400000000001,-1.0324146285926128,-1.0313822139640205,10
ex8_1_5.bch,easy,smearmaxrel,xtaylor,complete,1,88,0.043079000000000006,-1.0323330457183941,-1.0313007126726759,10
ex8_1_5.bch,easy,smearsum,xtaylor,complete,1,152,0.06764000000000002,-1.0324146285926128,-1.0313822139640205,10
ex8_1_5.bch,easy,smearsumrel,xtaylor,complete,1,88,0.043012000000000015,-1.0323330457183941,-1.0313007126726759,10
ex8_1_6.bch,easy,largestfirst,affine,complete,1,44,0.011698000000000004,-10.086187936274435,-10.0851489992349,60.0
ex8_1_6.bch,easy,lsmear,affine,complete,1,22,0.006883000000000001,-10.088689422690807,-10.078600733268118,60.0
ex8_1_6.bch,easy,lsmear-box,affine,complete,1,22,0.006947000000000001,-10.088689422690807,-10.078600733268118,60.0
ex8_1_6.bch,easy,roundrobin,affine,complete,1,20,0.005808000000000001,-10.086583076539657,-10.086001224942237,60.0
ex8_1_6.bch,easy,smearmax,affine,complete,1,22,0.005875000000000001,-10.088689422690807,-10.078600733268118,60.0
ex8_1_6.bch,easy,smearmaxrel,affine,complete,1,22,0.005897,-10.088689422690807,-10.078600733268118,60.0
ex8_1_6.bch,easy,smearsum,affine,complete,1,22,0.006374000000000001,-10.088689422690807,-10.078600733268118,60.0
ex8_1_6.bch,easy,smearsumrel,affine,complete,1,22,0.005901000000000002,-10.088689422690807,-10.078600733268118,60.0
ex8_1_6.bch,easy,largestfirst,both,complete,1,44,0.018489000000000005,-10.086268681523327,-10.078930179334781,600.0
ex8_1_6.bch,easy,lsmear,both,complete,1,24,0.009863000000000002,-10.088371356269668,-10.0858268597467,600.0
ex8_1_6.bch,easy,lsmear-box,both,complete,1,24,0.009461000000000004,-10.088371356269668,-10.0858268597467,600.0
ex8_1_6.bch,easy,roundrobin,both,complete,1,20,0.006535000000000002,-10.086312766941983,-10.086001224127688,600.0
ex8_1_6.bch,easy,smearmax,both,complete,1,24,0.008415,-10.088371356269668,-10.0858268597467,600.0
ex8_1_6.bch,easy,smearmaxrel,both,complete,1,24,0.008398000000000003,-10.088371356269668,-10.0858268597467,600.0
ex8_1_6.bch,easy,smearsum,both,complete,1,24,0.008505000000000002,-10.088371356269668,-10.0858268597467,600.0
ex8_1_6.bch,easy,smearsumrel,both,complete,1,24,0.008487000000000003,-10.088371356269668,-10.0858268597467,600.0
ex8_1_6.bch,easy,largestfirst,xtaylor,complete,1,44,0.017059000000000005,-10.086268681523327,-10.078930179334781,10
ex8_1_6.bch,easy,lsmear,xtaylor,complete,1,24,0.008514000000000002,-10.088371356269668,-10.0858268597467,10
ex8_1_6.bch,easy,lsmear-box,xtaylor,complete,1,24,0.008332000000000003,-10.088371356269668,-10.0858268597467,10
ex8_1_6.bch,easy,roundrobin,xtaylor,complete,1,20,0.005869000000000003,-10.086312766941983,-10.086001224127688,10
ex8_1_6.bch,easy,smearmax,xtaylor,complete,1,24,0.007345000000000002,-10.088371356269668,-10.0858268597467,10
ex8_1_6.bch,easy,smearmaxrel,xtaylor,complete,1,24,0.0073890000000000015,-10.088371356269668,-10.0858268597467,10
ex8_1_6.bch,easy,smearsum,xtaylor,complete,1,24,0.007349000000000001,-10.088371356269668,-10.0858268597467,10
ex8_1_6.bch,easy,smearsumrel,xtaylor,complete,1,24,0.007863000000000002,-10.088371356269668,-10.0858268597467,10
ex8_1_6bis.bch,easy,largestfirst,affine,complete,1,166,0.03875000000000001,-10.086150644942675,-10.084648353082901,60.0
ex8_1_6bis.bch,easy,lsmear,affine,complete,1,180,0.045605000000000014,-10.089137782778415,-10.085991855758538,60.0
ex8_1_6bis.bch,easy,lsmear-box,affine,complete,1,180,0.04427100000000001,-10.089137782778415,-10.085991855758538,60.0
ex8_1_6bis.bch,easy,roundrobin,affine,complete,1,44,0.008473000000000001,-10.08615912880904,-10.081328911407248,60.0
ex8_1_6bis.bch,easy,smearmax,affine,complete,1,180,0.037853000000000005,-10.089137782778415,-10.085991855758538,60.0
ex8_1_6bis.bch,easy,smearmaxrel,affine,complete,1,194,0.044768000000000016,-10.089136376377896,-10.08564283266152,60.0
ex8_1_6bis.bch,easy,smearsum,affine,complete,1,180,0.03699900000000002,-10.089137782778415,-10.085991855758538,60.0
ex8_1_6bis.bch,easy,smearsumrel,affine,complete,1,180,0.03744100000000001,-10.089137782778415,-10.085991855758538,60.0
ex8_1_6bis.bch,easy,largestfirst,both,complete,1,164,0.04141300000000001,-10.087825203832756,-10.085556787310427,600.0
ex8_1_6bis.bch,easy,lsmear,both,complete,1,180,0.04712700000000001,-10.086254281153735,-10.085218636269403,600.0
ex8_1_6bis.bch,easy,lsmear-box,both,complete,1,180,0.04619800000000002,-10.086254281153735,-10.085218636269403,600.0
ex8_1_6bis.bch,easy,roundrobin,both,complete,1,44,0.016781000000000008,-10.086162711040082,-10.077260113522941,600.0
ex8_1_6bis.bch,easy,smearmax,both,complete,1,180,0.040175000000000016,-10.086254281153735,-10.085218636269403,600.0
ex8_1_6bis.bch,easy,smearmaxrel,both,complete,1,192,0.045876000000000014,-10.088809847248893,-10.079498228137057,600.0
ex8_1_6bis.bch,easy,smearsum,both,complete,1,180,0.04040800000000002,-10.086254281153735,-10.085218636269403,600.0
ex8_1_6bis.bch,easy,smearsumrel,both,complete,1,180,0.04003300000000001,-10.086254281153735,-10.085218636269403,600.0
ex8_1_6bis.bch,easy,largestfirst,xtaylor,complete,1,164,0.017996000000000005,-10.087825203832756,-10.085556787310427,10
ex8_1_6bis.bch,easy,lsmear,xtaylor,complete,1,180,0.027595,-10.086254281153735,-10.085218602531423,10
ex8_1_6bis.bch,easy,lsmear-box,xtaylor,complete,1,180,0.02626700000000001,-10.086254281153735,-10.085218602531423,10
ex8_1_6bis.bch,easy,roundrobin,xtaylor,complete,1,44,0.005982000000000002,-10.086422332020772,-10.077260113522941,10
ex8_1_6bis.bch,easy,smearmax,xtaylor,complete,1,180,0.021111000000000005,-10.086254281153735,-10.085218602531423,10
ex8_1_6bis.bch,easy,smearmaxrel,xtaylor,complete,1,192,0.020905000000000007,-10.088809847248893,-10.079498228137057,10
ex8_1_6bis.bch,easy,smearsum,xtaylor,complete,1,180,0.021046000000000006,-10.086254281153735,-10.085218602531423,10
ex8_1_6bis.bch,easy,smearsumrel,xtaylor,complete,1,180,0.020632000000000005,-10.086254281153735,-10.085218602531423,10
ex8_1_7.bch,easy,largestfirst,both,complete,1,649016,519.2986060000002,0.02928169305662011,0.029310974749676727,600.0
ex8_1_7.bch,easy,lsmear,both,complete,1,310,0.49901100000000015,0.029285957755498148,0.029315243713253645,600.0
ex8_1_7.bch,easy,lsmear-box,both,complete,1,186,0.2865620000000001,0.029303790669056133,0.029333094459725186,600.0
ex8_1_7.bch,easy,roundrobin,both,complete,1,312,0.46862600000000015,0.0292816100374161,0.029310891647453513,600.0
ex8_1_7.bch,easy,smearmax,both,complete,1,292,0.43254700000000007,0.029300404038622472,0.02932970444266109,600.0
ex8_1_7.bch,easy,smearmaxrel,both,complete,1,384,0.5927450000000002,0.02928398480664809,0.029313268791454735,600.0
ex8_1_7.bch,easy,smearsum,both,complete,1,272,0.40113700000000013,0.029305527641547667,0.029334833169189212,600.0
ex8_1_7.bch,easy,smearsumrel,both,complete,1,260,0.3789140000000001,0.029282428890961106,0.029311711319852066,600.0
ex8_1_7.bch,easy,largestfirst,xtaylor,timeout,0,517198,600.0021600000001,0.02884478071167148,0.02931228948652132,600.0
ex8_1_7.bch,easy,lsmear,xtaylor,complete,1,378,0.5274780000000001,0.02928677741887267,0.029316064196291538,10
ex8_1_7.bch,easy,lsmear-box,xtaylor,complete,1,348,0.5232140000000001,0.029310354500114804,0.029339664854614915,10
ex8_1_7.bch,easy,roundrobin,xtaylor,complete,1,328,0.4669430000000001,0.02930013948335249,0.029329439622835837,10
ex8_1_7.bch,easy,smearmax,xtaylor,complete,1,384,0.5051630000000001,0.029287262688580843,0.02931654995126942,10
ex8_1_7.bch,easy,smearmaxrel,xtaylor,complete,1,1068,1.6150120000000003,0.029289334991467637,0.0293186243264591,10
ex8_1_7.bch,easy,smearsum,xtaylor,complete,1,342,0.4660900000000001,0.029287054554621543,0.02931634160917616,10
ex8_1_7.bch,easy,smearsumrel,xtaylor,complete,1,250,0.3378520000000001,0.029288041878641806,0.029317329920520444,10
ex8_1_8.bch,easy,largestfirst,both,complete,1,32,0.058409000000000016,-0.3892006572202537,-0.3888114565630335,600.0
ex8_1_8.bch,easy,lsmear,both,complete,1,32,0.06556300000000002,-0.3892006572202537,-0.3888114565630335,600.0
ex8_1_8.bch,easy,lsmear-box,both,complete,1,32,0.06304900000000004,-0.3892006572202537,-0.3888114565630335,600.0
ex8_1_8.bch,easy,roundrobin,both,complete,1,32,0.058371000000000006,-0.38919912217493063,-0.38880992305275575,600.0
ex8_1_8.bch,easy,smearmax,both,complete,1,20,0.040479000000000015,-0.389185891649744,-0.3887967057580943,600.0
ex8_1_8.bch,easy,smearmaxrel,both,complete,1,42,0.07957600000000002,-0.3890634894406872,-0.38867442595124657,600.0
ex8_1_8.bch,easy,smearsum,both,complete,1,32,0.06170100000000003,-0.38907348798086006,-0.38868441449287927,600.0
ex8_1_8.bch,easy,smearsumrel,both,complete,1,32,0.06001600000000001,-0.3892006572202537,-0.3888114565630335,600.0
ex8_1_8.bch,easy,largestfirst,xtaylor,complete,1,34,0.05990100000000001,-0.3892006571871276,-0.38881145652994054,10
ex8_1_8.bch,easy,lsmear,xtaylor,complete,1,36,0.06754300000000002,-0.38920065722304753,-0.38881145656582455,10
ex8_1_8.bch,easy,lsmear-box,xtaylor,complete,1,36,0.06676100000000003,-0.38920065722304753,-0.38881145656582455,10
ex8_1_8.bch,easy,roundrobin,xtaylor,complete,1,40,0.06270400000000002,-0.3891996985192236,-0.3888104988207044,10
ex8_1_8.bch,easy,smearmax,xtaylor,complete,1,28,0.04636500000000002,-0.3890675177474565,-0.3886784502297091,10
ex8_1_8.bch,easy,smearmaxrel,xtaylor,complete,1,46,0.06670500000000003,-0.3890890258339489,-0.388699936808115,10
ex8_1_8.bch,easy,smearsum,xtaylor,complete,1,36,0.06675700000000002,-0.38920020162789865,-0.3888110014262708,10
ex8_1_8.bch,easy,smearsumrel,xtaylor,complete,1,36,0.06315300000000001,-0.38920065722304753,-0.38881145656582455,10
ex8_1_8bis.bch,easy,largestfirst,both,complete,1,26,0.05782900000000002,-0.38920065719111874,-0.3888114565339277,600.0
ex8_1_8bis.bch,easy,lsmear,both,complete,1,28,0.06438000000000002,-0.3888750805781306,-0.38848620549755253,600.0
ex8_1_8bis.bch,easy,lsmear-box,both,complete,1,28,0.06380500000000001,-0.3888750805781306,-0.38848620549755253,600.0
ex8_1_8bis.bch,easy,roundrobin,both,complete,1,22,0.05086300000000002,-0.38899205220885735,-0.3886030601566485,600.0
ex8_1_8bis.bch,easy,smearmax,both,complete,1,18,0.03601800000000001,-0.38910753422716154,-0.38871842669293444,600.0
ex8_1_8bis.bch,easy,smearmaxrel,both,complete,1,28,0.06640100000000003,-0.3888312759889495,-0.38844244471296063,600.0
ex8_1_8bis.bch,easy,smearsum,both,complete,1,22,0.04592500000000001,-0.38894275604471373,-0.38855381328866906,600.0
ex8_1_8bis.bch,easy,smearsumrel,both,complete,1,28,0.06108400000000003,-0.3888750805781306,-0.38848620549755253,600.0
ex8_1_8bis.bch,easy,largestfirst,xtaylor,complete,1,32,0.06433300000000002,-0.3889808391750128,-0.3885918583358378,10
ex8_1_8bis.bch,easy,lsmear,xtaylor,complete,1,32,0.06968500000000002,-0.3889808391750128,-0.3885918583358378,10
ex8_1_8bis.bch,easy,lsmear-box,xtaylor,complete,1,32,0.06988200000000003,-0.3889808391750128,-0.3885918583358378,10
ex8_1_8bis.bch,easy,roundrobin,xtaylor,complete,1,22,0.03677600000000001,-0.3891774534655002,-0.38878827601203475,10
ex8_1_8bis.bch,easy,smearmax,xtaylor,complete,1,44,0.08074000000000003,-0.3888391801891962,-0.38845034100900705,10
ex8_1_8bis.bch,easy,smearmaxrel,xtaylor,complete,1,28,0.047776000000000006,-0.38917017646241914,-0.38878100628595674,10
ex8_1_8bis.bch,easy,smearsum,xtaylor,complete,1,24,0.052031000000000015,-0.38920019083955754,-0.38881099064871805,10
ex8_1_8bis.bch,easy,smearsumrel,xtaylor,complete,1,32,0.06644100000000001,-0.3889808391750128,-0.3885918583358378,10
ex8_2_1.bch,easy,largestfirst,both,complete,1,12,0.2945000000000001,-979.8352929144494,-978.855457621535,600.0
ex8_2_1.bch,easy,lsmear,both,complete,1,8,0.2651309999999999,-979.9493079964743,-978.9693586884779,600.0
ex8_2_1.bch,easy,lsmear-box,both,complete,1,6,0.19009599999999993,-980.1375142085346,-979.1573766943262,600.0
ex8_2_1.bch,easy,roundrobin,both,complete,1,14,0.3571,-980.1576381578934,-979.1774805197356,600.0
ex8_2_1.bch,easy,smearmax,both,complete,1,12,0.5671510000000001,-979.9534943911917,-978.9735408968006,600.0
ex8_2_1.bch,easy,smearmaxrel,both,complete,1,12,0.5134610000000002,-979.6914218065177,-978.7117303847112,600.0
ex8_2_1.bch,easy,smearsum,both,complete,1,12,0.5686250000000003,-979.9534943911917,-978.9735408968006,600.0
ex8_2_1.bch,easy,smearsumrel,both,complete,1,10,0.5261900000000003,-980.0762691680902,-979.1772806954647,600.0
ex8_2_1.bch,easy,largestfirst,xtaylor,complete,1,14,0.23706000000000021,-979.9722349334588,-978.9922626985255,10
ex8_2_1.bch,easy,lsmear,xtaylor,complete,1,12,0.257562,-980.0811566948041,-979.1010755381094,10
ex8_2_1.bch,easy,lsmear-box,xtaylor,complete,1,4,0.13098900000000013,-979.8745101678005,-978.8946356576328,10
ex8_2_1.bch,easy,roundrobin,xtaylor,complete,1,12,0.2649480000000001,-980.1566409829145,-979.1764843419317,10
ex8_2_1.bch,easy,smearmax,xtaylor,complete,1,6,0.3571690000000001,-980.1342187414787,-979.1540845227373,10
ex8_2_1.bch,easy,smearmaxrel,xtaylor,complete,1,16,0.5063030000000001,-980.060142353556,-979.0800822112025,10
ex8_2_1.bch,easy,smearsum,xtaylor,complete,1,6,0.3532870000000001,-980.1342187414787,-979.1540845227373,10
ex8_2_1.bch,easy,smearsumrel,xtaylor,complete,1,12,0.4169500000000001,-979.7142539356392,-978.7345396817037,10
ex8_2_4.bch,unsolved,largestfirst,both,timeout,0,46696,600.0183800000002,-1401792044.0975864,inf,600.0
ex8_2_4.bch,unsolved,lsmear,both,timeout,0,46720,600.0048650000001,-1401792044.0975864,inf,600.0
ex8_2_4.bch,unsolved,lsmear-box,both,timeout,0,46286,600.0204680000003,-1401792044.0975864,inf,600.0
ex8_2_4.bch,unsolved,roundrobin,both,timeout,0,83854,600.0090460000004,-1401999426.3507812,1.1296791209001915e+18,600.0
ex8_2_4.bch,unsolved,smearmax,both,timeout,0,46776,600.0172340000001,-1401792044.0975864,inf,600.0
ex8_2_4.bch,unsolved,smearmaxrel,both,timeout,0,45816,600.0179620000001,-1401792044.0975864,inf,600.0
ex8_2_4.bch,unsolved,smearsum,both,timeout,0,46358,600.0131680000003,-1401792044.0975864,inf,600.0
ex8_2_4.bch,unsolved,smearsumrel,both,timeout,0,46132,600.0134130000002,-1401792044.0975864,inf,600.0
ex8_2_4.bch,unsolved,largestfirst,xtaylor,timeout,0,96780,600.0111960000002,-1401792044.0975864,-623402800.2437178,600.0
ex8_2_4.bch,unsolved,lsmear,xtaylor,timeout,0,96802,600.0002590000003,-1401792044.0975864,-623402800.2437178,600.0
ex8_2_4.bch,unsolved,lsmear-box,xtaylor,timeout,0,95960,600.0086600000002,-1401792044.0975864,-623402800.2437178,600.0
ex8_2_4.bch,unsolved,roundrobin,xtaylor,complete,1,968,7.217038000000001,-1400079053.540654,-1398678974.4871135,10
ex8_2_4.bch,unsolved,smearmax,xtaylor,timeout,0,94632,600.0051270000002,-1401792044.0975864,-623402800.2437178,600.0
ex8_2_4.bch,unsolved,smearmaxrel,xtaylor,timeout,0,96038,600.0028610000003,-1401792044.0975864,-623402800.2437178,600.0
ex8_2_4.bch,unsolved,smearsum,xtaylor,timeout,0,95494,600.0103420000003,-1401792044.0975864,-623402800.2437178,600.0
ex8_2_4.bch,unsolved,smearsumrel,xtaylor,timeout,0,96850,600.0099180000002,-1401792044.0975864,-623402800.2437178,600.0
ex8_4_1.bch,unsolved,largestfirst,both,timeout,0,213326,600.0048240000003,0,0.6341840301469449,600.0
ex8_4_1.bch,unsolved,lsmear,both,timeout,0,78282,600.0081930000002,0.1297195389001026,0.635628782889958,600.0
ex8_4_1.bch,unsolved,lsmear-box,both,timeout,0,78258,600.0053040000003,0.12842999410290462,0.6445727302720597,600.0
ex8_4_1.bch,unsolved,roundrobin,both,timeout,0,77532,600.0092810000003,0.20014094201162738,0.6364977547465838,600.0
ex8_4_1.bch,unsolved,smearmax,both,timeout,0,75880,600.0129860000002,0.14574235200994104,0.6306133366190996,600.0
ex8_4_1.bch,unsolved,smearmaxrel,both,timeout,0,76496,600.0235870000002,0.20621808426139343,0.6355449279285685,600.0
ex8_4_1.bch,unsolved,smearsum,both,timeout,0,107978,600.0123190000003,0.2221820669330198,0.6201870175285343,600.0
ex8_4_1.bch,unsolved,smearsumrel,both,timeout,0,101684,600.0070870000002,0.2656091865821952,0.6208860949605364,600.0
ex8_4_1.bch,unsolved,largestfirst,xtaylor,timeout,0,240068,600.0057360000002,0,0.6686076504940318,600.0
ex8_4_1.bch,unsolved,lsmear,xtaylor,timeout,0,98254,600.0076030000002,0.14065359790570411,0.6610404136588932,600.0
ex8_4_1.bch,unsolved,lsmear-box,xtaylor,timeout,0,96576,600.0105390000001,0.13631915410852127,0.6651023311246318,600.0
ex8_4_1.bch,unsolved,roundrobin,xtaylor,timeout,0,84288,600.0166440000003,0.1873550057871048,0.6647214000518168,600.0
ex8_4_1.bch,unsolved,smearmax,xtaylor,timeout,0,87800,600.0101390000002,0.14648676561719562,0.6650028540864578,600.0
ex8_4_1.bch,unsolved,smearmaxrel,xtaylor,timeout,0,85346,600.0185050000002,0.1548206433173165,0.647133693700944,600.0
ex8_4_1.bch,unsolved,smearsum,xtaylor,timeout,0,135772,600.0132880000002,0.23278527607135938,0.627307794753134,600.0
ex8_4_1.bch,unsolved,smearsumrel,xtaylor,timeout,0,123294,600.0120450000002,0.2561351159043709,0.6274310953331793,600.0
ex8_4_1bis.bch,unsolved,largestfirst,both,timeout,0,354254,600.0028210000004,0,0.6752418366524516,600.0
ex8_4_1bis.bch,unsolved,lsmear,both,timeout,0,298154,600.0051280000001,0.26953803249577635,0.6400577004113138,600.0
ex8_4_1bis.bch,unsolved,lsmear-box,both,timeout,0,301542,600.0044150000002,0.26659557758789637,0.6419756423337325,600.0
ex8_4_1bis.bch,unsolved,roundrobin,both,timeout,0,367312,600.0037800000002,0.35584908875460697,0.6377601058217642,600.0
ex8_4_1bis.bch,unsolved,smearmax,both,timeout,0,314110,600.0030250000001,0.2355182280152859,0.6468738264486042,600.0
ex8_4_1bis.bch,unsolved,smearmaxrel,both,timeout,0,324912,600.0028370000002,0.23687870788054008,0.6362999021271802,600.0
ex8_4_1bis.bch,unsolved,smearsum,both,timeout,0,319998,600.0023620000002,0.23387419520103878,0.6427101141478893,600.0
ex8_4_1bis.bch,unsolved,smearsumrel,both,timeout,0,324122,600.0006250000002,0.2610930747382427,0.6463124610010621,600.0
ex8_4_1bis.bch,unsolved,largestfirst,xtaylor,timeout,0,452850,600.0001140000002,0,0.7143007829202354,600.0
ex8_4_1bis.bch,unsolved,lsmear,xtaylor,timeout,0,359442,600.0025330000002,0.3116301291084618,0.6423835381414629,600.0
ex8_4_1bis.bch,unsolved,lsmear-box,xtaylor,timeout,0,367904,600.0011540000002,0.310975159619526,0.6391616931890564,600.0
ex8_4_1bis.bch,unsolved,roundrobin,xtaylor,timeout,0,456040,600.0006720000002,0.35587954261681787,0.6306682531716289,600.0
ex8_4_1bis.bch,unsolved,smearmax,xtaylor,timeout,0,386430,600.0020690000001,0.27844581732168017,0.6349342523389297,600.0
ex8_4_1bis.bch,unsolved,smearmaxrel,xtaylor,timeout,0,390538,600.0052360000002,0.28123656187396967,0.6421018768837035,600.0
ex8_4_1bis.bch,unsolved,smearsum,xtaylor,timeout,0,387200,600.002546,0.3046343106771767,0.6363819880613529,600.0
ex8_4_1bis.bch,unsolved,smearsumrel,xtaylor,timeout,0,388986,600.0005730000001,0.3305930225560765,0.6322460987714627,600.0
ex8_4_2.bch,unsolved,largestfirst,both,error:IbexError,0,0,0.0,-inf,inf,600.0
ex8_4_2.bch,unsolved,lsmear,both,timeout,0,50394,600.0084730000001,0,0.695914356054586,600.0
ex8_4_2.bch,unsolved,lsmear-box,both,timeout,0,52334,600.0059730000002,0,0.704483917977196,600.0
ex8_4_2.bch,unsolved,roundrobin,both,timeout,0,56576,600.0028640000002,0,1.2908113305232911,600.0
ex8_4_2.bch,unsolved,smearmax,both,timeout,0,54082,600.0118450000002,0,0.8033353113667707,600.0
ex8_4_2.bch,unsolved,smearmaxrel,both,timeout,0,63530,600.0058490000001,7.897012046690301e-30,0.5599158257868576,600.0
ex8_4_2.bch,unsolved,smearsum,both,timeout,0,60160,600.0235900000001,0,0.4975623380816416,600.0
ex8_4_2.bch,unsolved,smearsumrel,both,timeout,0,60924,600.0063560000002,0.001105514812716549,0.5078019124240104,600.0
ex8_4_2.bch,unsolved,largestfirst,xtaylor,error:IbexError,0,0,0.0,-inf,inf,600.0
ex8_4_2.bch,unsolved,lsmear,xtaylor,timeout,0,68550,600.0120970000002,0,0.8975518168712866,600.0
ex8_4_2.bch,unsolved,lsmear-box,xtaylor,timeout,0,68182,600.0101010000003,0,0.846560961822763,600.0
ex8_4_2.bch,unsolved,roundrobin,xtaylor,timeout,0,74846,600.0085270000003,0,1.3705848698445318,600.0
ex8_4_2.bch,unsolved,smearmax,xtaylor,timeout,0,70800,600.0050410000002,0,0.7981318061621397,600.0
ex8_4_2.bch,unsolved,smearmaxrel,xtaylor,timeout,0,82674,600.0139730000001,4.930380657631324e-32,0.5861301141598045,600.0
ex8_4_2.bch,unsolved,smearsum,xtaylor,timeout,0,76694,600.0113810000003,0,0.49640195660784575,600.0
ex8_4_2.bch,unsolved,smearsumrel,xtaylor,timeout,0,77660,600.0051760000002,4.2047020191270645e-05,0.5271337565584225,600.0
ex8_4_2bis.bch,unsolved,largestfirst,both,error:IbexError,0,0,0.0,-inf,inf,600.0
ex8_4_2bis.bch,unsolved,lsmear,both,timeout,0,171612,600.0021840000002,0,0.6009931850943753,600.0
ex8_4_2bis.bch,unsolved,lsmear-box,both,timeout,0,194548,600.0038030000003,0,0.5320876137131363,600.0
ex8_4_2bis.bch,unsolved,roundrobin,both,timeout,0,195008,600.0166210000001,0,0.5604136252426919,600.0
ex8_4_2bis.bch,unsolved,smearmax,both,timeout,0,189630,600.0035590000002,0,0.5274985156744605,600.0
ex8_4_2bis.bch,unsolved,smearmaxrel,both,timeout,0,216678,600.0011300000003,0,0.5073803075598972,600.0
ex8_4_2bis.bch,unsolved,smearsum,both,timeout,0,204552,600.0050030000001,0,0.5377784105455679,600.0
ex8_4_2bis.bch,unsolved,smearsumrel,both,timeout,0,209480,600.0037630000002,0,0.519827292649009,600.0
ex8_4_2bis.bch,unsolved,largestfirst,xtaylor,error:IbexError,0,0,0.0,-inf,inf,600.0
ex8_4_2bis.bch,unsolved,lsmear,xtaylor,timeout,0,238642,600.0020280000002,0,0.536298619941567,600.0
ex8_4_2bis.bch,unsolved,lsmear-box,xtaylor,timeout,0,301464,600.0037350000002,0,0.5228819179222851,600.0
ex8_4_2bis.bch,unsolved,roundrobin,xtaylor,timeout,0,234792,600.0011970000003,0,0.5567368729111233,600.0
ex8_4_2bis.bch,unsolved,smearmax,xtaylor,timeout,0,275208,600.0032150000002,0,0.5242989112746136,600.0
ex8_4_2bis.bch,unsolved,smearmaxrel,xtaylor,timeout,0,277200,600.0041440000002,0,0.5237257331951072,600.0
ex8_4_2bis.bch,unsolved,smearsum,xtaylor,timeout,0,277446,600.0020240000001,0,0.5258706469717351,600.0
ex8_4_2bis.bch,unsolved,smearsumrel,xtaylor,timeout,0,297318,600.0014420000002,0,0.5309167796393516,600.0
ex8_4_3.bch,unsolved,largestfirst,both,timeout,0,28776,600.0354940000001,3.2548216060144286e-32,0.8189279448134484,600.0
ex8_4_3.bch,unsolved,lsmear,both,timeout,0,22104,600.0452100000001,0,0.006102221728515234,600.0
ex8_4_3.bch,unsolved,lsmear-box,both,timeout,0,21148,600.0297590000001,0,0.006849853031175983,600.0
ex8_4_3.bch,unsolved,roundrobin,both,timeout,0,18574,600.0496970000003,4.930380657631324e-32,0.005809965650170987,600.0
ex8_4_3.bch,unsolved,smearmax,both,timeout,0,19960,600.0410970000001,0.0004780856158287742,0.004785637014445027,600.0
ex8_4_3.bch,unsolved,smearmaxrel,both,timeout,0,19510,600.0267740000002,0.002064283995679095,0.004946774414736194,600.0
ex8_4_3.bch,unsolved,smearsum,both,timeout,0,37202,600.0096350000002,0.0033373530432183824,0.004654231198812033,600.0
ex8_4_3.bch,unsolved,smearsumrel,both,timeout,0,30746,600.0011440000002,0.0034388338098966242,0.004670430446147372,600.0
ex8_4_3.bch,unsolved,largestfirst,xtaylor,timeout,0,36640,600.0168280000001,4.930380657631324e-32,0.8123174157218986,600.0
ex8_4_3.bch,unsolved,lsmear,xtaylor,timeout,0,28080,600.0267360000003,0,0.005826957578862592,600.0
ex8_4_3.bch,unsolved,lsmear-box,xtaylor,timeout,0,27434,600.0392590000002,0,0.006122655270224134,600.0
ex8_4_3.bch,unsolved,roundrobin,xtaylor,timeout,0,20838,600.0298700000003,1.0014835710813626e-31,0.005893587091559466,600.0
ex8_4_3.bch,unsolved,smearmax,xtaylor,timeout,0,26792,600.0340570000002,0.00020370491197548523,0.006097705031365329,600.0
ex8_4_3.bch,unsolved,smearmaxrel,xtaylor,timeout,0,26410,600.0296690000002,0.001517730973498053,0.005070427589928987,600.0
ex8_4_3.bch,unsolved,smearsum,xtaylor,timeout,0,40328,600.0300880000003,0.0033514213084885275,0.004660128036654261,600.0
ex8_4_3.bch,unsolved,smearsumrel,xtaylor,timeout,0,42310,600.0015320000002,0.00348322343639615,0.0046678876419040715,600.0
ex8_4_4-1.bch,blowup,largestfirst,both,timeout,0,67190,600.0007190000003,0.04069351484588654,0.21486512683932152,600.0
ex8_4_4-1.bch,blowup,lsmear,both,complete,1,1098,13.872170000000002,0.21229564595526484,0.21250794160122008,600.0
ex8_4_4-1.bch,blowup,lsmear-box,both,complete,1,1224,15.417383000000003,0.21232675678823212,0.21253908354502032,600.0
ex8_4_4-1.bch,blowup,roundrobin,both,complete,1,2104,28.86792100000001,0.21232117011998283,0.2125334912901028,600.0
ex8_4_4-1.bch,blowup,smearmax,both,complete,1,968,13.881921000000002,0.21234629901887092,0.21255864531788976,600.0
ex8_4_4-1.bch,blowup,smearmaxrel,both,complete,1,970,15.089623000000003,0.21233895098316702,0.21255128993415015,600.0
ex8_4_4-1.bch,blowup,smearsum,both,complete,1,462,7.150405000000002,0.21236305375854844,0.21257541681230696,600.0
ex8_4_4-1.bch,blowup,smearsumrel,both,complete,1,640,9.604850000000004,0.21242244608450098,0.21263486853058544,600.0
ex8_4_4-1.bch,blowup,largestfirst,xtaylor,timeout,0,160190,600.0005170000002,0.0011717647215222248,0.21484013819698863,600.0
ex8_4_4-1.bch,blowup,lsmear,xtaylor,complete,1,12254,111.74788600000004,0.21228937262903608,0.2125016620016651,600.0
ex8_4_4-1.bch,blowup,lsmear-box,xtaylor,complete,1,11858,108.00392300000003,0.21230301342067828,0.21251531643409893,600.0
ex8_4_4-1.bch,blowup,roundrobin,xtaylor,complete,1,18986,204.74752100000006,0.21226961869525585,0.21248188831395107,600.0
ex8_4_4-1.bch,blowup,smearmax,xtaylor,complete,1,20976,199.95957800000008,0.21230271922484956,0.21251502194407437,600.0
ex8_4_4-1.bch,blowup,smearmaxrel,xtaylor,complete,1,29112,305.4908600000001,0.21228746871696666,0.2124997561856836,600.0
ex8_4_4-1.bch,blowup,smearsum,xtaylor,complete,1,21934,180.29472900000007,0.21226629150080384,0.21247855779230462,600.0
ex8_4_4-1.bch,blowup,smearsumrel,xtaylor,complete,1,28184,216.93383100000005,0.2122634247257431,0.21247568815046883,600.0
ex8_4_4-2.bch,blowup,largestfirst,both,timeout,0,67492,600.0037600000002,0.04069351484588654,0.21486512683932152,600.0
ex8_4_4-2.bch,blowup,lsmear,both,complete,1,1098,13.917202000000003,0.21229564595526484,0.21250794160122008,600.0
ex8_4_4-2.bch,blowup,lsmear-box,both,complete,1,1224,15.629945000000003,0.21232675678823212,0.21253908354502032,600.0
ex8_4_4-2.bch,blowup,roundrobin,both,complete,1,2104,28.863896000000008,0.21232117011998283,0.2125334912901028,600.0
ex8_4_4-2.bch,blowup,smearmax,both,complete,1,968,13.761295000000006,0.21234629901887092,0.21255864531788976,600.0
ex8_4_4-2.bch,blowup,smearmaxrel,both,complete,1,970,14.920209000000003,0.21233895098316702,0.21255128993415015,600.0
ex8_4_4-2.bch,blowup,smearsum,both,complete,1,462,7.076999000000002,0.21236305375854844,0.21257541681230696,600.0
ex8_4_4-2.bch,blowup,smearsumrel,both,complete,1,640,9.533965000000004,0.21242244608450098,0.21263486853058544,600.0
ex8_4_4-2.bch,blowup,largestfirst,xtaylor,timeout,0,159284,600.0015350000002,0.0011717647215206985,0.21484013819698863,600.0
ex8_4_4-2.bch,blowup,lsmear,xtaylor,complete,1,12254,111.43818700000006,0.21228937262903608,0.2125016620016651,600.0
ex8_4_4-2.bch,blowup,lsmear-box,xtaylor,complete,1,11858,105.94876000000004,0.21230301342067828,0.21251531643409893,600.0
ex8_4_4-2.bch,blowup,roundrobin,xtaylor,complete,1,18986,206.2696200000001,0.21226961869525585,0.21248188831395107,600.0
ex8_4_4-2.bch,blowup,smearmax,xtaylor,complete,1,20976,200.31689100000006,0.21230271922484956,0.21251502194407437,600.0
ex8_4_4-2.bch,blowup,smearmaxrel,xtaylor,complete,1,29112,305.4261570000001,0.21228746871696666,0.2124997561856836,600.0
ex8_4_4-2.bch,blowup,smearsum,xtaylor,complete,1,21934,180.0594590000001,0.21226629150080384,0.21247855779230462,600.0
ex8_4_4-2.bch,blowup,smearsumrel,xtaylor,complete,1,28184,215.01674700000007,0.2122634247257431,0.21247568815046883,600.0
ex8_4_4.bch,blowup,largestfirst,both,timeout,0,109618,600.0020420000002,3.059894201215611e-05,0.24393285376781607,600.0
ex8_4_4.bch,blowup,lsmear,both,complete,1,1130,13.976581000000005,0.21234487643510686,0.21255722131154195,600.0
ex8_4_4.bch,blowup,lsmear-box,both,complete,1,1160,14.494389000000004,0.21238134883289256,0.21259373018172542,600.0
ex8_4_4.bch,blowup,roundrobin,both,complete,1,3850,53.00977500000002,0.21233039278406998,0.21254272317685402,600.0
ex8_4_4.bch,blowup,smearmax,both,complete,1,830,11.902821000000005,0.21237648101041232,0.2125888574914227,600.0
ex8_4_4.bch,blowup,smearmaxrel,both,complete,1,792,12.952061000000006,0.21235570698793238,0.2125680626949203,600.0
ex8_4_4.bch,blowup,smearsum,both,complete,1,460,6.6904090000000025,0.21234624894580686,0.21255859519475265,600.0
ex8_4_4.bch,blowup,smearsumrel,both,complete,1,610,8.667825000000002,0.212378212504327,0.2125905907168313,600.0
ex8_4_4.bch,blowup,largestfirst,xtaylor,timeout,0,147444,600.0010400000002,2.942451176474374e-28,0.3358297261045315,600.0
ex8_4_4.bch,blowup,lsmear,xtaylor,complete,1,11100,102.26994900000005,0.21225435952876223,0.21246661388829097,600.0
ex8_4_4.bch,blowup,lsmear-box,xtaylor,complete,1,11050,103.32736700000002,0.21229371331422037,0.21250600702753455,600.0
ex8_4_4.bch,blowup,roundrobin,xtaylor,complete,1,36288,370.68449100000015,0.21226864117010236,0.21248090981127243,600.0
ex8_4_4.bch,blowup,smearmax,xtaylor,complete,1,18860,183.44468800000004,0.21226413751918946,0.2124764016567086,600.0
ex8_4_4.bch,blowup,smearmaxrel,xtaylor,complete,1,28580,300.1757180000001,0.21227218081285298,0.2124844529936658,600.0
ex8_4_4.bch,blowup,smearsum,xtaylor,complete,1,21904,178.23937000000006,0.21226767841927024,0.2124799460976895,600.0
ex8_4_4.bch,blowup,smearsumrel,xtaylor,complete,1,29130,221.81772200000003,0.21226283593463,0.2124750987705646,600.0
ex8_4_4bis.bch,medium,largestfirst,both,timeout,0,909700,600.0010470000002,0.08590438465248469,0.2127586502173518,600.0
ex8_4_4bis.bch,medium,lsmear,both,complete,1,37012,45.62300700000001,0.21225581546376787,0.21246807127923162,600.0
ex8_4_4bis.bch,medium,lsmear-box,both,complete,1,37012,45.14420700000001,0.21225581546376787,0.21246807127923162,600.0
ex8_4_4bis.bch,medium,roundrobin,both,complete,1,59730,59.14694200000002,0.21225768284061122,0.2124699405234518,600.0
ex8_4_4bis.bch,medium,smearmax,both,complete,1,37742,43.45103500000001,0.2122609245268387,0.2124731854513655,600.0
ex8_4_4bis.bch,medium,smearmaxrel,both,complete,1,37886,44.092387000000016,0.21225619304780527,0.21246844924085304,600.0
ex8_4_4bis.bch,medium,smearsum,both,complete,1,39016,45.02199200000002,0.21226366355049517,0.21247592721404565,600.0
ex8_4_4bis.bch,medium,smearsumrel,both,complete,1,37012,43.277993000000016,0.21225581546376787,0.21246807127923162,600.0
ex8_4_4bis.bch,medium,largestfirst,xtaylor,timeout,0,1074682,600.0007970000001,0.08685980357743345,0.21265466013937245,600.0
ex8_4_4bis.bch,medium,lsmear,xtaylor,complete,1,79388,82.35066700000003,0.2122597724298923,0.21247203220232216,600.0
ex8_4_4bis.bch,medium,lsmear-box,xtaylor,complete,1,79388,83.71806300000003,0.2122597724298923,0.21247203220232216,600.0
ex8_4_4bis.bch,medium,roundrobin,xtaylor,complete,1,107302,89.20616200000003,0.21225671127109302,0.2124689679823641,600.0
ex8_4_4bis.bch,medium,smearmax,xtaylor,complete,1,80172,78.83786000000002,0.2122649244918432,0.212477189416335,600.0
ex8_4_4bis.bch,medium,smearmaxrel,xtaylor,complete,1,77048,76.30224300000003,0.21225400815664738,0.212466262164804,600.0
ex8_4_4bis.bch,medium,smearsum,xtaylor,complete,1,78400,77.64222400000003,0.2122524959018825,0.21246474839778434,600.0
ex8_4_4bis.bch,medium,smearsumrel,xtaylor,complete,1,79388,77.38587500000001,0.2122597724298923,0.21247203220232216,600.0
ex8_4_5-1.bch,others,largestfirst,both,timeout,0,143458,600.0067060000002,0,0.0003278956169194048,600.0
ex8_4_5-1.bch,others,lsmear,both,timeout,0,90360,600.0027790000003,0,0.0003085951339711047,600.0
ex8_4_5-1.bch,others,lsmear-box,both,timeout,0,111804,600.0004710000003,0,0.0003086335896904193,600.0
ex8_4_5-1.bch,others,roundrobin,both,complete,1,61840,581.7390550000001,0.00030727723364390984,0.0003075845108775537,600.0
ex8_4_5-1.bch,others,smearmax,both,timeout,0,186078,600.0031360000002,0,0.0003086626159846918,600.0
ex8_4_5-1.bch,others,smearmaxrel,both,timeout,0,79478,600.0059980000002,0,0.0003086707133140191,600.0
ex8_4_5-1.bch,others,smearsum,both,timeout,0,195116,600.0075930000003,0,0.0004443326216073948,600.0
ex8_4_5-1.bch,others,smearsumrel,both,timeout,0,200988,600.0073080000003,0,0.0004434652839938926,600.0
ex8_4_5-1.bch,others,largestfirst,xtaylor,timeout,0,283166,600.0042350000002,0,0.0004297004392272732,600.0
ex8_4_5-1.bch,others,lsmear,xtaylor,timeout,0,291240,600.0031500000001,0,0.0005109496672790668,600.0
ex8_4_5-1.bch,others,lsmear-box,xtaylor,timeout,0,272588,600.0022330000002,0,0.0006465505689436351,600.0
ex8_4_5-1.bch,others,roundrobin,xtaylor,timeout,0,77112,600.0246010000003,0.0002762373257779526,0.0003079974630809811,600.0
ex8_4_5-1.bch,others,smearmax,xtaylor,timeout,0,242754,600.0032010000002,0,0.0003226752606121818,600.0
ex8_4_5-1.bch,others,smearmaxrel,xtaylor,timeout,0,254924,600.0012570000001,0,0.00048560878597496936,600.0
ex8_4_5-1.bch,others,smearsum,xtaylor,timeout,0,269586,600.0020480000002,0,0.00048663431204307677,600.0
ex8_4_5-1.bch,others,smearsumrel,xtaylor,timeout,0,314574,600.0040760000002,0,0.0006487952716621066,600.0
ex8_4_5.bch,blowup,largestfirst,both,timeout,0,338296,600.0031580000002,0,0.0015256269958043042,600.0
ex8_4_5.bch,blowup,lsmear,both,timeout,0,338510,600.0022100000002,0,0.0015256269958043042,600.0
ex8_4_5.bch,blowup,lsmear-box,both,timeout,0,338070,600.0002970000002,0,0.0015256269958043042,600.0
ex8_4_5.bch,blowup,roundrobin,both,timeout,0,67774,600.0121320000002,0.0003017741314656219,0.000307569796153817,600.0
ex8_4_5.bch,blowup,smearmax,both,timeout,0,338106,600.0021910000002,0,0.0015256269958043042,600.0
ex8_4_5.bch,blowup,smearmaxrel,both,timeout,0,336038,600.0017660000002,0,0.0015256269958043042,600.0
ex8_4_5.bch,blowup,smearsum,both,timeout,0,336150,600.0025390000004,0,0.0015256269958043042,600.0
ex8_4_5.bch,blowup,smearsumrel,both,timeout,0,334562,600.0030630000002,0,0.0015256269958043042,600.0
ex8_4_5.bch,blowup,largestfirst,xtaylor,timeout,0,540240,600.0006280000002,0,0.0006387288868371637,600.0
ex8_4_5.bch,blowup,lsmear,xtaylor,timeout,0,530288,600.0022230000002,0,0.0006387288868371637,600.0
ex8_4_5.bch,blowup,lsmear-box,xtaylor,timeout,0,528856,600.0028730000002,0,0.0006387288868371637,600.0
ex8_4_5.bch,blowup,roundrobin,xtaylor,timeout,0,85996,600.0208120000001,0.00021354544678982474,0.0003083040188948399,600.0
ex8_4_5.bch,blowup,smearmax,xtaylor,timeout,0,532670,600.0014020000002,0,0.0006387288868371637,600.0
ex8_4_5.bch,blowup,smearmaxrel,xtaylor,timeout,0,530548,600.0016260000002,0,0.0006387288868371637,600.0
ex8_4_5.bch,blowup,smearsum,xtaylor,timeout,0,532024,600.0002710000002,0,0.0006387288868371637,600.0
ex8_4_5.bch,blowup,smearsumrel,xtaylor,timeout,0,527036,600.0008980000002,0,0.0006387288868371637,600.0
ex8_4_5bis.bch,others,largestfirst,both,timeout,0,892636,600.0012730000003,0,0.00031120316316155856,600.0
ex8_4_5bis.bch,others,lsmear,both,timeout,0,870228,600.0011940000002,0,0.00030854072758291806,600.0
ex8_4_5bis.bch,others,lsmear-box,both,timeout,0,874320,600.0002950000002,0,0.00030854072758291806,600.0
ex8_4_5bis.bch,others,roundrobin,both,complete,1,116276,79.48575700000002,0.0003071814449076588,0.0003074886263525664,600.0
ex8_4_5bis.bch,others,smearmax,both,timeout,0,936908,600.0010350000002,0,0.00030854072758291806,600.0
ex8_4_5bis.bch,others,smearmaxrel,both,timeout,0,937726,600.0006110000002,0,0.00030854072758291806,600.0
ex8_4_5bis.bch,others,smearsum,both,timeout,0,944270,600.0010530000001,0,0.00030854072758291806,600.0
ex8_4_5bis.bch,others,smearsumrel,both,timeout,0,943486,600.0003200000002,0,0.00030854072758291806,600.0
ex8_4_5bis.bch,others,largestfirst,xtaylor,timeout,0,1003378,600.0005520000003,0,0.00032081162702876615,600.0
ex8_4_5bis.bch,others,lsmear,xtaylor,timeout,0,922160,600.0001040000003,0,0.0003112215471144193,600.0
ex8_4_5bis.bch,others,lsmear-box,xtaylor,timeout,0,926826,600.0000730000003,0,0.0003112215471144193,600.0
ex8_4_5bis.bch,others,roundrobin,xtaylor,complete,1,173142,101.57037000000003,0.00030718454512726544,0.0003074917296723926,600.0
ex8_4_5bis.bch,others,smearmax,xtaylor,timeout,0,972554,600.0008810000003,0,0.0003112215471144193,600.0
ex8_4_5bis.bch,others,smearmaxrel,xtaylor,timeout,0,984378,600.0005630000002,0,0.0003112215471144193,600.0
ex8_4_5bis.bch,others,smearsum,xtaylor,timeout,0,985686,600.0016260000001,0,0.0003112215471144193,600.0
ex8_4_5bis.bch,others,smearsumrel,xtaylor,timeout,0,978194,600.0008710000004,0,0.0003112215471144193,600.0
ex8_4_6.bch,blowup,largestfirst,both,error:IbexError,0,0,0.0,-inf,inf,600.0
ex8_4_6.bch,blowup,lsmear,both,timeout,0,136830,600.0101300000002,0,1.2217212760256815,600.0
ex8_4_6.bch,blowup,lsmear-box,both,timeout,0,137996,600.0059050000001,0,1.2217212760256815,600.0
ex8_4_6.bch,blowup,roundrobin,both,timeout,0,170072,600.0005060000001,0,0.0014190507037508088,600.0
ex8_4_6.bch,blowup,smearmax,both,timeout,0,146914,600.0027390000002,0,1.2217212760256815,600.0
ex8_4_6.bch,blowup,smearmaxrel,both,timeout,0,156586,600.0071760000002,0,1.2217212760256815,600.0
ex8_4_6.bch,blowup,smearsum,both,timeout,0,142962,600.0010990000001,0,1.2217212760256815,600.0
ex8_4_6.bch,blowup,smearsumrel,both,timeout,0,142822,600.0087660000002,0,1.2217212760256815,600.0
ex8_4_6.bch,blowup,largestfirst,xtaylor,timeout,0,351468,600.0018830000004,0,1.2217212760256815,600.0
ex8_4_6.bch,blowup,lsmear,xtaylor,timeout,0,163100,600.0096840000002,0,1.2217212760256815,600.0
ex8_4_6.bch,blowup,lsmear-box,xtaylor,timeout,0,162814,600.0036800000003,0,1.2217212760256815,600.0
ex8_4_6.bch,blowup,roundrobin,xtaylor,timeout,0,210168,600.0026130000001,0,0.002470868297594319,600.0
ex8_4_6.bch,blowup,smearmax,xtaylor,timeout,0,180968,600.0010180000002,0,1.2217212760256815,600.0
ex8_4_6.bch,blowup,smearmaxrel,xtaylor,timeout,0,179178,600.0028380000002,0,1.2217212760256815,600.0
ex8_4_6.bch,blowup,smearsum,xtaylor,timeout,0,165734,600.0062740000002,0,1.2217212760256815,600.0
ex8_4_6.bch,blowup,smearsumrel,xtaylor,timeout,0,170818,600.0034290000003,0,1.2217212760256815,600.0
ex8_4_6bis.bch,blowup,largestfirst,both,timeout,0,365850,600.0015210000001,0,1.2759079795142645,600.0
ex8_4_6bis.bch,blowup,lsmear,both,timeout,0,355848,600.0042900000002,0,1.087109532073486,600.0
ex8_4_6bis.bch,blowup,lsmear-box,both,timeout,0,356448,600.0004660000003,0,1.087109532073486,600.0
ex8_4_6bis.bch,blowup,roundrobin,both,timeout,0,180972,600.0035280000002,0.0008663930303542895,0.0016829548158858946,600.0
ex8_4_6bis.bch,blowup,smearmax,both,timeout,0,359338,600.0033170000003,0,1.087109532073486,600.0
ex8_4_6bis.bch,blowup,smearmaxrel,both,timeout,0,352700,600.0014800000004,0,1.087109532073486,600.0
ex8_4_6bis.bch,blowup,smearsum,both,timeout,0,358296,600.0007410000002,0,1.087109532073486,600.0
ex8_4_6bis.bch,blowup,smearsumrel,both,timeout,0,355668,600.0007960000002,0,1.087109532073486,600.0
ex8_4_6bis.bch,blowup,largestfirst,xtaylor,timeout,0,6330,10.004172000000006,0,1.5854506443950633,10
ex8_4_6bis.bch,blowup,lsmear,xtaylor,timeout,0,6226,10.001962000000002,0,1.5854506443950633,10
ex8_4_6bis.bch,blowup,lsmear-box,xtaylor,timeout,0,6212,10.001546000000003,0,1.5854506443950633,10
ex8_4_6bis.bch,blowup,roundrobin,xtaylor,timeout,0,187908,600.0028000000003,0.0008613165253820645,0.0016237064134210387,600.0
ex8_4_6bis.bch,blowup,smearmax,xtaylor,timeout,0,6308,10.001355000000002,0,1.5854506443950633,10
ex8_4_6bis.bch,blowup,smearmaxrel,xtaylor,timeout,0,6242,10.000182000000004,0,1.5854506443950633,10
ex8_4_6bis.bch,blowup,smearsum,xtaylor,timeout,0,433150,600.0001840000003,0,1.4365124216566285,600.0
ex8_4_6bis.bch,blowup,smearsumrel,xtaylor,timeout,0,414620,600.0006140000002,0,1.2452884954750558,600.0
ex8_4_6ter.bch,blowup,largestfirst,both,timeout,0,250636,600.0029630000002,0,3.0229784760123795,600.0
ex8_4_6ter.bch,blowup,lsmear,both,timeout,0,48394,600.0314240000002,0.0004249307249271518,0.0011187680811960002,600.0
ex8_4_6ter.bch,blowup,lsmear-box,both,timeout,0,47872,600.0143420000002,0.0004705384214082826,0.0011165745274585245,600.0
ex8_4_6ter.bch,blowup,roundrobin,both,timeout,0,187034,600.0052520000002,7.259264889399681e-07,0.0015273934458145777,600.0
ex8_4_6ter.bch,blowup,smearmax,both,timeout,0,52594,600.0395530000002,0.00039117495076919015,0.001105566480345671,600.0
ex8_4_6ter.bch,blowup,smearmaxrel,both,timeout,0,58512,600.0066450000002,0.0009637805276547021,0.0011063645410499376,600.0
ex8_4_6ter.bch,blowup,smearsum,both,timeout,0,48728,600.0221080000002,0.0009447442671064524,0.0011058813058900435,600.0
ex8_4_6ter.bch,blowup,smearsumrel,both,timeout,0,49494,600.0046660000003,0.001076386208904722,0.0011056987450089033,600.0
ex8_4_6ter.bch,blowup,largestfirst,xtaylor,timeout,0,294976,600.0003980000004,0,3.0229784760123795,600.0
ex8_4_6ter.bch,blowup,lsmear,xtaylor,timeout,0,54270,600.0164740000002,0.00034430479509744955,0.001180376401632209,600.0
ex8_4_6ter.bch,blowup,lsmear-box,xtaylor,timeout,0,54630,600.0014100000002,0.0003284018342924855,0.0011533894853532026,600.0
ex8_4_6ter.bch,blowup,roundrobin,xtaylor,timeout,0,224426,600.0017020000001,1.3741446694154403e-06,0.0016601425149273174,600.0
ex8_4_6ter.bch,blowup,smearmax,xtaylor,timeout,0,59190,600.0214160000004,0.00028504752122494447,0.0011184700786633843,600.0
ex8_4_6ter.bch,blowup,smearmaxrel,xtaylor,timeout,0,63330,600.0321160000002,0.0006851021411975856,0.0011086042649896008,600.0
ex8_4_6ter.bch,blowup,smearsum,xtaylor,timeout,0,59840,600.0187220000003,0.0003238535731523617,0.0011181591806663604,600.0
ex8_4_6ter.bch,blowup,smearsumrel,xtaylor,timeout,0,71644,600.0026120000002,0.0006208666099602393,0.0011076410082067733,600.0
ex8_4_8.bch,unsolved,largestfirst,both,timeout,0,39134,600.0072900000004,8.077935669463161e-28,inf,600.0
ex8_4_8.bch,unsolved,lsmear,both,timeout,0,21200,600.0085420000003,6.351196140758716e-23,inf,600.0
ex8_4_8.bch,unsolved,lsmear-box,both,timeout,0,20994,600.0211680000003,6.307252170716836e-23,inf,600.0
ex8_4_8.bch,unsolved,roundrobin,both,timeout,0,25472,600.0234720000002,4.872610795820179e-24,12.013325202465184,600.0
ex8_4_8.bch,unsolved,smearmax,both,timeout,0,19654,600.0433300000002,3.308722450212111e-24,inf,600.0
ex8_4_8.bch,unsolved,smearmaxrel,both,timeout,0,33282,600.0140150000003,0,inf,600.0
ex8_4_8.bch,unsolved,smearsum,both,timeout,0,23434,600.0089610000003,0.01785376098660791,4.023092402619728,600.0
ex8_4_8.bch,unsolved,smearsumrel,both,timeout,0,39766,600.0392190000001,0.20408912446540484,6.357279309046407,600.0
ex8_4_8.bch,unsolved,largestfirst,xtaylor,timeout,0,49034,600.0018900000003,1.2621774483536189e-27,inf,600.0
ex8_4_8.bch,unsolved,lsmear,xtaylor,timeout,0,24654,600.0119530000003,1.2109148685952057e-22,13.435043879197963,600.0
ex8_4_8.bch,unsolved,lsmear-box,xtaylor,timeout,0,25826,600.0175850000002,6.507590024029316e-23,inf,600.0
ex8_4_8.bch,unsolved,roundrobin,xtaylor,timeout,0,24506,600.0940500000002,0,8.153158523376023,600.0
ex8_4_8.bch,unsolved,smearmax,xtaylor,timeout,0,23248,600.0371560000003,3.308722450212111e-24,inf,600.0
ex8_4_8.bch,unsolved,smearmaxrel,xtaylor,timeout,0,42208,600.0325220000003,0,inf,600.0
ex8_4_8.bch,unsolved,smearsum,xtaylor,timeout,0,24380,600.0252600000003,5.976384974405418e-23,6.227756401530575,600.0
ex8_4_8.bch,unsolved,smearsumrel,xtaylor,timeout,0,29518,600.0089020000003,0.4017530207098673,4.8063833118626516,600.0
ex8_4inf-1.bch,easy,largestfirst,both,unbounded,0,2314,0.11547200000000005,-inf,-1.7976931348623157e+308,600.0
ex8_4inf-1.bch,easy,lsmear,both,unbounded,0,2314,0.11132900000000003,-inf,-1.7976931348623157e+308,600.0
ex8_4inf-1.bch,easy,lsmear-box,both,unbounded,0,2314,0.11153200000000003,-inf,-1.7976931348623157e+308,600.0
ex8_4inf-1.bch,easy,roundrobin,both,unbounded,0,2312,0.10954500000000005,-inf,-1.7976931348623157e+308,600.0
ex8_4inf-1.bch,easy,smearmax,both,unbounded,0,2314,0.12059800000000002,-inf,-1.7976931348623157e+308,600.0
ex8_4inf-1.bch,easy,smearmaxrel,both,unbounded,0,2314,0.11079600000000002,-inf,-1.7976931348623157e+308,600.0
ex8_4inf-1.bch,easy,smearsum,both,unbounded,0,2314,0.12181300000000002,-inf,-1.7976931348623157e+308,600.0
ex8_4inf-1.bch,easy,smearsumrel,both,unbounded,0,2314,0.11771400000000003,-inf,-1.7976931348623157e+308,600.0
ex8_4inf-1.bch,easy,largestfirst,xtaylor,unbounded,0,2314,0.11173900000000002,-inf,-1.7976931348623157e+308,10
ex8_4inf-1.bch,easy,lsmear,xtaylor,unbounded,0,2314,0.11606500000000003,-inf,-1.7976931348623157e+308,10
ex8_4inf-1.bch,easy,lsmear-box,xtaylor,unbounded,0,2314,0.11448100000000001,-inf,-1.7976931348623157e+308,10
ex8_4inf-1.bch,easy,roundrobin,xtaylor,unbounded,0,2312,0.11086200000000003,-inf,-1.7976931348623157e+308,10
ex8_4inf-1.bch,easy,smearmax,xtaylor,unbounded,0,2314,0.11267000000000003,-inf,-1.7976931348623157e+308,10
ex8_4inf-1.bch,easy,smearmaxrel,xtaylor,unbounded,0,2314,0.11290600000000003,-inf,-1.7976931348623157e+308,10
ex8_4inf-1.bch,easy,smearsum,xtaylor,unbounded,0,2314,0.11256600000000003,-inf,-1.7976931348623157e+308,10
ex8_4inf-1.bch,easy,smearsumrel,xtaylor,unbounded,0,2314,0.11456800000000002,-inf,-1.7976931348623157e+308,10
ex8_5_1-1.bch,blowup,largestfirst,both,timeout,0,7437926,600.0001920000003,-inf,0.11452940181460428,600.0
ex8_5_1-1.bch,blowup,lsmear,both,timeout,0,5824098,600.0000890000001,-inf,0.006430075824051196,600.0
ex8_5_1-1.bch,blowup,lsmear-box,both,timeout,0,5836542,600.0001520000002,-inf,0.0075329760618906005,600.0
ex8_5_1-1.bch,blowup,roundrobin,both,complete,1,8636,17.359280000000005,-5.704355715534624e-07,-4.704355715534625e-07,600.0
ex8_5_1-1.bch,blowup,smearmax,both,timeout,0,3238322,600.0003260000003,-inf,0.00643009171325315,600.0
ex8_5_1-1.bch,blowup,smearmaxrel,both,timeout,0,3050586,600.0001820000002,-inf,0.0009893085106423283,600.0
ex8_5_1-1.bch,blowup,smearsum,both,timeout,0,6338938,600.0001190000003,-inf,0.006432178638732161,600.0
ex8_5_1-1.bch,blowup,smearsumrel,both,timeout,0,4749524,600.0000670000003,-inf,0.04261187288090554,600.0
ex8_5_1-1.bch,blowup,largestfirst,xtaylor,timeout,0,3925242,600.0001100000002,-inf,0.006430076920013322,600.0
ex8_5_1-1.bch,blowup,lsmear,xtaylor,timeout,0,4050078,600.0000670000003,-inf,0.006430075826046433,600.0
ex8_5_1-1.bch,blowup,lsmear-box,xtaylor,timeout,0,6041052,600.0005130000002,-inf,0.04208073881152559,600.0
ex8_5_1-1.bch,blowup,roundrobin,xtaylor,complete,1,15510,29.288280000000004,-5.693626909912928e-07,-4.693626909912929e-07,600.0
ex8_5_1-1.bch,blowup,smearmax,xtaylor,timeout,0,5206982,600.0001640000002,-inf,0.006430077833799092,600.0
ex8_5_1-1.bch,blowup,smearmaxrel,xtaylor,timeout,0,2751686,600.0002330000002,-inf,0.006430110507434528,600.0
ex8_5_1-1.bch,blowup,smearsum,xtaylor,timeout,0,3340592,600.0001140000002,-inf,0.006430207151059242,600.0
ex8_5_1-1.bch,blowup,smearsumrel,xtaylor,timeout,0,6626050,600.0001660000003,-inf,0.04201134404459396,600.0
ex8_5_1.bch,medium,largestfirst,both,timeout,0,2469858,600.0018660000002,-inf,0.0960971245908302,600.0
ex8_5_1.bch,medium,lsmear,both,timeout,0,5781992,600.0000240000002,-inf,0.006430076291804587,600.0
ex8_5_1.bch,medium,lsmear-box,both,timeout,0,7514916,600.0001040000002,-inf,0.01938836326039245,600.0
ex8_5_1.bch,medium,roundrobin,both,complete,1,8038,15.591886000000004,-5.68808805192955e-07,-4.688088051929551e-07,600.0
ex8_5_1.bch,medium,smearmax,both,timeout,0,4312104,600.0002070000002,-inf,0.023278325807148892,600.0
ex8_5_1.bch,medium,smearmaxrel,both,timeout,0,2636144,600.0005600000002,-inf,0.023387634972688393,600.0
ex8_5_1.bch,medium,smearsum,both,timeout,0,3035770,600.0009050000002,-inf,0.006430228158077228,600.0
ex8_5_1.bch,medium,smearsumrel,both,timeout,0,4157448,600.0001320000002,-inf,0.006430105441609102,600.0
ex8_5_1.bch,medium,largestfirst,xtaylor,timeout,0,3380348,600.0002130000001,-inf,0.006430076325182166,600.0
ex8_5_1.bch,medium,lsmear,xtaylor,timeout,0,6069672,600.0001320000003,-inf,0.007532980838498626,600.0
ex8_5_1.bch,medium,lsmear-box,xtaylor,timeout,0,4866380,600.0001240000004,-inf,0.006793108352188021,600.0
ex8_5_1.bch,medium,roundrobin,xtaylor,complete,1,13722,26.261894000000005,-5.742573115057435e-07,-4.7425731150574357e-07,600.0
ex8_5_1.bch,medium,smearmax,xtaylor,timeout,0,1838948,600.0001660000003,-inf,0.007562248195808752,600.0
ex8_5_1.bch,medium,smearmaxrel,xtaylor,timeout,0,3547592,600.0016810000003,-inf,0.00643027582635472,600.0
ex8_5_1.bch,medium,smearsum,xtaylor,timeout,0,2470544,600.0019100000003,-inf,0.0508989619142924,600.0
ex8_5_1.bch,medium,smearsumrel,xtaylor,timeout,0,2918790,600.0011530000003,-inf,0.006430071823772726,600.0
ex8_5_1bis.bch,hard,largestfirst,both,timeout,0,288384,600.0055470000002,-25.16101964672105,0.24206501790949786,600.0
ex8_5_1bis.bch,hard,lsmear,both,complete,1,1182,3.2794090000000007,-6.029613783791297e-07,-5.029613783791298e-07,600.0
ex8_5_1bis.bch,hard,lsmear-box,both,complete,1,1268,3.384587000000001,-5.926018670747822e-07,-4.926018670747823e-07,600.0
ex8_5_1bis.bch,hard,roundrobin,both,complete,1,4868,12.209783000000002,-5.933873415935429e-07,-4.93387341593543e-07,600.0
ex8_5_1bis.bch,hard,smearmax,both,complete,1,1378,3.7920120000000006,-6.005513213640621e-07,-5.005513213640622e-07,600.0
ex8_5_1bis.bch,hard,smearmaxrel,both,timeout,0,273146,600.0013170000001,-19.5939102870265,0.02962458107231153,600.0
ex8_5_1bis.bch,hard,smearsum,both,complete,1,1480,3.875941000000001,-6.047220746901003e-07,-5.047220746901004e-07,600.0
ex8_5_1bis.bch,hard,smearsumrel,both,complete,1,1324,3.508271000000001,-5.925599843552674e-07,-4.925599843552675e-07,600.0
ex8_5_1bis.bch,hard,largestfirst,xtaylor,timeout,0,241664,600.0024900000002,-35.37052876243802,0.6451933136234835,600.0
ex8_5_1bis.bch,hard,lsmear,xtaylor,complete,1,3782,7.800967000000001,-6.130480176807061e-07,-5.130480176807062e-07,10
ex8_5_1bis.bch,hard,lsmear-box,xtaylor,complete,1,3832,7.800442000000001,-6.032682051375746e-07,-5.032682051375748e-07,10
ex8_5_1bis.bch,hard,roundrobin,xtaylor,complete,1,10228,24.75087900000001,-6.036684951054137e-07,-5.036684951054138e-07,600.0
ex8_5_1bis.bch,hard,smearmax,xtaylor,complete,1,1834,4.754043000000001,-5.948686059269568e-07,-4.948686059269569e-07,10
ex8_5_1bis.bch,hard,smearmaxrel,xtaylor,timeout,0,483000,600.0028260000001,-19.84760245349569,0.05265597671923618,600.0
ex8_5_1bis.bch,hard,smearsum,xtaylor,complete,1,2446,5.341463000000002,-6.003597823849403e-07,-5.003597823849404e-07,10
ex8_5_1bis.bch,hard,smearsumrel,xtaylor,complete,1,2100,4.651390000000001,-6.160869792353305e-07,-5.160869792353306e-07,10
ex8_5_2.bch,medium,largestfirst,both,timeout,0,5867562,600.0000570000002,-inf,0.05742330353412742,600.0
ex8_5_2.bch,medium,lsmear,both,timeout,0,5993842,600.0001150000003,-inf,0.05230569891006234,600.0
ex8_5_2.bch,medium,lsmear-box,both,timeout,0,6177282,600.0000430000002,-inf,0.0523044943786771,600.0
ex8_5_2.bch,medium,roundrobin,both,complete,1,28544,53.837289000000006,-3.383164193764386e-07,-2.3831641937643866e-07,600.0
ex8_5_2.bch,medium,smearmax,both,timeout,0,6317518,600.0006070000002,-inf,0.05230724264603005,600.0
ex8_5_2.bch,medium,smearmaxrel,both,timeout,0,5637380,600.0000410000002,-inf,0.028311328235485905,600.0
ex8_5_2.bch,medium,smearsum,both,timeout,0,6342706,600.0001410000002,-inf,0.05230968940330548,600.0
ex8_5_2.bch,medium,smearsumrel,both,timeout,0,5735770,600.0001490000002,-inf,0.003905099293414316,600.0
ex8_5_2.bch,medium,largestfirst,xtaylor,timeout,0,2909364,600.0000340000001,-inf,0.16274009343195792,600.0
ex8_5_2.bch,medium,lsmear,xtaylor,timeout,0,5950622,600.0001360000002,-inf,0.07729769376801068,600.0
ex8_5_2.bch,medium,lsmear-box,xtaylor,timeout,0,1471354,600.0001670000003,-inf,0.004548519762975656,600.0
ex8_5_2.bch,medium,roundrobin,xtaylor,complete,1,49222,89.52418000000003,-3.3660461173635733e-07,-2.3660461173635738e-07,600.0
ex8_5_2.bch,medium,smearmax,xtaylor,timeout,0,4896020,600.0042820000003,-inf,0.0039040427915053577,600.0
ex8_5_2.bch,medium,smearmaxrel,xtaylor,timeout,0,3873682,600.0011290000002,-inf,0.0038760606053558355,600.0
ex8_5_2.bch,medium,smearsum,xtaylor,timeout,0,1844324,600.0025750000001,-inf,0.003177455639035487,600.0
ex8_5_2.bch,medium,smearsumrel,xtaylor,timeout,0,5692024,600.0001250000003,-inf,0.008241548852514102,600.0
ex8_5_2_1.bch,medium,largestfirst,both,timeout,0,6232336,600.0001830000001,-inf,0.003905099040504012,600.0
ex8_5_2_1.bch,medium,lsmear,both,timeout,0,5015094,600.0001170000003,-inf,0.0026061576050904756,600.0
ex8_5_2_1.bch,medium,lsmear-box,both,timeout,0,4681008,600.0006250000002,-inf,0.0024469357404885983,600.0
ex8_5_2_1.bch,medium,roundrobin,both,complete,1,30648,59.13679200000002,-3.2920492875888593e-07,-2.2920492875888598e-07,600.0
ex8_5_2_1.bch,medium,smearmax,both,timeout,0,4746346,600.0001040000002,-inf,0.0026150690368622054,600.0
ex8_5_2_1.bch,medium,smearmaxrel,both,timeout,0,5055332,600.0000590000002,-inf,0.002039070736455928,600.0
ex8_5_2_1.bch,medium,smearsum,both,timeout,0,5991070,600.0000060000003,-inf,0.008345245294796522,600.0
ex8_5_2_1.bch,medium,smearsumrel,both,timeout,0,5010882,600.0000500000002,-inf,0.0038995082423079475,600.0
ex8_5_2_1.bch,medium,largestfirst,xtaylor,timeout,0,5824768,600.0000210000002,-inf,0.005391513610367216,600.0
ex8_5_2_1.bch,medium,lsmear,xtaylor,timeout,0,5826872,600.0001410000002,-inf,0.052310976100477774,600.0
ex8_5_2_1.bch,medium,lsmear-box,xtaylor,timeout,0,2644486,600.0000120000003,-inf,0.16186410044332222,600.0
ex8_5_2_1.bch,medium,roundrobin,xtaylor,complete,1,50416,94.20819900000004,-3.402488544772651e-07,-2.402488544772652e-07,600.0
ex8_5_2_1.bch,medium,smearmax,xtaylor,timeout,0,5438156,600.0000240000003,-inf,0.0044372274459392735,600.0
ex8_5_2_1.bch,medium,smearmaxrel,xtaylor,timeout,0,5791158,600.0001750000002,-inf,0.01597527786306452,600.0
ex8_5_2_1.bch,medium,smearsum,xtaylor,timeout,0,2810420,600.0007560000003,-inf,0.16187194739524982,600.0
ex8_5_2_1.bch,medium,smearsumrel,xtaylor,timeout,0,2094334,600.0003280000002,-inf,0.15999589668937672,600.0
ex8_5_3-1.bch,easy,largestfirst,both,complete,1,164,0.3753770000000001,-0.004139769937228466,-0.004135630167291238,600.0
ex8_5_3-1.bch,easy,lsmear,both,complete,1,100,0.261058,-0.004139683019297043,-0.004135543336277747,600.0
ex8_5_3-1.bch,easy,lsmear-box,both,complete,1,100,0.2558800000000001,-0.004139683019297043,-0.004135543336277747,600.0
ex8_5_3-1.bch,easy,roundrobin,both,complete,1,334,0.3924300000000001,-0.004137395395098753,-0.0041332579997036545,600.0
ex8_5_3-1.bch,easy,smearmax,both,complete,1,100,0.2515510000000001,-0.004139678043081518,-0.004135538365038438,600.0
ex8_5_3-1.bch,easy,smearmaxrel,both,complete,1,146,0.3787160000000001,-0.004139434152393982,-0.004135294718241589,600.0
ex8_5_3-1.bch,easy,smearsum,both,complete,1,100,0.24566800000000008,-0.004139678043081518,-0.004135538365038438,600.0
ex8_5_3-1.bch,easy,smearsumrel,both,complete,1,90,0.24672600000000006,-0.004139376885467379,-0.004135237508581913,600.0
ex8_5_3-1.bch,easy,largestfirst,xtaylor,complete,1,174,0.41179200000000005,-0.00413966341198205,-0.004135523748570069,10
ex8_5_3-1.bch,easy,lsmear,xtaylor,complete,1,274,0.49080400000000024,-0.004138547844633954,-0.004134409296789321,10
ex8_5_3-1.bch,easy,lsmear-box,xtaylor,complete,1,278,0.4863870000000001,-0.0041396868159719515,-0.004135547129155981,10
ex8_5_3-1.bch,easy,roundrobin,xtaylor,complete,1,230,0.4486330000000001,-0.004139294329689794,-0.004135155035360105,10
ex8_5_3-1.bch,easy,smearmax,xtaylor,complete,1,138,0.3102030000000001,-0.004139757084565365,-0.004135617327480801,10
ex8_5_3-1.bch,easy,smearmaxrel,xtaylor,complete,1,166,0.37175100000000016,-0.004139194369872927,-0.004135055175503055,10
ex8_5_3-1.bch,easy,smearsum,xtaylor,complete,1,138,0.31442400000000015,-0.004139757084565365,-0.004135617327480801,10
ex8_5_3-1.bch,easy,smearsumrel,xtaylor,complete,1,114,0.2906490000000001,-0.004139756222095554,-0.0041356164658734595,10
ex8_5_3.bch,easy,largestfirst,both,complete,1,950,1.5050020000000004,-0.004137782741747113,-0.004133644959005367,600.0
ex8_5_3.bch,easy,lsmear,both,complete,1,222,0.46573200000000015,-0.004139512166193606,-0.004135372654027414,600.0
ex8_5_3.bch,easy,lsmear-box,both,complete,1,164,0.3687370000000001,-0.0041358322865914805,-0.0041316964543048895,600.0
ex8_5_3.bch,easy,roundrobin,both,complete,1,240,0.4731430000000001,-0.004139456611112773,-0.004135317154501661,600.0
ex8_5_3.bch,easy,smearmax,both,complete,1,158,0.3398290000000001,-0.0041396771610164385,-0.004135537483855423,600.0
ex8_5_3.bch,easy,smearmaxrel,both,complete,1,150,0.3258490000000001,-0.004137171303897924,-0.004133034132594027,600.0
ex8_5_3.bch,easy,smearsum,both,complete,1,152,0.3350210000000002,-0.0041394660970315526,-0.004135326630934522,600.0
ex8_5_3.bch,easy,smearsumrel,both,complete,1,954,1.5445600000000004,-0.004137782741778675,-0.004133644959036897,600.0
ex8_5_3.bch,easy,largestfirst,xtaylor,complete,1,1026,1.4842460000000002,-0.00413778274742781,-0.004133644964680383,10
ex8_5_3.bch,easy,lsmear,xtaylor,complete,1,184,0.3838660000000001,-0.004137783223027572,-0.004133645439804545,10
ex8_5_3.bch,easy,lsmear-box,xtaylor,complete,1,314,0.5789620000000002,-0.004139287335068251,-0.004135148047733184,10
ex8_5_3.bch,easy,roundrobin,xtaylor,complete,1,248,0.4426210000000001,-0.004139657478424545,-0.004135517820946122,10
ex8_5_3.bch,easy,smearmax,xtaylor,complete,1,178,0.35700000000000004,-0.004139763220922831,-0.004135623457701909,10
ex8_5_3.bch,easy,smearmaxrel,xtaylor,complete,1,214,0.41074700000000014,-0.0041395583500852635,-0.004135418791735179,10
ex8_5_3.bch,easy,smearsum,xtaylor,complete,1,182,0.35924500000000015,-0.004139677161016883,-0.004135537483855867,10
ex8_5_3.bch,easy,smearsumrel,xtaylor,complete,1,928,1.4244300000000003,-0.004139671460538978,-0.004135531789078439,10
ex8_5_4.bch,easy,largestfirst,both,complete,1,242,0.6534540000000003,-0.0004256136977366443,-0.00042518808403890773,600.0
ex8_5_4.bch,easy,lsmear,both,complete,1,252,0.6341570000000003,-0.00042560453635883734,-0.00042517893182247857,600.0
ex8_5_4.bch,easy,lsmear-box,both,complete,1,244,0.6227510000000003,-0.0004256162879895369,-0.00042519067170154745,600.0
ex8_5_4.bch,easy,roundrobin,both,complete,1,376,0.7936490000000002,-0.00042558982708188663,-0.0004251642372548048,600.0
ex8_5_4.bch,easy,smearmax,both,complete,1,256,0.6642210000000003,-0.00042536011663858264,-0.0004249347565219441,600.0
ex8_5_4.bch,easy,smearmaxrel,both,complete,1,272,0.7036390000000002,-0.0004256124758517443,-0.0004251868633758926,600.0
ex8_5_4.bch,easy,smearsum,both,complete,1,260,0.6926350000000002,-0.00042561706739443925,-0.00042519145032704486,600.0
ex8_5_4.bch,easy,smearsumrel,both,complete,1,194,0.5195110000000002,-0.00042561706739477264,-0.00042519145032737793,600.0
ex8_5_4.bch,easy,largestfirst,xtaylor,complete,1,294,0.732272,-0.0004255865663130767,-0.0004251609797467637,10
ex8_5_4.bch,easy,lsmear,xtaylor,complete,1,610,1.1267910000000005,-0.000425470998439043,-0.000425045527440604,10
ex8_5_4.bch,easy,lsmear-box,xtaylor,complete,1,578,1.0797790000000005,-0.00042559484717855957,-0.00042516925233138103,10
ex8_5_4.bch,easy,roundrobin,xtaylor,complete,1,296,0.5648340000000002,-0.0004256094905641627,-0.0004251838810735986,10
ex8_5_4.bch,easy,smearmax,xtaylor,complete,1,276,0.6611730000000002,-0.00042561706739443925,-0.00042519145032704486,10
ex8_5_4.bch,easy,smearmaxrel,xtaylor,complete,1,302,0.7140350000000002,-0.00042555996798637687,-0.00042513440801839053,10
ex8_5_4.bch,easy,smearsum,xtaylor,complete,1,284,0.6874870000000003,-0.0004256103210976692,-0.0004251847107765716,10
ex8_5_4.bch,easy,smearsumrel,xtaylor,complete,1,298,0.7223250000000002,-0.00042560570821224245,-0.00042518010250403027,10
ex8_5_5-1.bch,easy,largestfirst,both,complete,1,38,0.08524700000000002,-1.3480933731933578,-1.3467452798201647,600.0
ex8_5_5-1.bch,easy,lsmear,both,complete,1,40,0.09537400000000003,-1.3480933730593545,-1.3467452796862953,600.0
ex8_5_5-1.bch,easy,lsmear-box,both,complete,1,36,0.08775600000000003,-1.3476120843495052,-1.346264472265156,600.0
ex8_5_5-1.bch,easy,roundrobin,both,complete,1,106,0.21906400000000004,-1.3475893266911854,-1.3462417373644944,600.0
ex8_5_5-1.bch,easy,smearmax,both,complete,1,38,0.09068100000000001,-1.3480015930606397,-1.3466535914675792,600.0
ex8_5_5-1.bch,easy,smearmaxrel,both,complete,1,40,0.10063200000000001,-1.3474331245702247,-1.3473159164581388,600.0
ex8_5_5-1.bch,easy,smearsum,both,complete,1,40,0.09494600000000003,-1.3480933730593545,-1.3467452796862953,600.0
ex8_5_5-1.bch,easy,smearsumrel,both,complete,1,40,0.09399400000000002,-1.3480933731933697,-1.3467452798201767,600.0
ex8_5_5-1.bch,easy,largestfirst,xtaylor,complete,1,24,0.04373100000000001,-1.3481832646743042,-1.3468350814096302,10
ex8_5_5-1.bch,easy,lsmear,xtaylor,complete,1,42,0.08610800000000002,-1.3481832645939373,-1.3468350813293437,10
ex8_5_5-1.bch,easy,lsmear-box,xtaylor,complete,1,48,0.10117100000000002,-1.348108434993631,-1.3467603265586376,10
ex8_5_5-1.bch,easy,roundrobin,xtaylor,complete,1,26,0.05071000000000002,-1.3474366504000517,-1.3460892137496518,10
ex8_5_5-1.bch,easy,smearmax,xtaylor,complete,1,40,0.08724800000000002,-1.347786917810304,-1.346439130892494,10
ex8_5_5-1.bch,easy,smearmaxrel,xtaylor,complete,1,42,0.09174900000000002,-1.3477653495276332,-1.3464175841781056,10
ex8_5_5-1.bch,easy,smearsum,xtaylor,complete,1,40,0.08957500000000002,-1.3477822122056422,-1.3464344299934368,10
ex8_5_5-1.bch,easy,smearsumrel,xtaylor,complete,1,40,0.08855700000000001,-1.3477827577009418,-1.3464349749432412,10
ex8_5_5.bch,easy,largestfirst,both,complete,1,176,0.5056180000000001,-0.010762575307171155,-0.010751812731863986,600.0
ex8_5_5.bch,easy,lsmear,both,complete,1,184,0.4553080000000001,-0.010762721724704353,-0.01075195900297965,600.0
ex8_5_5.bch,easy,lsmear-box,both,complete,1,180,0.45261100000000004,-0.01075709110646598,-0.010746334015359515,600.0
ex8_5_5.bch,easy,roundrobin,both,complete,1,232,0.5368920000000001,-0.010764243958286446,-0.010753479714328162,600.0
ex8_5_5.bch,easy,smearmax,both,complete,1,152,0.3567170000000001,-0.010761827795266816,-0.010751065967471551,600.0
ex8_5_5.bch,easy,smearmaxrel,both,complete,1,194,0.48676800000000003,-0.01075527082350347,-0.010744515552679967,600.0
ex8_5_5.bch,easy,smearsum,both,complete,1,150,0.35610700000000006,-0.010760950966316584,-0.01075019001535027,600.0
ex8_5_5.bch,easy,smearsumrel,both,complete,1,178,0.4823480000000001,-0.010762400607441106,-0.010751638206833669,600.0
ex8_5_5.bch,easy,largestfirst,xtaylor,complete,1,256,0.6166050000000002,-0.010760980441367834,-0.010750219460926467,10
ex8_5_5.bch,easy,lsmear,xtaylor,complete,1,528,1.0213310000000004,-0.010762977069312785,-0.010752214092243473,10
ex8_5_5.bch,easy,lsmear-box,xtaylor,complete,1,432,0.8339420000000002,-0.010760971511163467,-0.010750210539652305,10
ex8_5_5.bch,easy,roundrobin,xtaylor,complete,1,378,0.7722700000000002,-0.010763409068977608,-0.010752645659908633,10
ex8_5_5.bch,easy,smearmax,xtaylor,complete,1,186,0.4293400000000001,-0.01076257384707118,-0.01075181127322411,10
ex8_5_5.bch,easy,smearmaxrel,xtaylor,complete,1,212,0.5083760000000002,-0.010764227016488355,-0.010753462789471868,10
ex8_5_5.bch,easy,smearsum,xtaylor,complete,1,232,0.5414720000000001,-0.010762572344116372,-0.010751809771772258,10
ex8_5_5.bch,easy,smearsumrel,xtaylor,complete,1,264,0.6509110000000001,-0.01076426616744166,-0.01075350190127422,10
ex8_5_6-1.bch,easy,largestfirst,both,unbounded,0,298,0.11545900000000005,-inf,1.380723135727293,600.0
ex8_5_6-1.bch,easy,lsmear,both,unbounded,0,298,0.11791900000000004,-inf,1.380723135727293,600.0
ex8_5_6-1.bch,easy,lsmear-box,both,unbounded,0,298,0.11639300000000002,-inf,1.380723135727293,600.0
ex8_5_6-1.bch,easy,roundrobin,both,unbounded,0,3504,1.1530400000000005,-inf,0.526891443500888,600.0
ex8_5_6-1.bch,easy,smearmax,both,unbounded,0,298,0.11889700000000006,-inf,1.380723135727293,600.0
ex8_5_6-1.bch,easy,smearmaxrel,both,unbounded,0,298,0.11668300000000004,-inf,1.380723135727293,600.0
ex8_5_6-1.bch,easy,smearsum,both,unbounded,0,298,0.11698300000000002,-inf,1.380723135727293,600.0
ex8_5_6-1.bch,easy,smearsumrel,both,unbounded,0,298,0.12122300000000004,-inf,1.380723135727293,600.0
ex8_5_6-1.bch,easy,largestfirst,xtaylor,unbounded,0,298,0.11505900000000004,-inf,1.380723135727293,10
ex8_5_6-1.bch,easy,lsmear,xtaylor,unbounded,0,298,0.11776600000000004,-inf,1.380723135727293,10
ex8_5_6-1.bch,easy,lsmear-box,xtaylor,unbounded,0,298,0.12013800000000004,-inf,1.380723135727293,10
ex8_5_6-1.bch,easy,roundrobin,xtaylor,unbounded,0,1486,0.7029340000000002,-inf,0.6311428526591538,10
ex8_5_6-1.bch,easy,smearmax,xtaylor,unbounded,0,298,0.11896200000000004,-inf,1.380723135727293,10
ex8_5_6-1.bch,easy,smearmaxrel,xtaylor,unbounded,0,298,0.11698900000000002,-inf,1.380723135727293,10
ex8_5_6-1.bch,easy,smearsum,xtaylor,unbounded,0,298,0.11809000000000003,-inf,1.380723135727293,10
ex8_5_6-1.bch,easy,smearsumrel,xtaylor,unbounded,0,298,0.11701600000000006,-inf,1.380723135727293,10
ex8_5_6.bch,medium,largestfirst,both,timeout,0,1720396,600.0006010000001,-inf,inf,600.0
ex8_5_6.bch,medium,lsmear,both,timeout,0,956750,600.0003740000002,-inf,0.1937381798315938,600.0
ex8_5_6.bch,medium,lsmear-box,both,timeout,0,397080,600.0030370000002,-inf,0.1907382721964308,600.0
ex8_5_6.bch,medium,roundrobin,both,complete,1,2242,5.602875000000001,-0.001168387442695328,-0.001167219055252633,600.0
ex8_5_6.bch,medium,smearmax,both,timeout,0,2565668,600.0000180000003,-inf,inf,600.0
ex8_5_6.bch,medium,smearmaxrel,both,timeout,0,2358062,600.0000530000003,-inf,inf,600.0
ex8_5_6.bch,medium,smearsum,both,timeout,0,2769724,600.0003180000001,-inf,inf,600.0
ex8_5_6.bch,medium,smearsumrel,both,timeout,0,2442306,600.0004140000003,-inf,inf,600.0
ex8_5_6.bch,medium,largestfirst,xtaylor,timeout,0,2133208,600.0013500000003,-inf,inf,600.0
ex8_5_6.bch,medium,lsmear,xtaylor,timeout,0,2456048,600.0000420000002,-inf,inf,600.0
ex8_5_6.bch,medium,lsmear-box,xtaylor,timeout,0,2413994,600.0002190000001,-inf,inf,600.0
ex8_5_6.bch,medium,roundrobin,xtaylor,complete,1,4402,10.106492000000003,-0.001168409367675789,-0.0011672409583081134,600.0
ex8_5_6.bch,medium,smearmax,xtaylor,timeout,0,3131942,600.0002850000002,-inf,inf,600.0
ex8_5_6.bch,medium,smearmaxrel,xtaylor,timeout,0,2578682,600.0017500000002,-inf,inf,600.0
ex8_5_6.bch,medium,smearsum,xtaylor,timeout,0,3160906,600.0009310000003,-inf,inf,600.0
ex8_5_6.bch,medium,smearsumrel,xtaylor,timeout,0,2694396,600.0000310000003,-inf,inf,600.0
ex9_1_1.bch,easy,largestfirst,both,complete,1,4,0.014071,-13.00000002500001,-13.000000022499998,600.0
ex9_1_1.bch,easy,lsmear,both,complete,1,6,0.030811000000000005,-13.00000002500001,-13.000000022499995,600.0
ex9_1_1.bch,easy,lsmear-box,both,complete,1,6,0.030652000000000002,-13.00000002500001,-13.000000022499995,600.0
ex9_1_1.bch,easy,roundrobin,both,complete,1,6,0.021567000000000006,-13.000000025000002,-13.000000022499995,600.0
ex9_1_1.bch,easy,smearmax,both,complete,1,2,0.010911000000000007,-13.00000002500001,-13.000000022499991,600.0
ex9_1_1.bch,easy,smearmaxrel,both,complete,1,14,0.043348000000000025,-13.000000025000007,-13.000000022499997,600.0
ex9_1_1.bch,easy,smearsum,both,complete,1,14,0.04126300000000001,-13.00000002500001,-13.000000022499997,600.0
ex9_1_1.bch,easy,smearsumrel,both,complete,1,4,0.021289000000000006,-13.00000002500001,-13.000000022499998,600.0
ex9_1_1.bch,easy,largestfirst,xtaylor,complete,1,6,0.018360000000000008,-13.00000002500001,-13.000000022499995,10
ex9_1_1.bch,easy,lsmear,xtaylor,complete,1,6,0.028623000000000013,-13.00000002500001,-13.000000022499998,10
ex9_1_1.bch,easy,lsmear-box,xtaylor,complete,1,6,0.028478000000000003,-13.00000002500001,-13.000000022499998,10
ex9_1_1.bch,easy,roundrobin,xtaylor,complete,1,6,0.019285000000000004,-13.000000025000007,-13.000000022500002,10
ex9_1_1.bch,easy,smearmax,xtaylor,complete,1,2,0.010512000000000007,-13.00000002500001,-13.000000022499991,10
ex9_1_1.bch,easy,smearmaxrel,xtaylor,complete,1,14,0.03930900000000002,-13.000000025000007,-13.000000022499997,10
ex9_1_1.bch,easy,smearsum,xtaylor,complete,1,22,0.05598600000000002,-13.00000002500001,-13.000000022499998,10
ex9_1_1.bch,easy,smearsumrel,xtaylor,complete,1,6,0.025454,-13.00000002500001,-13.000000022499995,10
ex9_1_10.bch,easy,largestfirst,both,complete,1,2,0.0026160000000000003,-3.250000006250003,-3.250000004625,600.0
ex9_1_10.bch,easy,lsmear,both,complete,1,2,0.003761000000000004,-3.250000006250003,-3.2500000046249995,600.0
ex9_1_10.bch,easy,lsmear-box,both,complete,1,2,0.0037279999999999987,-3.250000006250003,-3.2500000046249995,600.0
ex9_1_10.bch,easy,roundrobin,both,complete,1,2,0.002607999999999999,-3.250000006250003,-3.250000004625,600.0
ex9_1_10.bch,easy,smearmax,both,complete,1,2,0.008242000000000003,-3.250000006250003,-3.2500000046249995,600.0
ex9_1_10.bch,easy,smearmaxrel,both,complete,1,2,0.008221000000000003,-3.250000006250003,-3.250000004625,600.0
ex9_1_10.bch,easy,smearsum,both,complete,1,2,0.008216000000000005,-3.250000006250003,-3.2500000046249995,600.0
ex9_1_10.bch,easy,smearsumrel,both,complete,1,2,0.008057000000000005,-3.250000006250003,-3.250000004625,600.0
ex9_1_10.bch,easy,largestfirst,xtaylor,complete,1,2,0.0032270000000000007,-3.2500000062500005,-3.2500000046249995,10
ex9_1_10.bch,easy,lsmear,xtaylor,complete,1,2,0.004258000000000001,-3.2500000062500005,-3.2500000046249995,10
ex9_1_10.bch,easy,lsmear-box,xtaylor,complete,1,2,0.004243,-3.2500000062500005,-3.2500000046249995,10
ex9_1_10.bch,easy,roundrobin,xtaylor,complete,1,2,0.003112,-3.2500000062500005,-3.2500000046249995,10
ex9_1_10.bch,easy,smearmax,xtaylor,complete,1,2,0.008593999999999997,-3.2500000062500005,-3.2500000046249995,10
ex9_1_10.bch,easy,smearmaxrel,xtaylor,complete,1,2,0.007778999999999998,-3.2500000062500005,-3.250000004624999,10
ex9_1_10.bch,easy,smearsum,xtaylor,complete,1,2,0.008631,-3.2500000062500005,-3.2500000046249995,10
ex9_1_10.bch,easy,smearsumrel,xtaylor,complete,1,2,0.008572,-3.2500000062500005,-3.2500000046249995,10
ex9_1_2.bch,easy,largestfirst,both,complete,1,6,0.012149000000000002,-16.000000103333356,-16.000000015,600.0
ex9_1_2.bch,easy,lsmear,both,complete,1,4,0.007361000000000001,-16.000000103333356,-16.000000014999994,600.0
ex9_1_2.bch,easy,lsmear-box,both,complete,1,4,0.0072510000000000005,-16.000000103333356,-16.000000014999994,600.0
ex9_1_2.bch,easy,roundrobin,both,complete,1,4,0.007472000000000001,-16.000000103333356,-16.000000014001,600.0
ex9_1_2.bch,easy,smearmax,both,complete,1,6,0.010795,-16.00000008370372,-16.000000014999998,600.0
ex9_1_2.bch,easy,smearmaxrel,both,complete,1,4,0.010310000000000003,-16.000000103333356,-16.000000014999994,600.0
ex9_1_2.bch,easy,smearsum,both,complete,1,2,0.006660000000000001,-16.016016030032027,-16.000000014001998,600.0
ex9_1_2.bch,easy,smearsumrel,both,complete,1,2,0.007387000000000005,-16.016016030031025,-16.000000014001,600.0
ex9_1_2.bch,easy,largestfirst,xtaylor,complete,1,6,0.010612,-16.000000103333356,-16.000000015,10
ex9_1_2.bch,easy,lsmear,xtaylor,complete,1,4,0.006500000000000004,-16.000000103333356,-16.000000014999994,10
ex9_1_2.bch,easy,lsmear-box,xtaylor,complete,1,4,0.0065550000000000035,-16.000000103333356,-16.000000014999994,10
ex9_1_2.bch,easy,roundrobin,xtaylor,complete,1,4,0.006599000000000001,-16.000000103333356,-16.000000014001,10
ex9_1_2.bch,easy,smearmax,xtaylor,complete,1,6,0.009940000000000003,-16.00000008370372,-16.000000014999998,10
ex9_1_2.bch,easy,smearmaxrel,xtaylor,complete,1,4,0.009567,-16.000000103333356,-16.000000014999994,10
ex9_1_2.bch,easy,smearsum,xtaylor,complete,1,2,0.006472000000000004,-16.016016030032027,-16.000000014001998,10
ex9_1_2.bch,easy,smearsumrel,xtaylor,complete,1,2,0.007065000000000002,-16.016016030031025,-16.000000014001,10
ex9_1_4.bch,easy,largestfirst,both,complete,1,4,0.009343,-37.00000003562505,-37.00000001016156,600.0
ex9_1_4.bch,easy,lsmear,both,complete,1,2,0.0033739999999999985,-37.00000003562505,-37.000000032062474,600.0
ex9_1_4.bch,easy,lsmear-box,both,complete,1,2,0.0034050000000000018,-37.00000003562505,-37.000000032062474,600.0
ex9_1_4.bch,easy,roundrobin,both,complete,1,4,0.009264000000000001,-37.00000003562505,-37.00000001016156,600.0
ex9_1_4.bch,easy,smearmax,both,complete,1,4,0.007979,-37.00000003562505,-37.00000001016156,600.0
ex9_1_4.bch,easy,smearmaxrel,both,complete,1,2,0.007064000000000001,-37.00000003562505,-37.000000032062474,600.0
ex9_1_4.bch,easy,smearsum,both,complete,1,2,0.006943000000000005,-37.00000003562505,-37.000000032062474,600.0
ex9_1_4.bch,easy,smearsumrel,both,complete,1,4,0.013177000000000001,-37.00000003562505,-37.00000001016156,600.0
ex9_1_4.bch,easy,largestfirst,xtaylor,complete,1,4,0.006229000000000002,-37.000000035625064,-37.00000001016156,10
ex9_1_4.bch,easy,lsmear,xtaylor,complete,1,2,0.0021930000000000005,-37.000000035625064,-37.00000001016156,10
ex9_1_4.bch,easy,lsmear-box,xtaylor,complete,1,2,0.002241,-37.000000035625064,-37.00000001016156,10
ex9_1_4.bch,easy,roundrobin,xtaylor,complete,1,4,0.0062900000000000005,-37.000000035625064,-37.00000001016156,10
ex9_1_4.bch,easy,smearmax,xtaylor,complete,1,2,0.005937999999999999,-37.000000035625064,-37.000000032062495,10
ex9_1_4.bch,easy,smearmaxrel,xtaylor,complete,1,2,0.005757999999999999,-37.000000035625064,-37.00000001016156,10
ex9_1_4.bch,easy,smearsum,xtaylor,complete,1,2,0.005801999999999998,-37.000000035625064,-37.000000010197994,10
ex9_1_4.bch,easy,smearsumrel,xtaylor,complete,1,4,0.011551000000000002,-37.000000035625064,-37.00000001016156,10
ex9_1_5.bch,easy,largestfirst,affine,complete,1,20,0.07902700000000001,-1.0000000100000208,-0.9991094363711771,60.0
ex9_1_5.bch,easy,lsmear,affine,complete,1,14,0.03333300000000001,-1.0000000100000208,-1.000000009,60.0
ex9_1_5.bch,easy,lsmear-box,affine,complete,1,14,0.033681,-1.0000000100000208,-1.000000009,60.0
ex9_1_5.bch,easy,roundrobin,affine,complete,1,12,0.05253400000000002,-1.0000000100000208,-0.9997574435824791,60.0
ex9_1_5.bch,easy,smearmax,affine,complete,1,2,0.007837000000000004,-1.0000000100000208,-1.000000009,60.0
ex9_1_5.bch,easy,smearmaxrel,affine,complete,1,2,0.007921000000000001,-1.0000000100000208,-1.000000009,60.0
ex9_1_5.bch,easy,smearsum,affine,complete,1,2,0.009506999999999998,-1.0000000100000208,-0.9999999075677268,60.0
ex9_1_5.bch,easy,smearsumrel,affine,complete,1,2,0.007896,-1.0000000100000208,-1.000000009,60.0
ex9_1_5.bch,easy,largestfirst,both,complete,1,4,0.04728600000000001,-1.000000010000002,-1.000000009,600.0
ex9_1_5.bch,easy,lsmear,both,complete,1,34,0.07272500000000001,-1.000000010000002,-1.000000009,600.0
ex9_1_5.bch,easy,lsmear-box,both,complete,1,34,0.07171700000000003,-1.000000010000002,-1.000000009,600.0
ex9_1_5.bch,easy,roundrobin,both,complete,1,8,0.05051500000000001,-1.000000010000002,-1.0000000089999999,600.0
ex9_1_5.bch,easy,smearmax,both,complete,1,6,0.020045,-1.000000010000002,-1.000000009,600.0
ex9_1_5.bch,easy,smearmaxrel,both,complete,1,36,0.15287300000000006,-1.000000010000002,-0.99998454764643,600.0
ex9_1_5.bch,easy,smearsum,both,complete,1,2,0.011275000000000004,-1.000000010000002,-0.9999999996571777,600.0
ex9_1_5.bch,easy,smearsumrel,both,complete,1,4,0.018885000000000006,-1.000000010000002,-1.000000009,600.0
ex9_1_5.bch,easy,largestfirst,xtaylor,complete,1,4,0.04018700000000001,-1.000000010000002,-1.000000009,10
ex9_1_5.bch,easy,lsmear,xtaylor,complete,1,34,0.06557800000000003,-1.000000010000002,-1.000000009,10
ex9_1_5.bch,easy,lsmear-box,xtaylor,complete,1,34,0.06565200000000003,-1.000000010000002,-1.000000009,10
ex9_1_5.bch,easy,roundrobin,xtaylor,complete,1,8,0.042919000000000006,-1.000000010000002,-1.0000000089999999,10
ex9_1_5.bch,easy,smearmax,xtaylor,complete,1,6,0.017943,-1.000000010000002,-1.000000009,10
ex9_1_5.bch,easy,smearmaxrel,xtaylor,complete,1,36,0.14021800000000004,-1.000000010000002,-0.99998454764643,10
ex9_1_5.bch,easy,smearsum,xtaylor,complete,1,2,0.010502000000000001,-1.000000010000002,-0.9999999996571777,10
ex9_1_5.bch,easy,smearsumrel,xtaylor,complete,1,4,0.017204000000000004,-1.000000010000002,-1.000000009,10
ex9_1_8.bch,easy,largestfirst,both,complete,1,2,0.0026820000000000004,-3.250000006250003,-3.250000004625,600.0
ex9_1_8.bch,easy,lsmear,both,complete,1,2,0.0037490000000000023,-3.250000006250003,-3.2500000046249995,600.0
ex9_1_8.bch,easy,lsmear-box,both,complete,1,2,0.0037329999999999967,-3.250000006250003,-3.2500000046249995,600.0
ex9_1_8.bch,easy,roundrobin,both,complete,1,2,0.0026279999999999984,-3.250000006250003,-3.250000004625,600.0
ex9_1_8.bch,easy,smearmax,both,complete,1,2,0.008202000000000004,-3.250000006250003,-3.2500000046249995,600.0
ex9_1_8.bch,easy,smearmaxrel,both,complete,1,2,0.008204000000000003,-3.250000006250003,-3.250000004625,600.0
ex9_1_8.bch,easy,smearsum,both,complete,1,2,0.008196999999999996,-3.250000006250003,-3.2500000046249995,600.0
ex9_1_8.bch,easy,smearsumrel,both,complete,1,2,0.008174999999999998,-3.250000006250003,-3.250000004625,600.0
ex9_1_8.bch,easy,largestfirst,xtaylor,complete,1,2,0.0031470000000000005,-3.2500000062500005,-3.2500000046249995,10
ex9_1_8.bch,easy,lsmear,xtaylor,complete,1,2,0.004345000000000002,-3.2500000062500005,-3.2500000046249995,10
ex9_1_8.bch,easy,lsmear-box,xtaylor,complete,1,2,0.004243,-3.2500000062500005,-3.2500000046249995,10
ex9_1_8.bch,easy,roundrobin,xtaylor,complete,1,2,0.0031470000000000005,-3.2500000062500005,-3.2500000046249995,10
ex9_1_8.bch,easy,smearmax,xtaylor,complete,1,2,0.008616000000000002,-3.2500000062500005,-3.2500000046249995,10
ex9_1_8.bch,easy,smearmaxrel,xtaylor,complete,1,2,0.007708000000000003,-3.2500000062500005,-3.250000004624999,10
ex9_1_8.bch,easy,smearsum,xtaylor,complete,1,2,0.00862,-3.2500000062500005,-3.2500000046249995,10
ex9_1_8.bch,easy,smearsumrel,xtaylor,complete,1,2,0.008622999999999995,-3.2500000062500005,-3.2500000046249995,10
ex9_2_1.bch,easy,largestfirst,both,complete,1,2,0.00012599999999999764,16.983016957842175,16.999999974800012,600.0
ex9_2_1.bch,easy,lsmear,both,complete,1,2,0.0005460000000000013,16.983016957842175,16.999999974800012,600.0
ex9_2_1.bch,easy,lsmear-box,both,complete,1,2,0.0005199999999999996,16.983016957842175,16.999999974800012,600.0
ex9_2_1.bch,easy,roundrobin,both,complete,1,2,0.0001349999999999997,16.983016957842175,16.999999974800012,600.0
ex9_2_1.bch,easy,smearmax,both,complete,1,2,0.004228000000000003,16.983016957842175,16.999999974800012,600.0
ex9_2_1.bch,easy,smearmaxrel,both,complete,1,2,0.004235000000000003,16.983016957842175,16.999999974800012,600.0
ex9_2_1.bch,easy,smearsum,both,complete,1,2,0.004229,16.983016957842175,16.999999974800012,600.0
ex9_2_1.bch,easy,smearsumrel,both,complete,1,2,0.0042120000000000005,16.983016957842175,16.999999974800012,600.0
ex9_2_1.bch,easy,largestfirst,xtaylor,complete,1,2,0.00012999999999999817,16.983016957842175,16.999999974800012,10
ex9_2_1.bch,easy,lsmear,xtaylor,complete,1,2,0.0005210000000000006,16.983016957842175,16.999999974800012,10
ex9_2_1.bch,easy,lsmear-box,xtaylor,complete,1,2,0.000512000000000002,16.983016957842175,16.999999974800012,10
ex9_2_1.bch,easy,roundrobin,xtaylor,complete,1,2,0.00012699999999999864,16.983016957842175,16.999999974800012,10
ex9_2_1.bch,easy,smearmax,xtaylor,complete,1,2,0.004248000000000002,16.983016957842175,16.999999974800012,10
ex9_2_1.bch,easy,smearmaxrel,xtaylor,complete,1,2,0.0042179999999999995,16.983016957842175,16.999999974800012,10
ex9_2_1.bch,easy,smearsum,xtaylor,complete,1,2,0.004230999999999999,16.983016957842175,16.999999974800012,10
ex9_2_1.bch,easy,smearsumrel,xtaylor,complete,1,2,0.0041579999999999985,16.983016957842175,16.999999974800012,10
ex9_2_2.bch,easy,largestfirst,both,complete,1,2,4.2999999999999636e-05,99.90009981864428,99.9999999184629,600.0
ex9_2_2.bch,easy,lsmear,both,complete,1,2,0.0004939999999999996,99.90009981864428,99.9999999184629,600.0
ex9_2_2.bch,easy,lsmear-box,both,complete,1,2,0.0004349999999999996,99.90009981864428,99.9999999184629,600.0
ex9_2_2.bch,easy,roundrobin,both,complete,1,2,4.2999999999999636e-05,99.90009981864428,99.9999999184629,600.0
ex9_2_2.bch,easy,smearmax,both,complete,1,2,0.0032040000000000037,99.90009981864428,99.9999999184629,600.0
ex9_2_2.bch,easy,smearmaxrel,both,complete,1,2,0.0031540000000000023,99.90009981864428,99.9999999184629,600.0
ex9_2_2.bch,easy,smearsum,both,complete,1,2,0.0032049999999999995,99.90009981864428,99.9999999184629,600.0
ex9_2_2.bch,easy,smearsumrel,both,complete,1,2,0.0031739999999999997,99.90009981864428,99.9999999184629,600.0
ex9_2_2.bch,easy,largestfirst,xtaylor,complete,1,2,4.200000000000037e-05,99.90009981864428,99.9999999184629,10
ex9_2_2.bch,easy,lsmear,xtaylor,complete,1,2,0.0004060000000000001,99.90009981864428,99.9999999184629,10
ex9_2_2.bch,easy,lsmear-box,xtaylor,complete,1,2,0.0003949999999999995,99.90009981864428,99.9999999184629,10
ex9_2_2.bch,easy,roundrobin,xtaylor,complete,1,2,4.200000000000037e-05,99.90009981864428,99.9999999184629,10
ex9_2_2.bch,easy,smearmax,xtaylor,complete,1,2,0.003105,99.90009981864428,99.9999999184629,10
ex9_2_2.bch,easy,smearmaxrel,xtaylor,complete,1,2,0.003131,99.90009981864428,99.9999999184629,10
ex9_2_2.bch,easy,smearsum,xtaylor,complete,1,2,0.0031280000000000023,99.90009981864428,99.9999999184629,10
ex9_2_2.bch,easy,smearsumrel,xtaylor,complete,1,2,0.0030679999999999995,99.90009981864428,99.9999999184629,10
ex9_2_3.bch,easy,largestfirst,both,complete,1,8,0.022364000000000016,-1.1510838387730471e-07,-1.5108383877304732e-08,600.0
ex9_2_3.bch,easy,lsmear,both,complete,1,4,0.006866000000000004,-1.4200000347509555e-07,-4.200000347509558e-08,600.0
ex9_2_3.bch,easy,lsmear-box,both,complete,1,4,0.006813,-1.4200000347509555e-07,-4.200000347509558e-08,600.0
ex9_2_3.bch,easy,roundrobin,both,complete,1,6,0.019370000000000005,-1.4203896963872463e-07,-4.2038969638724666e-08,600.0
ex9_2_3.bch,easy,smearmax,both,complete,1,2,0.020211,-1.5648385581480394e-07,-5.6483855814803974e-08,600.0
ex9_2_3.bch,easy,smearmaxrel,both,complete,1,4,0.019998000000000016,-1.4200000347509555e-07,-4.200000347509558e-08,600.0
ex9_2_3.bch,easy,smearsum,both,complete,1,6,0.03756000000000001,-1.5648385581480394e-07,-5.6483855814803974e-08,600.0
ex9_2_3.bch,easy,smearsumrel,both,complete,1,6,0.031068000000000005,-1.4203896963872463e-07,-4.2038969638724666e-08,600.0
ex9_2_3.bch,easy,largestfirst,xtaylor,complete,1,8,0.018513,-1.1547200412232995e-07,-1.5472004122329963e-08,10
ex9_2_3.bch,easy,lsmear,xtaylor,complete,1,6,0.027162,-1.5648384870937659e-07,-5.6483848709376616e-08,10
ex9_2_3.bch,easy,lsmear-box,xtaylor,complete,1,6,0.026847000000000003,-1.5648384870937659e-07,-5.6483848709376616e-08,10
ex9_2_3.bch,easy,roundrobin,xtaylor,complete,1,6,0.017671,-1.4203887726816899e-07,-4.203887726816902e-08,10
ex9_2_3.bch,easy,smearmax,xtaylor,complete,1,2,0.019373,-1.5648385581480394e-07,-5.6483855814803974e-08,10
ex9_2_3.bch,easy,smearmaxrel,xtaylor,complete,1,4,0.019850000000000007,-1.4200000347509555e-07,-4.200000347509558e-08,10
ex9_2_3.bch,easy,smearsum,xtaylor,complete,1,6,0.03388100000000001,-1.5648385581480394e-07,-5.6483855814803974e-08,10
ex9_2_3.bch,easy,smearsumrel,xtaylor,complete,1,6,0.029640000000000007,-1.4203887726816899e-07,-4.203887726816902e-08,10
ex9_2_4.bch,easy,largestfirst,both,complete,1,16,0.019021000000000007,0.49999996999999785,0.5000544121743382,600.0
ex9_2_4.bch,easy,lsmear,both,complete,1,4,0.005994000000000003,0.4995006672543523,0.5000001679216066,600.0
ex9_2_4.bch,easy,lsmear-box,both,complete,1,4,0.006024000000000002,0.4995006672543523,0.5000001679216066,600.0
ex9_2_4.bch,easy,roundrobin,both,complete,1,4,0.0054280000000000005,0.49995392351883994,0.4999999730023411,600.0
ex9_2_4.bch,easy,smearmax,both,complete,1,4,0.007771000000000004,0.4995006672543522,0.5000001679216065,600.0
ex9_2_4.bch,easy,smearmaxrel,both,complete,1,8,0.015837,0.49999899788252805,0.4999999742262939,600.0
ex9_2_4.bch,easy,smearsum,both,complete,1,4,0.007744000000000001,0.4995006672543523,0.5000001679216066,600.0
ex9_2_4.bch,easy,smearsumrel,both,complete,1,4,0.007802000000000002,0.4995006672543523,0.5000001679216066,600.0
ex9_2_4.bch,easy,largestfirst,xtaylor,complete,1,26,0.03413500000000001,0.4999999700000001,0.5002872872040384,10
ex9_2_4.bch,easy,lsmear,xtaylor,complete,1,4,0.005407000000000002,0.4995006672543523,0.5000001679216066,10
ex9_2_4.bch,easy,lsmear-box,xtaylor,complete,1,4,0.0054470000000000005,0.4995006672543523,0.5000001679216066,10
ex9_2_4.bch,easy,roundrobin,xtaylor,complete,1,4,0.0064870000000000014,0.4995004725298466,0.49999997300237636,10
ex9_2_4.bch,easy,smearmax,xtaylor,complete,1,4,0.007231000000000003,0.4995006672543522,0.5000001679216065,10
ex9_2_4.bch,easy,smearmaxrel,xtaylor,complete,1,8,0.012833000000000006,0.4995004759766377,0.4999999764526143,10
ex9_2_4.bch,easy,smearsum,xtaylor,complete,1,4,0.007196000000000003,0.4995006672543523,0.5000001679216066,10
ex9_2_4.bch,easy,smearsumrel,xtaylor,complete,1,4,0.007145,0.4995006672543523,0.5000001679216066,10
ex9_2_5.bch,easy,largestfirst,both,complete,1,8,0.008990000000000005,4.995067731973762,5.000062799705735,600.0
ex9_2_5.bch,easy,lsmear,both,complete,1,6,0.013417000000000004,4.99500497477298,4.999999979747752,600.0
ex9_2_5.bch,easy,lsmear-box,both,complete,1,6,0.013363000000000002,4.99500497477298,4.999999979747752,600.0
ex9_2_5.bch,easy,roundrobin,both,complete,1,8,0.009909000000000003,4.995067731977763,5.00006279970974,600.0
ex9_2_5.bch,easy,smearmax,both,complete,1,10,0.014089000000000004,4.995249728473788,5.000244978202261,600.0
ex9_2_5.bch,easy,smearmaxrel,both,complete,1,10,0.030036000000000007,4.995379075091265,5.000374454166356,600.0
ex9_2_5.bch,easy,smearsum,both,complete,1,10,0.014857,4.995005146601189,5.0000001517477894,600.0
ex9_2_5.bch,easy,smearsumrel,both,complete,1,6,0.015374000000000002,4.99500497477298,4.999999979747752,600.0
ex9_2_5.bch,easy,largestfirst,xtaylor,complete,1,8,0.008402000000000003,4.995067731973762,5.000062799705735,10
ex9_2_5.bch,easy,lsmear,xtaylor,complete,1,6,0.011087000000000001,4.995004974773731,4.9999999797485035,10
ex9_2_5.bch,easy,lsmear-box,xtaylor,complete,1,6,0.011051000000000004,4.995004974773731,4.9999999797485035,10
ex9_2_5.bch,easy,roundrobin,xtaylor,complete,1,8,0.009240000000000003,4.995067731977763,5.00006279970974,10
ex9_2_5.bch,easy,smearmax,xtaylor,complete,1,10,0.011669000000000002,4.995249728473788,5.000244978202261,10
ex9_2_5.bch,easy,smearmaxrel,xtaylor,complete,1,14,0.02733200000000001,4.995007187265769,5.000002194453034,10
ex9_2_5.bch,easy,smearsum,xtaylor,complete,1,10,0.013451000000000001,4.995005146601189,5.0000001517477894,10
ex9_2_5.bch,easy,smearsumrel,xtaylor,complete,1,6,0.013023,4.995004974773731,4.9999999797485035,10
ex9_2_6.bch,easy,largestfirst,affine,complete,1,8,0.025686,-1.0010010187725669,-1.0000000177537944,60.0
ex9_2_6.bch,easy,lsmear,affine,complete,1,8,0.02459,-1.0010010187725669,-1.0000000177537944,60.0
ex9_2_6.bch,easy,lsmear-box,affine,complete,1,8,0.024466,-1.0010010187725669,-1.0000000177537944,60.0
ex9_2_6.bch,easy,roundrobin,affine,complete,1,8,0.023150000000000007,-1.001001018520909,-1.0000000175023884,60.0
ex9_2_6.bch,easy,smearmax,affine,complete,1,8,0.05011000000000002,-1.001001011803957,-1.0000000107921532,60.0
ex9_2_6.bch,easy,smearmaxrel,affine,complete,1,4,0.024531000000000004,-1.001001019019018,-1.0000000179999993,60.0
ex9_2_6.bch,easy,smearsum,affine,complete,1,8,0.050545000000000014,-1.001001011803957,-1.0000000107921532,60.0
ex9_2_6.bch,easy,smearsumrel,affine,complete,1,4,0.016711000000000004,-1.001001019019018,-1.0000000179999993,60.0
ex9_2_6.bch,easy,largestfirst,both,complete,1,6,0.021027,-1.0010010190190173,-1.0000000179999986,600.0
ex9_2_6.bch,easy,lsmear,both,complete,1,12,0.03487500000000001,-1.001001018576294,-1.000000017557718,600.0
ex9_2_6.bch,easy,lsmear-box,both,complete,1,12,0.034191000000000006,-1.001001018576294,-1.000000017557718,600.0
ex9_2_6.bch,easy,roundrobin,both,complete,1,8,0.02997000000000001,-1.0010010173957438,-1.0000000163783482,600.0
ex9_2_6.bch,easy,smearmax,both,complete,1,10,0.061898000000000016,-1.001001019019018,-1.0000000179999993,600.0
ex9_2_6.bch,easy,smearmaxrel,both,complete,1,10,0.05744800000000001,-1.001001016839736,-1.0000000158228965,600.0
ex9_2_6.bch,easy,smearsum,both,complete,1,10,0.062452000000000014,-1.001001019019018,-1.0000000179999993,600.0
ex9_2_6.bch,easy,smearsumrel,both,complete,1,8,0.02672500000000001,-1.0010010153265632,-1.0000000143112369,600.0
ex9_2_6.bch,easy,largestfirst,xtaylor,complete,1,8,0.023993000000000014,-1.0010010187200105,-1.0000000177012907,10
ex9_2_6.bch,easy,lsmear,xtaylor,complete,1,18,0.04635200000000002,-1.0010010189694303,-1.0000000179504611,10
ex9_2_6.bch,easy,lsmear-box,xtaylor,complete,1,18,0.04643000000000001,-1.0010010189694303,-1.0000000179504611,10
ex9_2_6.bch,easy,roundrobin,xtaylor,complete,1,8,0.027776000000000006,-1.0010010172699104,-1.0000000162526408,10
ex9_2_6.bch,easy,smearmax,xtaylor,complete,1,8,0.07171000000000001,-1.001001019019018,-1.0000000179999993,10
ex9_2_6.bch,easy,smearmaxrel,xtaylor,complete,1,12,0.08178800000000001,-1.0010010190190182,-1.0000000179999995,10
ex9_2_6.bch,easy,smearsum,xtaylor,complete,1,8,0.07188500000000003,-1.001001019019018,-1.0000000179999993,10
ex9_2_6.bch,easy,smearsumrel,xtaylor,complete,1,6,0.031883,-1.001001019019018,-1.0000000179999993,10
ex9_2_7.bch,easy,largestfirst,both,complete,1,2,0.00012699999999999864,16.983016957842175,16.999999974800012,600.0
ex9_2_7.bch,easy,lsmear,both,complete,1,2,0.0005059999999999995,16.983016957842175,16.999999974800012,600.0
ex9_2_7.bch,easy,lsmear-box,both,complete,1,2,0.000507999999999998,16.983016957842175,16.999999974800012,600.0
ex9_2_7.bch,easy,roundrobin,both,complete,1,2,0.0001260000000000011,16.983016957842175,16.999999974800012,600.0
ex9_2_7.bch,easy,smearmax,both,complete,1,2,0.004195000000000001,16.983016957842175,16.999999974800012,600.0
ex9_2_7.bch,easy,smearmaxrel,both,complete,1,2,0.004179000000000002,16.983016957842175,16.999999974800012,600.0
ex9_2_7.bch,easy,smearsum,both,complete,1,2,0.004237000000000001,16.983016957842175,16.999999974800012,600.0
ex9_2_7.bch,easy,smearsumrel,both,complete,1,2,0.004194,16.983016957842175,16.999999974800012,600.0
ex9_2_7.bch,easy,largestfirst,xtaylor,complete,1,2,0.00013799999999999923,16.983016957842175,16.999999974800012,10
ex9_2_7.bch,easy,lsmear,xtaylor,complete,1,2,0.000504000000000001,16.983016957842175,16.999999974800012,10
ex9_2_7.bch,easy,lsmear-box,xtaylor,complete,1,2,0.0005059999999999995,16.983016957842175,16.999999974800012,10
ex9_2_7.bch,easy,roundrobin,xtaylor,complete,1,2,0.0001260000000000011,16.983016957842175,16.999999974800012,10
ex9_2_7.bch,easy,smearmax,xtaylor,complete,1,2,0.004243999999999998,16.983016957842175,16.999999974800012,10
ex9_2_7.bch,easy,smearmaxrel,xtaylor,complete,1,2,0.004181000000000001,16.983016957842175,16.999999974800012,10
ex9_2_7.bch,easy,smearsum,xtaylor,complete,1,2,0.004302,16.983016957842175,16.999999974800012,10
ex9_2_7.bch,easy,smearsumrel,xtaylor,complete,1,2,0.0041530000000000004,16.983016957842175,16.999999974800012,10
ex9_2_8.bch,easy,largestfirst,both,complete,1,4,0.0038540000000000007,1.4999999799999988,1.4999999917154392,600.0
ex9_2_8.bch,easy,lsmear,both,complete,1,4,0.005832000000000002,1.4999999893888347,1.499999991909037,600.0
ex9_2_8.bch,easy,lsmear-box,both,complete,1,4,0.005862000000000001,1.4999999893888347,1.499999991909037,600.0
ex9_2_8.bch,easy,roundrobin,both,complete,1,4,0.004024000000000001,1.4999999799999988,1.4999999917154392,600.0
ex9_2_8.bch,easy,smearmax,both,complete,1,4,0.005389000000000001,1.4999999799999988,1.4999999917154392,600.0
ex9_2_8.bch,easy,smearmaxrel,both,complete,1,4,0.005409,1.499999988333328,1.499999991497509,600.0
ex9_2_8.bch,easy,smearsum,both,complete,1,4,0.005332000000000002,1.4999999799999988,1.4999999917154392,600.0
ex9_2_8.bch,easy,smearsumrel,both,complete,1,2,0.0027150000000000004,1.4985014895104898,1.4999999910000001,600.0
ex9_2_8.bch,easy,largestfirst,xtaylor,complete,1,4,0.0035720000000000005,1.4999999799999988,1.4999999917154392,10
ex9_2_8.bch,easy,lsmear,xtaylor,complete,1,4,0.0039000000000000016,1.4999999893888205,1.4999999912259345,10
ex9_2_8.bch,easy,lsmear-box,xtaylor,complete,1,4,0.003849,1.4999999893888205,1.4999999912259345,10
ex9_2_8.bch,easy,roundrobin,xtaylor,complete,1,4,0.003667000000000002,1.4999999799999988,1.4999999917154392,10
ex9_2_8.bch,easy,smearmax,xtaylor,complete,1,4,0.004988000000000002,1.4999999799999988,1.4999999917154392,10
ex9_2_8.bch,easy,smearmaxrel,xtaylor,complete,1,4,0.005052000000000002,1.4999999883333317,1.499999991497509,10
ex9_2_8.bch,easy,smearsum,xtaylor,complete,1,4,0.005199000000000001,1.4999999799999988,1.4999999917154392,10
ex9_2_8.bch,easy,smearsumrel,xtaylor,complete,1,2,0.0025540000000000033,1.4985014895104898,1.4999999910000001,10
exbaron.bch,easy,largestfirst,both,complete,1,0,2.0000000000002655e-06,2.997017043130116,3.0000140601732457,600.0
exbaron.bch,easy,lsmear,both,complete,1,0,1.9999999999998318e-06,2.997017043130116,3.0000140601732457,600.0
exbaron.bch,easy,lsmear-box,both,complete,1,0,1.0000000000001327e-06,2.997017043130116,3.0000140601732457,600.0
exbaron.bch,easy,roundrobin,both,complete,1,0,1.9999999999998318e-06,2.997017043130116,3.0000140601732457,600.0
exbaron.bch,easy,smearmax,both,complete,1,0,2.0000000000002655e-06,2.997017043130116,3.0000140601732457,600.0
exbaron.bch,easy,smearmaxrel,both,complete,1,0,1.9999999999998318e-06,2.997017043130116,3.0000140601732457,600.0
exbaron.bch,easy,smearsum,both,complete,1,0,1.0000000000001327e-06,2.997017043130116,3.0000140601732457,600.0
exbaron.bch,easy,smearsumrel,both,complete,1,0,1.0000000000001327e-06,2.997017043130116,3.0000140601732457,600.0
exbaron.bch,easy,largestfirst,xtaylor,complete,1,2,0.0004420000000000001,2.999475800018506,3.0000011597967258,10
exbaron.bch,easy,lsmear,xtaylor,complete,1,2,0.0007130000000000001,2.999475800018506,3.0000011597967258,10
exbaron.bch,easy,lsmear-box,xtaylor,complete,1,2,0.000797,2.999475800018506,3.0000011597967258,10
exbaron.bch,easy,roundrobin,xtaylor,complete,1,2,0.00044399999999999995,2.999475800018506,3.0000011597967258,10
exbaron.bch,easy,smearmax,xtaylor,complete,1,2,0.0005839999999999999,2.999475800018506,3.0000011597967258,10
exbaron.bch,easy,smearmaxrel,xtaylor,complete,1,2,0.0005909999999999999,2.999475800018506,3.0000011597967258,10
exbaron.bch,easy,smearsum,xtaylor,complete,1,2,0.0005769999999999998,2.999475800018506,3.0000011597967258,10
exbaron.bch,easy,smearsumrel,xtaylor,complete,1,2,0.0005890000000000001,2.999475800018506,3.0000011597967258,10
exinfinity2.bch,easy,largestfirst,affine,complete,1,34,0.006520000000000002,0,1.4221159281723793e-08,60.0
exinfinity2.bch,easy,lsmear,affine,complete,1,10,0.0030100000000000014,0,0,60.0
exinfinity2.bch,easy,lsmear-box,affine,complete,1,10,0.0026460000000000008,0,0,60.0
exinfinity2.bch,easy,roundrobin,affine,complete,1,8,0.002369000000000001,0,0,60.0
exinfinity2.bch,easy,smearmax,affine,complete,1,10,0.0024200000000000007,0,0,60.0
exinfinity2.bch,easy,smearmaxrel,affine,complete,1,10,0.0024190000000000006,0,0,60.0
exinfinity2.bch,easy,smearsum,affine,complete,1,10,0.0027890000000000002,0,0,60.0
exinfinity2.bch,easy,smearsumrel,affine,complete,1,10,0.00264,0,0,60.0
exinfinity2.bch,easy,largestfirst,both,complete,1,72,0.02225700000000001,0,8.17732934756993e-10,600.0
exinfinity2.bch,easy,lsmear,both,complete,1,16,0.005127000000000001,0,0,600.0
exinfinity2.bch,easy,lsmear-box,both,complete,1,16,0.005073000000000001,0,0,600.0
exinfinity2.bch,easy,roundrobin,both,complete,1,14,0.0038690000000000005,0,0,600.0
exinfinity2.bch,easy,smearmax,both,complete,1,16,0.004719000000000002,0,0,600.0
exinfinity2.bch,easy,smearmaxrel,both,complete,1,16,0.004758000000000002,0,0,600.0
exinfinity2.bch,easy,smearsum,both,complete,1,16,0.004815000000000002,0,0,600.0
exinfinity2.bch,easy,smearsumrel,both,complete,1,16,0.004748000000000001,0,0,600.0
exinfinity2.bch,easy,largestfirst,xtaylor,complete,1,72,0.019705000000000004,0,8.17732934756993e-10,10
exinfinity2.bch,easy,lsmear,xtaylor,complete,1,16,0.004955000000000001,0,0,10
exinfinity2.bch,easy,lsmear-box,xtaylor,complete,1,16,0.004924,0,0,10
exinfinity2.bch,easy,roundrobin,xtaylor,complete,1,14,0.003491,0,0,10
exinfinity2.bch,easy,smearmax,xtaylor,complete,1,16,0.004622,0,0,10
exinfinity2.bch,easy,smearmaxrel,xtaylor,complete,1,16,0.004598000000000001,0,0,10
exinfinity2.bch,easy,smearsum,xtaylor,complete,1,16,0.00459,0,0,10
exinfinity2.bch,easy,smearsumrel,xtaylor,complete,1,16,0.004611000000000001,0,0,10
exinfinity3.bch,easy,largestfirst,both,complete,1,40,0.012797000000000003,0,1.9418008573588237e-08,600.0
exinfinity3.bch,easy,lsmear,both,complete,1,4,0.003079000000000001,0,0,600.0
exinfinity3.bch,easy,lsmear-box,both,complete,1,4,0.0030900000000000007,0,0,600.0
exinfinity3.bch,easy,roundrobin,both,complete,1,4,0.002838000000000001,0,0,600.0
exinfinity3.bch,easy,smearmax,both,complete,1,4,0.0029180000000000005,0,0,600.0
exinfinity3.bch,easy,smearmaxrel,both,complete,1,4,0.0029520000000000006,0,0,600.0
exinfinity3.bch,easy,smearsum,both,complete,1,4,0.0029040000000000003,0,0,600.0
exinfinity3.bch,easy,smearsumrel,both,complete,1,4,0.0029070000000000007,0,0,600.0
exinfinity3.bch,easy,largestfirst,xtaylor,complete,1,40,0.010100000000000001,0,1.9418008573588237e-08,10
exinfinity3.bch,easy,lsmear,xtaylor,complete,1,4,0.001986000000000001,0,0,10
exinfinity3.bch,easy,lsmear-box,xtaylor,complete,1,4,0.0020960000000000006,0,0,10
exinfinity3.bch,easy,roundrobin,xtaylor,complete,1,4,0.001588,0,0,10
exinfinity3.bch,easy,smearmax,xtaylor,complete,1,4,0.001757,0,0,10
exinfinity3.bch,easy,smearmaxrel,xtaylor,complete,1,4,0.0017570000000000003,0,0,10
exinfinity3.bch,easy,smearsum,xtaylor,complete,1,4,0.0017680000000000003,0,0,10
exinfinity3.bch,easy,smearsumrel,xtaylor,complete,1,4,0.0019400000000000005,0,0,10
exp40.bch,easy,largestfirst,both,complete,1,0,2.0000000000000486e-06,-9.999999999999997e-08,5e-324,600.0
exp40.bch,easy,lsmear,both,complete,1,0,1.0000000000001327e-06,-9.999999999999997e-08,5e-324,600.0
exp40.bch,easy,lsmear-box,both,complete,1,0,1.9999999999998318e-06,-9.999999999999997e-08,5e-324,600.0
exp40.bch,easy,roundrobin,both,complete,1,0,9.999999999999159e-07,-9.999999999999997e-08,5e-324,600.0
exp40.bch,easy,smearmax,both,complete,1,0,1.9999999999998318e-06,-9.999999999999997e-08,5e-324,600.0
exp40.bch,easy,smearmaxrel,both,complete,1,0,9.999999999999159e-07,-9.999999999999997e-08,5e-324,600.0
exp40.bch,easy,smearsum,both,complete,1,0,1.9999999999998318e-06,-9.999999999999997e-08,5e-324,600.0
exp40.bch,easy,smearsumrel,both,complete,1,0,1.9999999999998318e-06,-9.999999999999997e-08,5e-324,600.0
exp40.bch,easy,largestfirst,xtaylor,complete,1,0,2.0000000000000486e-06,-9.999999999999997e-08,5e-324,10
exp40.bch,easy,lsmear,xtaylor,complete,1,0,1.0000000000001327e-06,-9.999999999999997e-08,5e-324,10
exp40.bch,easy,lsmear-box,xtaylor,complete,1,0,9.999999999999159e-07,-9.999999999999997e-08,5e-324,10
exp40.bch,easy,roundrobin,xtaylor,complete,1,0,2.0000000000002655e-06,-9.999999999999997e-08,5e-324,10
exp40.bch,easy,smearmax,xtaylor,complete,1,0,9.999999999999159e-07,-9.999999999999997e-08,5e-324,10
exp40.bch,easy,smearmaxrel,xtaylor,complete,1,0,2.9999999999999645e-06,-9.999999999999997e-08,5e-324,10
exp40.bch,easy,smearsum,xtaylor,complete,1,0,1.9999999999998318e-06,-9.999999999999997e-08,5e-324,10
exp40.bch,easy,smearsumrel,xtaylor,complete,1,0,2.0000000000002655e-06,-9.999999999999997e-08,5e-324,10
f1.bch,easy,largestfirst,both,complete,1,34,0.012048000000000003,0,8.117441746787775e-08,600.0
f1.bch,easy,lsmear,both,complete,1,6,0.0023570000000000015,0,0,600.0
f1.bch,easy,lsmear-box,both,complete,1,6,0.002382,0,0,600.0
f1.bch,easy,roundrobin,both,complete,1,6,0.0018709999999999998,0,0,600.0
f1.bch,easy,smearmax,both,complete,1,6,0.002081,0,0,600.0
f1.bch,easy,smearmaxrel,both,complete,1,6,0.0020960000000000006,0,0,600.0
f1.bch,easy,smearsum,both,complete,1,6,0.0021250000000000006,0,0,600.0
f1.bch,easy,smearsumrel,both,complete,1,6,0.0021110000000000005,0,0,600.0
f1.bch,easy,largestfirst,xtaylor,complete,1,34,0.010810000000000004,0,8.117441746787775e-08,10
f1.bch,easy,lsmear,xtaylor,complete,1,6,0.0022400000000000007,0,0,10
f1.bch,easy,lsmear-box,xtaylor,complete,1,6,0.0021850000000000007,0,0,10
f1.bch,easy,roundrobin,xtaylor,complete,1,6,0.0017300000000000002,0,0,10
f1.bch,easy,smearmax,xtaylor,complete,1,6,0.0019350000000000003,0,0,10
f1.bch,easy,smearmaxrel,xtaylor,complete,1,6,0.0019520000000000008,0,0,10
f1.bch,easy,smearsum,xtaylor,complete,1,6,0.002199000000000001,0,0,10
f1.bch,easy,smearsumrel,xtaylor,complete,1,6,0.0021260000000000007,0,0,10
fccu.bch,coconutbenchmark-library2,largestfirst,both,timeout,0,6233062,600.0000550000002,1.345228724455287e-24,inf,600.0
fccu.bch,coconutbenchmark-library2,lsmear,both,timeout,0,6129806,600.0000170000003,1.308625578453032e-24,inf,600.0
fccu.bch,coconutbenchmark-library2,lsmear-box,both,timeout,0,6072550,600.0000720000004,1.2905133320691576e-24,inf,600.0
fccu.bch,coconutbenchmark-library2,roundrobin,both,timeout,0,109962,600.0031290000003,7.346092487419603,11.443862760391529,600.0
fccu.bch,coconutbenchmark-library2,smearmax,both,timeout,0,6098890,600.0010120000002,1.2905133320691576e-24,inf,600.0
fccu.bch,coconutbenchmark-library2,smearmaxrel,both,timeout,0,6222548,600.0012530000002,1.345228724455287e-24,inf,600.0
fccu.bch,coconutbenchmark-library2,smearsum,both,timeout,0,6221030,600.0000930000002,1.345228724455287e-24,inf,600.0
fccu.bch,coconutbenchmark-library2,smearsumrel,both,timeout,0,6246544,600.0001130000003,1.3637196240736675e-24,inf,600.0
fccu.bch,coconutbenchmark-library2,largestfirst,xtaylor,timeout,0,5758494,600.0005310000001,1.0996089930056728e-24,inf,600.0
fccu.bch,coconutbenchmark-library2,lsmear,xtaylor,timeout,0,6472988,600.0000790000001,1.4580673883381005e-24,inf,600.0
fccu.bch,coconutbenchmark-library2,lsmear-box,xtaylor,timeout,0,6480924,600.0000810000001,1.4773155944254932e-24,inf,600.0
fccu.bch,coconutbenchmark-library2,roundrobin,xtaylor,timeout,0,121774,600.0085530000002,7.144137723267395,11.354207872916685,600.0
fccu.bch,coconutbenchmark-library2,smearmax,xtaylor,timeout,0,6484718,600.0000310000001,1.4580673883381005e-24,inf,600.0
fccu.bch,coconutbenchmark-library2,smearmaxrel,xtaylor,timeout,0,6523836,600.0000850000002,1.4773155944254932e-24,inf,600.0
fccu.bch,coconutbenchmark-library2,smearsum,xtaylor,timeout,0,6497672,600.0000500000002,1.4773155944254932e-24,inf,600.0
fccu.bch,coconutbenchmark-library2,smearsumrel,xtaylor,timeout,0,6524704,600.0001460000002,1.4773155944254932e-24,inf,600.0
genhs28.bch,coconutbenchmark-library2,largestfirst,both,timeout,0,248430,600.0037760000001,0.9124341447789238,0.9274494036812687,600.0
genhs28.bch,coconutbenchmark-library2,lsmear,both,complete,1,72,0.34924700000000014,0.9263747402105337,0.9273011149507441,600.0
genhs28.bch,coconutbenchmark-library2,lsmear-box,both,complete,1,72,0.34346000000000004,0.9263747402105337,0.9273011149507441,600.0
genhs28.bch,coconutbenchmark-library2,roundrobin,both,complete,1,98,0.48787800000000014,0.9263383024813483,0.9272646407838295,600.0
genhs28.bch,coconutbenchmark-library2,smearmax,both,complete,1,82,0.3523870000000001,0.9264336880687776,0.9273601217568462,600.0
genhs28.bch,coconutbenchmark-library2,smearmaxrel,both,complete,1,138,0.6043470000000002,0.9262736064698993,0.9271998800763691,600.0
genhs28.bch,coconutbenchmark-library2,smearsum,both,complete,1,80,0.3635840000000001,0.9262556897779485,0.9271819454677264,600.0
genhs28.bch,coconutbenchmark-library2,smearsumrel,both,complete,1,160,0.7462790000000002,0.9264275307892554,0.9273539583200446,600.0
genhs28.bch,coconutbenchmark-library2,largestfirst,xtaylor,timeout,0,260136,600.0037750000001,0.8839736677464601,0.9271937053954054,600.0
genhs28.bch,coconutbenchmark-library2,lsmear,xtaylor,complete,1,78,0.35362500000000013,0.9265286869198074,0.9274552156067271,10
genhs28.bch,coconutbenchmark-library2,lsmear-box,xtaylor,complete,1,78,0.35450200000000015,0.9265286869198074,0.9274552156067271,10
genhs28.bch,coconutbenchmark-library2,roundrobin,xtaylor,complete,1,130,0.5443620000000001,0.9263728548120516,0.9272992276668636,10
genhs28.bch,coconutbenchmark-library2,smearmax,xtaylor,complete,1,88,0.3771510000000001,0.9262815499350083,0.9272078314849432,10
genhs28.bch,coconutbenchmark-library2,smearmaxrel,xtaylor,complete,1,156,0.6739090000000002,0.9262559844997038,0.9271822404842034,10
genhs28.bch,coconutbenchmark-library2,smearsum,xtaylor,complete,1,84,0.3833170000000001,0.9264055647158373,0.9273319702805531,10
genhs28.bch,coconutbenchmark-library2,smearsumrel,xtaylor,complete,1,166,0.6898150000000003,0.926330619373501,0.9272569499928744,10
griewank.bch,easy,largestfirst,both,complete,1,372,2.0491180000000004,0,4.0528563283181995e-08,600.0
griewank.bch,easy,lsmear,both,complete,1,46,0.03141400000000001,0,4.440892098500626e-16,600.0
griewank.bch,easy,lsmear-box,both,complete,1,46,0.030581000000000014,0,4.440892098500626e-16,600.0
griewank.bch,easy,roundrobin,both,complete,1,10,0.005657000000000001,0,4.440892098500626e-16,600.0
griewank.bch,easy,smearmax,both,complete,1,46,0.02868800000000001,0,4.440892098500626e-16,600.0
griewank.bch,easy,smearmaxrel,both,complete,1,46,0.02836500000000001,0,4.440892098500626e-16,600.0
griewank.bch,easy,smearsum,both,complete,1,46,0.028411000000000006,0,4.440892098500626e-16,600.0
griewank.bch,easy,smearsumrel,both,complete,1,46,0.02841600000000001,0,4.440892098500626e-16,600.0
griewank.bch,easy,largestfirst,xtaylor,complete,1,372,1.8386640000000005,0,4.0528563283181995e-08,10
griewank.bch,easy,lsmear,xtaylor,complete,1,46,0.029051000000000004,0,4.440892098500626e-16,10
griewank.bch,easy,lsmear-box,xtaylor,complete,1,46,0.028332000000000006,0,4.440892098500626e-16,10
griewank.bch,easy,roundrobin,xtaylor,complete,1,10,0.005177,0,4.440892098500626e-16,10
griewank.bch,easy,smearmax,xtaylor,complete,1,46,0.025763000000000008,0,4.440892098500626e-16,10
griewank.bch,easy,smearmaxrel,xtaylor,complete,1,46,0.026095000000000007,0,4.440892098500626e-16,10
griewank.bch,easy,smearsum,xtaylor,complete,1,46,0.02556300000000001,0,4.440892098500626e-16,10
griewank.bch,easy,smearsumrel,xtaylor,complete,1,46,0.026627000000000005,0,4.440892098500626e-16,10
haifas.bch,coconutbenchmark-library2,largestfirst,both,timeout,0,262826,600.0064460000001,-0.9957412500817208,-0.43264507542681974,600.0
haifas.bch,coconutbenchmark-library2,lsmear,both,complete,1,316,0.5529620000000002,-0.45026227344620723,-0.44981201117276104,600.0
haifas.bch,coconutbenchmark-library2,lsmear-box,both,complete,1,316,0.5478850000000002,-0.45026227344620723,-0.44981201117276104,600.0
haifas.bch,coconutbenchmark-library2,roundrobin,both,complete,1,3224,4.8576130000000015,-0.4504497814739228,-0.4499993316924489,600.0
haifas.bch,coconutbenchmark-library2,smearmax,both,complete,1,3164,3.972599000000001,-0.4501705670558826,-0.4497203964888268,600.0
haifas.bch,coconutbenchmark-library2,smearmaxrel,both,complete,1,278354,235.60943300000005,-0.4500230264784362,-0.44957300345195783,600.0
haifas.bch,coconutbenchmark-library2,smearsum,both,complete,1,846,1.3144580000000003,-0.45022578107704914,-0.44977555529597213,600.0
haifas.bch,coconutbenchmark-library2,smearsumrel,both,complete,1,316,0.5226890000000002,-0.45026227344620723,-0.44981201117276104,600.0
haifas.bch,coconutbenchmark-library2,largestfirst,xtaylor,timeout,0,426096,600.0014920000002,-1.0880950539230265,-0.44995489168711167,600.0
haifas.bch,coconutbenchmark-library2,lsmear,xtaylor,complete,1,316,0.5162180000000001,-0.4501771454952628,-0.44972696834976755,10
haifas.bch,coconutbenchmark-library2,lsmear-box,xtaylor,complete,1,316,0.5120470000000001,-0.4501771454952628,-0.44972696834976755,10
haifas.bch,coconutbenchmark-library2,roundrobin,xtaylor,complete,1,3960,4.928530000000001,-0.4503938139789015,-0.4499434201649226,10
haifas.bch,coconutbenchmark-library2,smearmax,xtaylor,complete,1,1990,2.6730460000000007,-0.45036896487053335,-0.44991859590566285,10
haifas.bch,coconutbenchmark-library2,smearmaxrel,xtaylor,complete,1,25696,31.40253200000001,-0.4504366019001383,-0.4499861652982382,600.0
haifas.bch,coconutbenchmark-library2,smearsum,xtaylor,complete,1,2000,2.6475460000000006,-0.45010826154064415,-0.4496581532791035,10
haifas.bch,coconutbenchmark-library2,smearsumrel,xtaylor,complete,1,316,0.49090200000000017,-0.4501771454952628,-0.44972696834976755,10
haldmads.bch,coconutbenchmark-library2,largestfirst,both,timeout,0,158796,600.0166440000002,0,0.03466759366266858,600.0
haldmads.bch,coconutbenchmark-library2,lsmear,both,timeout,0,144610,600.0008790000002,0,0.034659851639415984,600.0
haldmads.bch,coconutbenchmark-library2,lsmear-box,both,timeout,0,146608,600.0056500000003,0,0.034659851639415984,600.0
haldmads.bch,coconutbenchmark-library2,roundrobin,both,timeout,0,187818,600.0055650000003,5.5864073220839814e-12,0.038821155418723,600.0
haldmads.bch,coconutbenchmark-library2,smearmax,both,timeout,0,129864,600.0069740000002,0,0.03468435860147956,600.0
haldmads.bch,coconutbenchmark-library2,smearmaxrel,both,timeout,0,127162,600.0004660000002,0,0.03466401403014363,600.0
haldmads.bch,coconutbenchmark-library2,smearsum,both,timeout,0,123732,600.0145330000003,0,0.034675954232696315,600.0
haldmads.bch,coconutbenchmark-library2,smearsumrel,both,timeout,0,145892,600.0067090000002,0,0.034659851639415984,600.0
haldmads.bch,coconutbenchmark-library2,largestfirst,xtaylor,timeout,0,169990,600.0170670000002,0,0.034687299028114404,600.0
haldmads.bch,coconutbenchmark-library2,lsmear,xtaylor,timeout,0,379130,600.0018230000003,0,0.004826790831708144,600.0
haldmads.bch,coconutbenchmark-library2,lsmear-box,xtaylor,timeout,0,384272,600.0016210000002,0,0.004826790831708144,600.0
haldmads.bch,coconutbenchmark-library2,roundrobin,xtaylor,timeout,0,212352,600.0001080000003,1.9606416768611038e-13,0.04329337318986992,600.0
haldmads.bch,coconutbenchmark-library2,smearmax,xtaylor,timeout,0,359614,600.0000560000001,0,0.0048244673464931664,600.0
haldmads.bch,coconutbenchmark-library2,smearmaxrel,xtaylor,timeout,0,421586,600.0027170000001,0,0.004828200858285919,600.0
haldmads.bch,coconutbenchmark-library2,smearsum,xtaylor,timeout,0,340396,600.0021660000001,0,0.03466002159948367,600.0
haldmads.bch,coconutbenchmark-library2,smearsumrel,xtaylor,timeout,0,375786,600.0018710000002,0,0.004826790831708144,600.0
harker.bch,blowup,largestfirst,both,timeout,0,187158,600.0013380000001,-5828.0000000686,-2.4299999999959495e-07,600.0
harker.bch,blowup,lsmear,both,complete,1,89946,580.5603500000002,-987.1817090728305,-986.1945273637577,600.0
harker.bch,blowup,lsmear-box,both,complete,1,52626,340.6761650000001,-987.2142460461369,-986.2270318000908,600.0
harker.bch,blowup,roundrobin,both,timeout,0,105752,600.0002400000002,-1277.5395939873674,-979.5929176968402,600.0
harker.bch,blowup,smearmax,both,timeout,0,101536,600.0014370000002,-1231.8453385218368,-980.8254023254336,600.0
harker.bch,blowup,smearmaxrel,both,timeout,0,112800,600.0013770000003,-1614.959742630309,-974.4092441180838,600.0
harker.bch,blowup,smearsum,both,timeout,0,102976,600.0088300000002,-1248.6187438090103,-982.3729390002102,600.0
harker.bch,blowup,smearsumrel,both,timeout,0,96908,600.0053320000002,-1460.8049384988938,-981.1771845728931,600.0
harker.bch,blowup,largestfirst,xtaylor,timeout,0,235046,600.0014670000002,-5828.0000000686,-2.4299999999959495e-07,600.0
harker.bch,blowup,lsmear,xtaylor,timeout,0,135736,600.0122330000002,-2294.3920092918474,-918.0919833502496,600.0
harker.bch,blowup,lsmear-box,xtaylor,timeout,0,135254,600.0028370000003,-2130.8084546611544,-937.8330265282649,600.0
harker.bch,blowup,roundrobin,xtaylor,timeout,0,120898,600.0109760000003,-1962.4823995177157,-964.8220761314526,600.0
harker.bch,blowup,smearmax,xtaylor,timeout,0,128090,600.0045810000001,-2329.0756671250124,-944.1622243623176,600.0
harker.bch,blowup,smearmaxrel,xtaylor,timeout,0,132220,600.0035030000003,-1614.9415270500178,-975.2210399292674,600.0
harker.bch,blowup,smearsum,xtaylor,timeout,0,129010,600.0101140000002,-2309.9064356749427,-945.508200653564,600.0
harker.bch,blowup,smearsumrel,xtaylor,timeout,0,118582,600.0011840000003,-1494.5702201923873,-981.177184572893,600.0
haverly.bch,medium,largestfirst,both,complete,1,660,1.7567740000000005,-400.3681888335878,-399.9678206447543,600.0
haverly.bch,medium,lsmear,both,complete,1,94,0.3414030000000002,-400.0000023464139,-400.0000005276811,600.0
haverly.bch,medium,lsmear-box,both,complete,1,94,0.3381400000000001,-400.0000023464139,-400.0000005276811,600.0
haverly.bch,medium,roundrobin,both,complete,1,184,1.0185800000000003,-400.000000624542,-400.0000005484635,600.0
haverly.bch,medium,smearmax,both,complete,1,156,0.7071840000000004,-400.0000006251562,-399.9993055440982,600.0
haverly.bch,medium,smearmaxrel,both,complete,1,154,0.4872020000000001,-400.4004008841582,-400.0000004832741,600.0
haverly.bch,medium,smearsum,both,complete,1,828,1.8646740000000006,-400.1367461503061,-399.73660940415584,600.0
haverly.bch,medium,smearsumrel,both,complete,1,116,0.4570570000000001,-400.40040091216775,-400.0000005112556,600.0
haverly.bch,medium,largestfirst,xtaylor,complete,1,430,1.0126730000000004,-400.40040089233685,-400.00000049144455,10
haverly.bch,medium,lsmear,xtaylor,complete,1,74,0.23201600000000006,-400.4004008611928,-400.00000046033165,10
haverly.bch,medium,lsmear-box,xtaylor,complete,1,74,0.22948700000000005,-400.4004008611928,-400.00000046033165,10
haverly.bch,medium,roundrobin,xtaylor,complete,1,136,0.6348950000000001,-400.00001046935296,-400.0000005431316,10
haverly.bch,medium,smearmax,xtaylor,complete,1,150,0.6484430000000002,-400.0022722812477,-400.00000054519387,10
haverly.bch,medium,smearmaxrel,xtaylor,complete,1,146,0.3755400000000001,-400.3642653165061,-399.9639010511896,10
haverly.bch,medium,smearsum,xtaylor,complete,1,852,1.6596510000000002,-400.4004008772669,-400.0000004763897,10
haverly.bch,medium,smearsumrel,xtaylor,complete,1,136,0.47038300000000005,-400.1577660514448,-399.7576082853934,10
hhfair.bch,blowup,largestfirst,both,timeout,0,74706,600.0173710000003,-87.5258486307925,-87.12255663061377,600.0
hhfair.bch,blowup,lsmear,both,complete,1,2876,29.00374800000001,-87.20882142154588,-87.12564507153108,600.0
hhfair.bch,blowup,lsmear-box,both,complete,1,3220,37.19105500000001,-87.16919159152218,-87.145142387714,600.0
hhfair.bch,blowup,roundrobin,both,complete,1,1230,8.597573000000002,-87.24560340781561,-87.1583578044078,600.0
hhfair.bch,blowup,smearmax,both,complete,1,1372,10.112757000000002,-87.23525335331414,-87.14801809996084,600.0
hhfair.bch,blowup,smearmaxrel,both,complete,1,794,5.213915000000002,-87.23303170426306,-87.14579867255881,600.0
hhfair.bch,blowup,smearsum,both,complete,1,968,6.765955000000002,-87.1907321800474,-87.10354144786737,600.0
hhfair.bch,blowup,smearsumrel,both,complete,1,798,4.871185000000002,-87.23358407348682,-87.14635048941335,600.0
hhfair.bch,blowup,largestfirst,xtaylor,timeout,0,97618,600.0066420000002,-91.28278866088965,-87.1189501253976,600.0
hhfair.bch,blowup,lsmear,xtaylor,complete,1,2824,22.716152000000008,-87.18162715673873,-87.1493889420097,600.0
hhfair.bch,blowup,lsmear-box,xtaylor,complete,1,3140,24.517448000000005,-87.18131653778507,-87.0941352212473,600.0
hhfair.bch,blowup,roundrobin,xtaylor,complete,1,2058,10.404746000000003,-87.24591248727799,-87.15866657479073,600.0
hhfair.bch,blowup,smearmax,xtaylor,complete,1,1546,10.673525000000003,-87.22868000442459,-87.14145132442017,600.0
hhfair.bch,blowup,smearmaxrel,xtaylor,complete,1,2252,15.199056000000004,-87.2278463930996,-87.1406185467065,600.0
hhfair.bch,blowup,smearsum,xtaylor,complete,1,2160,13.601852000000003,-87.23423861436453,-87.14700437575017,600.0
hhfair.bch,blowup,smearsumrel,xtaylor,complete,1,1674,11.096360000000004,-87.18738391825988,-87.10019653434163,600.0
hhfair1.bch,blowup,largestfirst,both,complete,1,11640,36.42081200000002,-87.24628433334938,-87.15903804901605,600.0
hhfair1.bch,blowup,lsmear,both,complete,1,132,1.0757700000000003,-87.24292538369991,-87.15568245831622,600.0
hhfair1.bch,blowup,lsmear-box,both,complete,1,120,1.0349960000000005,-87.23959261333044,-87.15235302071713,600.0
hhfair1.bch,blowup,roundrobin,both,complete,1,344,2.6705810000000008,-87.21718087550649,-87.12996369463099,600.0
hhfair1.bch,blowup,smearmax,both,complete,1,326,2.4388390000000006,-87.23522156176618,-87.14798634020443,600.0
hhfair1.bch,blowup,smearmaxrel,both,complete,1,124,0.801745,-87.21638134554573,-87.1291649642002,600.0
hhfair1.bch,blowup,smearsum,both,complete,1,324,2.519392000000001,-87.24627854466243,-87.15903226611778,600.0
hhfair1.bch,blowup,smearsumrel,both,complete,1,198,1.4524340000000004,-87.24585672867885,-87.15861087195017,600.0
hhfair1.bch,blowup,largestfirst,xtaylor,timeout,0,105564,600.0048310000003,-88.79613284757978,-87.15903807308901,600.0
hhfair1.bch,blowup,lsmear,xtaylor,complete,1,492,4.086016000000002,-87.17308123374211,-87.08590815250838,10
hhfair1.bch,blowup,lsmear-box,xtaylor,complete,1,576,4.675632000000002,-87.16201187043612,-87.15833796042193,10
hhfair1.bch,blowup,roundrobin,xtaylor,complete,1,854,5.499410000000003,-87.18143761677402,-87.09425617915726,10
hhfair1.bch,blowup,smearmax,xtaylor,complete,1,198,1.1838540000000004,-87.24625765640404,-87.15901139874765,10
hhfair1.bch,blowup,smearmaxrel,xtaylor,complete,1,348,1.8383440000000004,-87.24621283720039,-87.1589666243632,10
hhfair1.bch,blowup,smearsum,xtaylor,complete,1,194,1.2480360000000004,-87.24626442869159,-87.15901816426292,10
hhfair1.bch,blowup,smearsumrel,xtaylor,complete,1,120,0.7313180000000002,-87.2462481946137,-87.1590019464191,10
himmel11.bch,easy,largestfirst,affine,complete,1,1256,1.4116460000000004,-30695.128783452317,-30664.43365466887,60.0
himmel11.bch,easy,lsmear,affine,complete,1,20,0.04447,-30665.538912104363,-30665.291949431943,60.0
himmel11.bch,easy,lsmear-box,affine,complete,1,20,0.045541000000000005,-30665.538912104363,-30665.291949431943,60.0
himmel11.bch,easy,roundrobin,affine,complete,1,86,0.15185000000000004,-30674.214115228795,-30643.53990111357,60.0
himmel11.bch,easy,smearmax,affine,complete,1,38,0.08099200000000002,-30669.75491474967,-30639.08515983492,60.0
himmel11.bch,easy,smearmaxrel,affine,complete,1,54,0.10633900000000004,-30691.827987223904,-30661.13615923668,60.0
himmel11.bch,easy,smearsum,affine,complete,1,38,0.08093100000000003,-30669.75491474967,-30639.08515983492,60.0
himmel11.bch,easy,smearsumrel,affine,complete,1,62,0.11948100000000005,-30687.93409887746,-30657.246164778586,60.0
himmel11.bch,easy,largestfirst,both,complete,1,1122,1.7904300000000004,-30668.790867491174,-30638.122076623687,600.0
himmel11.bch,easy,lsmear,both,complete,1,30,0.08714900000000002,-30665.542254910062,-30659.713079942645,600.0
himmel11.bch,easy,lsmear-box,both,complete,1,30,0.08667100000000003,-30665.542254910062,-30659.713079942645,600.0
himmel11.bch,easy,roundrobin,both,complete,1,92,0.24045300000000006,-30665.568898157188,-30641.77572460938,600.0
himmel11.bch,easy,smearmax,both,complete,1,44,0.11829400000000004,-30665.54048829224,-30658.982704946,600.0
himmel11.bch,easy,smearmaxrel,both,complete,1,62,0.17768600000000004,-30667.073172194898,-30651.43376105799,600.0
himmel11.bch,easy,smearsum,both,complete,1,44,0.11905200000000005,-30665.54048829224,-30658.982704946,600.0
himmel11.bch,easy,smearsumrel,both,complete,1,46,0.12685000000000005,-30665.635943802146,-30656.682954195123,600.0
himmel11.bch,easy,largestfirst,xtaylor,complete,1,596,0.8499070000000002,-30677.386755922074,-30646.709369166154,10
himmel11.bch,easy,lsmear,xtaylor,complete,1,42,0.11919600000000004,-30665.54681578998,-30660.553328539023,10
himmel11.bch,easy,lsmear-box,xtaylor,complete,1,42,0.11880100000000005,-30665.54681578998,-30660.553328539023,10
himmel11.bch,easy,roundrobin,xtaylor,complete,1,66,0.15289500000000006,-30665.563648790463,-30651.881932376004,10
himmel11.bch,easy,smearmax,xtaylor,complete,1,40,0.105133,-30667.20842093837,-30651.399669169907,10
himmel11.bch,easy,smearmaxrel,xtaylor,complete,1,56,0.13400300000000007,-30668.74085655546,-30638.07211569891,10
himmel11.bch,easy,smearsum,xtaylor,complete,1,40,0.10577900000000003,-30667.20842093837,-30651.399669169907,10
himmel11.bch,easy,smearsumrel,xtaylor,complete,1,74,0.18178100000000005,-30665.53881548733,-30657.953462059817,10
himmel16.bch,medium,largestfirst,both,timeout,0,196768,600.0021650000001,-2.7814184829651194,-0.6525997368970817,600.0
himmel16.bch,medium,lsmear,both,complete,1,1438,9.096235000000004,-0.8661990107248415,-0.8653328117141168,600.0
himmel16.bch,medium,lsmear-box,both,complete,1,1438,9.052782000000004,-0.8661990107248415,-0.8653328117141168,600.0
himmel16.bch,medium,roundrobin,both,complete,1,8628,41.700741000000015,-0.8661187138354712,-0.8652525951216359,600.0
himmel16.bch,medium,smearmax,both,complete,1,2718,15.106469000000004,-0.8668060360260429,-0.8659392299900169,600.0
himmel16.bch,medium,smearmaxrel,both,timeout,0,131248,600.0009080000002,-2.900000057999925,-0.6641163810034916,600.0
himmel16.bch,medium,smearsum,both,complete,1,2140,11.670728000000006,-0.8665196613242789,-0.8656531416629547,600.0
himmel16.bch,medium,smearsumrel,both,complete,1,2984,14.912639000000004,-0.8667976239523684,-0.8659308263284161,600.0
himmel16.bch,medium,largestfirst,xtaylor,timeout,0,239568,600.0007230000001,-2.7827501064157314,-0.6629703175896685,600.0
himmel16.bch,medium,lsmear,xtaylor,complete,1,2782,13.177527000000005,-0.8664068207190774,-0.8655404138983583,600.0
himmel16.bch,medium,lsmear-box,xtaylor,complete,1,2782,12.919174000000003,-0.8664068207190774,-0.8655404138983583,600.0
himmel16.bch,medium,roundrobin,xtaylor,complete,1,14004,54.363557000000014,-0.8668923475765483,-0.8660254552289719,600.0
himmel16.bch,medium,smearmax,xtaylor,complete,1,2170,10.606729000000003,-0.8665436866006768,-0.8656771429140763,600.0
himmel16.bch,medium,smearmaxrel,xtaylor,timeout,0,175968,600.0148780000002,-2.9000000576875014,-0.6567919329783729,600.0
himmel16.bch,medium,smearsum,xtaylor,complete,1,1986,9.708288000000001,-0.8664456476997707,-0.8655792020520711,10
himmel16.bch,medium,smearsumrel,xtaylor,complete,1,5576,23.634160000000005,-0.8667003774095269,-0.8658336770321174,600.0
himmelbk.bch,coconutbenchmark-library2,largestfirst,both,timeout,0,16984,600.0360920000003,0.05064205756600067,0.051820812999092046,600.0
himmelbk.bch,coconutbenchmark-library2,lsmear,both,complete,1,260,11.473535000000002,0.05176265116624744,0.05181441381741368,600.0
himmelbk.bch,coconutbenchmark-library2,lsmear-box,both,complete,1,260,11.485882000000004,0.05176265116624744,0.05181441381741368,600.0
himmelbk.bch,coconutbenchmark-library2,roundrobin,both,complete,1,396,15.699269000000006,0.051777283685243085,0.05182906096892832,600.0
himmelbk.bch,coconutbenchmark-library2,smearmax,both,complete,1,400,15.018682000000007,0.05178375867880954,0.05183554243748834,600.0
himmelbk.bch,coconutbenchmark-library2,smearmaxrel,both,complete,1,1028,35.946131000000015,0.05178987738690219,0.051841667264289085,600.0
himmelbk.bch,coconutbenchmark-library2,smearsum,both,complete,1,430,17.510444000000007,0.051773489891653736,0.05182526338154538,600.0
himmelbk.bch,coconutbenchmark-library2,smearsumrel,both,complete,1,368,15.064288000000005,0.05178220408476617,0.051833986288850935,600.0
himmelbk.bch,coconutbenchmark-library2,largestfirst,xtaylor,timeout,0,22058,600.0007510000003,0.05065409268970514,0.051825426559574596,600.0
himmelbk.bch,coconutbenchmark-library2,lsmear,xtaylor,complete,1,266,10.091127000000006,0.05176257918256466,0.05181434176174722,600.0
himmelbk.bch,coconutbenchmark-library2,lsmear-box,xtaylor,complete,1,266,10.047618000000002,0.05176257918256466,0.05181434176174722,600.0
himmelbk.bch,coconutbenchmark-library2,roundrobin,xtaylor,complete,1,382,12.594999000000001,0.05180459509065897,0.05185639968574962,600.0
himmelbk.bch,coconutbenchmark-library2,smearmax,xtaylor,complete,1,570,18.050331000000007,0.05177537726688591,0.05182715264415279,600.0
himmelbk.bch,coconutbenchmark-library2,smearmaxrel,xtaylor,complete,1,1188,36.76256900000001,0.05179515211172807,0.05184694726383979,600.0
himmelbk.bch,coconutbenchmark-library2,smearsum,xtaylor,complete,1,344,12.018705000000002,0.051788283558960264,0.051840071842519216,600.0
himmelbk.bch,coconutbenchmark-library2,smearsumrel,xtaylor,complete,1,386,13.911249000000007,0.05180281258233981,0.05185461539492214,600.0
house.bch,easy,largestfirst,both,complete,1,122,0.17262300000000005,-4504.504504703586,-4500.000000198883,600.0
house.bch,easy,lsmear,both,complete,1,24,0.054864000000000024,-4504.504504685204,-4500.000000180519,600.0
house.bch,easy,lsmear-box,both,complete,1,24,0.054359000000000005,-4504.504504685204,-4500.000000180519,600.0
house.bch,easy,roundrobin,both,complete,1,18,0.025512000000000003,-4503.06005681556,-4498.556996758745,600.0
house.bch,easy,smearmax,both,complete,1,62,0.14671800000000004,-4503.855351232803,-4499.35149588157,600.0
house.bch,easy,smearmaxrel,both,complete,1,20,0.034853000000000016,-4504.504504717839,-4500.000000213122,600.0
house.bch,easy,smearsum,both,complete,1,38,0.07359200000000003,-4504.136212675594,-4499.632076462919,600.0
house.bch,easy,smearsumrel,both,complete,1,18,0.03291300000000002,-4504.50450429335,-4499.999999789057,600.0
house.bch,easy,largestfirst,xtaylor,complete,1,116,0.14373300000000008,-4504.5045046455,-4500.000000140855,10
house.bch,easy,lsmear,xtaylor,complete,1,24,0.051329000000000014,-4504.031010707347,-4499.526979696641,10
house.bch,easy,lsmear-box,xtaylor,complete,1,24,0.05159000000000001,-4504.031010707347,-4499.526979696641,10
house.bch,easy,roundrobin,xtaylor,complete,1,20,0.026513000000000005,-4504.504504700543,-4500.000000195843,10
house.bch,easy,smearmax,xtaylor,complete,1,40,0.07926400000000002,-4502.156975536622,-4497.654818561086,10
house.bch,easy,smearmaxrel,xtaylor,complete,1,20,0.03179500000000001,-4504.504504717839,-4500.000000213122,10
house.bch,easy,smearsum,xtaylor,complete,1,38,0.06275300000000003,-4504.504504702091,-4500.00000019739,10
house.bch,easy,smearsumrel,xtaylor,complete,1,28,0.04563100000000002,-4504.50430258762,-4499.999798285034,10
hs056.bch,coconutbenchmark-library2,largestfirst,affine,complete,1,1438,1.2525300000000004,-3.457336025735374,-3.453878689709639,60.0
hs056.bch,coconutbenchmark-library2,lsmear,affine,complete,1,1112,2.2637780000000003,-3.458242454412392,-3.45478421195798,60.0
hs056.bch,coconutbenchmark-library2,lsmear-box,affine,complete,1,1592,2.944699000000001,-3.45937316024244,-3.455913787082198,60.0
hs056.bch,coconutbenchmark-library2,roundrobin,affine,complete,1,1048,1.8812820000000003,-3.4585686181817814,-3.4551100495636,60.0
hs056.bch,coconutbenchmark-library2,smearmax,affine,complete,1,1074,2.2606130000000006,-3.4584295413452413,-3.4549711118038964,60.0
hs056.bch,coconutbenchmark-library2,smearmaxrel,affine,complete,1,974,2.128927000000001,-3.4586769904534855,-3.4552183134630323,60.0
hs056.bch,coconutbenchmark-library2,smearsum,affine,complete,1,962,2.229509000000001,-3.4593900367672847,-3.455930646730518,60.0
hs056.bch,coconutbenchmark-library2,smearsumrel,affine,complete,1,528,0.9689140000000003,-3.457648924998999,-3.4541912760740003,60.0
hs056.bch,coconutbenchmark-library2,largestfirst,both,complete,1,556,0.5382120000000002,-3.458269004987298,-3.4548107359823113,600.0
hs056.bch,coconutbenchmark-library2,lsmear,both,complete,1,928,1.3696710000000003,-3.458801483803462,-3.455342682319659,600.0
hs056.bch,coconutbenchmark-library2,lsmear-box,both,complete,1,882,1.3152650000000004,-3.459306273980651,-3.4558469677066705,600.0
hs056.bch,coconutbenchmark-library2,roundrobin,both,complete,1,442,1.0262830000000003,-3.4581946798959726,-3.454736485216077,600.0
hs056.bch,coconutbenchmark-library2,smearmax,both,complete,1,1354,1.5329250000000003,-3.459285434446572,-3.455826149012126,600.0
hs056.bch,coconutbenchmark-library2,smearmaxrel,both,complete,1,646,1.2625010000000003,-3.459124210103819,-3.4556650858937155,600.0
hs056.bch,coconutbenchmark-library2,smearsum,both,complete,1,400,1.0281860000000003,-3.4576149706091774,-3.4541573556385687,600.0
hs056.bch,coconutbenchmark-library2,smearsumrel,both,complete,1,626,0.7630770000000001,-3.459117021167837,-3.4556579041466695,600.0
hs056.bch,coconutbenchmark-library2,largestfirst,xtaylor,complete,1,1256,1.1414030000000004,-3.4586768772550704,-3.4552182003778156,10
hs056.bch,coconutbenchmark-library2,lsmear,xtaylor,complete,1,778,1.0391270000000004,-3.4593337221721114,-3.45587438844994,10
hs056.bch,coconutbenchmark-library2,lsmear-box,xtaylor,complete,1,874,1.1971690000000004,-3.45943609914448,-3.4559766630453357,10
hs056.bch,coconutbenchmark-library2,roundrobin,xtaylor,complete,1,350,0.7189770000000002,-3.459074886048462,-3.455615811162414,10
hs056.bch,coconutbenchmark-library2,smearmax,xtaylor,complete,1,1218,1.3298420000000004,-3.4589605621148776,-3.455501601552763,10
hs056.bch,coconutbenchmark-library2,smearmaxrel,xtaylor,complete,1,488,0.9588840000000003,-3.4587257858774563,-3.4552670600915794,10
hs056.bch,coconutbenchmark-library2,smearsum,xtaylor,complete,1,362,0.8060680000000002,-3.4575546218512865,-3.4540970672294358,10
hs056.bch,coconutbenchmark-library2,smearsumrel,xtaylor,complete,1,796,1.4835370000000005,-3.4565298777124047,-3.453073347834693,10
hs070.bch,coconutbenchmark-library2,largestfirst,both,timeout,0,233290,600.0109680000003,0,0.04635536653291221,600.0
hs070.bch,coconutbenchmark-library2,lsmear,both,timeout,0,321072,600.0041030000002,0,0.1840706161845761,600.0
hs070.bch,coconutbenchmark-library2,lsmear-box,both,timeout,0,321450,600.0037770000001,0,0.1840706161845761,600.0
hs070.bch,coconutbenchmark-library2,roundrobin,both,timeout,0,299548,600.0009130000002,0,0.22116868914440652,600.0
hs070.bch,coconutbenchmark-library2,smearmax,both,timeout,0,321686,600.0023020000001,0,0.1840706161845761,600.0
hs070.bch,coconutbenchmark-library2,smearmaxrel,both,timeout,0,314672,600.0027830000002,0,0.1840706161845761,600.0
hs070.bch,coconutbenchmark-library2,smearsum,both,timeout,0,322206,600.0022570000002,0,0.1840706161845761,600.0
hs070.bch,coconutbenchmark-library2,smearsumrel,both,timeout,0,317092,600.0018990000002,0,0.1840706161845761,600.0
hs070.bch,coconutbenchmark-library2,largestfirst,xtaylor,timeout,0,266468,600.0043920000003,0,0.2797459053852911,600.0
hs070.bch,coconutbenchmark-library2,lsmear,xtaylor,timeout,0,400848,600.0027810000004,0,0.19907648282766227,600.0
hs070.bch,coconutbenchmark-library2,lsmear-box,xtaylor,timeout,0,406646,600.0030320000003,0,0.19907648282766227,600.0
hs070.bch,coconutbenchmark-library2,roundrobin,xtaylor,timeout,0,361832,600.0026940000001,0,0.26001762631416303,600.0
hs070.bch,coconutbenchmark-library2,smearmax,xtaylor,timeout,0,409232,600.0022300000002,0,0.19907648282766227,600.0
hs070.bch,coconutbenchmark-library2,smearmaxrel,xtaylor,timeout,0,408932,600.0005350000004,0,0.19907648282766227,600.0
hs070.bch,coconutbenchmark-library2,smearsum,xtaylor,timeout,0,407852,600.0008090000002,0,0.19907648282766227,600.0
hs070.bch,coconutbenchmark-library2,smearsumrel,xtaylor,timeout,0,402116,600.0028440000001,0,0.19907648282766227,600.0
hs071.bch,easy,largestfirst,affine,complete,1,21246,21.94471800000001,16.9980033474468,17.015001350794243,60.0
hs071.bch,easy,lsmear,affine,complete,1,184,0.15803600000000007,16.997313204058162,17.014310517262217,60.0
hs071.bch,easy,lsmear-box,affine,complete,1,104,0.08641400000000002,16.99941373238506,17.016413146117443,60.0
hs071.bch,easy,roundrobin,affine,complete,1,230,0.18083800000000005,17.01098040588008,17.027991386285954,60.0
hs071.bch,easy,smearmax,affine,complete,1,242,0.20109200000000005,17.00583879119602,17.022844629987212,60.0
hs071.bch,easy,smearmaxrel,affine,complete,1,190,0.13264700000000004,17.001371836303655,17.018373208139955,60.0
hs071.bch,easy,smearsum,affine,complete,1,108,0.07440600000000003,17.005354102686262,17.022359456788944,60.0
hs071.bch,easy,smearsumrel,affine,complete,1,122,0.09898100000000003,17.009000126791715,17.026009126918503,60.0
hs071.bch,easy,largestfirst,both,complete,1,660,0.7363910000000002,17.001185356360104,17.01818654171646,600.0
hs071.bch,easy,lsmear,both,complete,1,158,0.20819900000000005,17.006264725674743,17.023270990400412,600.0
hs071.bch,easy,lsmear-box,both,complete,1,98,0.10251700000000004,16.997086636960166,17.01408372359712,600.0
hs071.bch,easy,roundrobin,both,complete,1,134,0.12857000000000007,17.010060154222256,17.027070214376472,600.0
hs071.bch,easy,smearmax,both,complete,1,124,0.10616500000000002,17.01159291449462,17.02860450740911,600.0
hs071.bch,easy,smearmaxrel,both,complete,1,160,0.13237000000000002,17.0063489181191,17.023355267037218,600.0
hs071.bch,easy,smearsum,both,complete,1,140,0.12468200000000003,16.999758469337,17.01675822780633,600.0
hs071.bch,easy,smearsumrel,both,complete,1,120,0.11043500000000003,17.009184203681965,17.026193387885645,600.0
hs071.bch,easy,largestfirst,xtaylor,complete,1,1812,1.9775480000000005,17.00725743364882,17.024264691082465,10
hs071.bch,easy,lsmear,xtaylor,complete,1,118,0.12079200000000002,17.001947935339395,17.01894988327473,10
hs071.bch,easy,lsmear-box,xtaylor,complete,1,92,0.09307400000000003,17.00050566152512,17.017506167186642,10
hs071.bch,easy,roundrobin,xtaylor,complete,1,150,0.13928800000000002,17.000224424981063,17.01722464940604,10
hs071.bch,easy,smearmax,xtaylor,complete,1,156,0.13577300000000003,17.011236273483462,17.02824750975694,10
hs071.bch,easy,smearmaxrel,xtaylor,complete,1,190,0.16573900000000005,16.999541211913098,17.016540753125007,10
hs071.bch,easy,smearsum,xtaylor,complete,1,150,0.12767100000000003,17.000256486238545,17.01725674272478,10
hs071.bch,easy,smearsumrel,xtaylor,complete,1,156,0.13685700000000006,17.003774883703286,17.020778658586984,10
hs087.bch,coconutbenchmark-library2,largestfirst,both,complete,1,280,0.8992100000000003,8824.433871062725,8833.258304933786,600.0
hs087.bch,coconutbenchmark-library2,lsmear,both,complete,1,34,0.14589700000000005,8819.392992206858,8828.212385199064,600.0
hs087.bch,coconutbenchmark-library2,lsmear-box,both,complete,1,34,0.14430000000000007,8819.392992206858,8828.212385199064,600.0
hs087.bch,coconutbenchmark-library2,roundrobin,both,complete,1,206,0.7580930000000001,8821.365735876825,8828.61921332069,600.0
hs087.bch,coconutbenchmark-library2,smearmax,both,complete,1,556,2.024438000000001,8825.763574913692,8834.589338488604,600.0
hs087.bch,coconutbenchmark-library2,smearmaxrel,both,complete,1,104,0.4152050000000001,8820.23041914165,8829.05064956079,600.0
hs087.bch,coconutbenchmark-library2,smearsum,both,complete,1,332,1.2548090000000005,8825.504425932182,8834.329930358112,600.0
hs087.bch,coconutbenchmark-library2,smearsumrel,both,complete,1,18,0.10578600000000005,8819.332709533073,8828.152042242604,600.0
hs087.bch,coconutbenchmark-library2,largestfirst,xtaylor,complete,1,262,0.7565200000000003,8820.694093890257,8829.514787984146,10
hs087.bch,coconutbenchmark-library2,lsmear,xtaylor,complete,1,36,0.12669800000000003,8818.7867540241,8827.605540778122,10
hs087.bch,coconutbenchmark-library2,lsmear-box,xtaylor,complete,1,36,0.12744800000000006,8818.7867540241,8827.605540778122,10
hs087.bch,coconutbenchmark-library2,roundrobin,xtaylor,complete,1,72,0.22934300000000005,8827.140803111297,8835.967943914406,10
hs087.bch,coconutbenchmark-library2,smearmax,xtaylor,complete,1,538,1.5662550000000004,8820.503817033368,8829.324320850399,10
hs087.bch,coconutbenchmark-library2,smearmaxrel,xtaylor,complete,1,66,0.22942200000000007,8819.294188100239,8828.113482288338,10
hs087.bch,coconutbenchmark-library2,smearsum,xtaylor,complete,1,426,1.3229000000000004,8822.261203525417,8831.083464728941,10
hs087.bch,coconutbenchmark-library2,smearsumrel,xtaylor,complete,1,42,0.12573000000000006,8819.294188100728,8828.113482288827,10
hs088.bch,coconutbenchmark-library2,largestfirst,both,timeout,0,9846,600.0279240000001,0.6267325244481605,91928775.98104632,600.0
hs088.bch,coconutbenchmark-library2,lsmear,both,complete,1,530,34.436393,1.361456305096164,1.36281776140126,600.0
hs088.bch,coconutbenchmark-library2,lsmear-box,both,complete,1,586,37.927397000000006,1.3615466392524032,1.3629081858916554,600.0
hs088.bch,coconutbenchmark-library2,roundrobin,both,complete,1,678,55.592521000000026,1.3613723199667909,1.3627336922867574,600.0
hs088.bch,coconutbenchmark-library2,smearmax,both,complete,1,968,80.05445200000003,1.3619637802144104,1.3633257439946247,600.0
hs088.bch,coconutbenchmark-library2,smearmaxrel,both,complete,1,582,41.139598,1.3615137828925756,1.362875296675468,600.0
hs088.bch,coconutbenchmark-library2,smearsum,both,complete,1,850,55.962010000000014,1.361526595584757,1.3628881221803417,600.0
hs088.bch,coconutbenchmark-library2,smearsumrel,both,complete,1,600,39.22056400000001,1.361637356810112,1.362998994166922,600.0
hs088.bch,coconutbenchmark-library2,largestfirst,xtaylor,timeout,0,15914,600.0677450000002,0.6417613886300875,91928775.98104632,600.0
hs088.bch,coconutbenchmark-library2,lsmear,xtaylor,complete,1,1278,45.887891,1.3615275116621552,1.362889039173817,600.0
hs088.bch,coconutbenchmark-library2,lsmear-box,xtaylor,complete,1,1224,43.36166100000001,1.3614254909098729,1.3627869164007824,600.0
hs088.bch,coconutbenchmark-library2,roundrobin,xtaylor,complete,1,1298,49.369166000000014,1.3614220530843306,1.3627834751374148,600.0
hs088.bch,coconutbenchmark-library2,smearmax,xtaylor,complete,1,1758,63.299526000000036,1.3614274174315792,1.3627888448490106,600.0
hs088.bch,coconutbenchmark-library2,smearmaxrel,xtaylor,complete,1,1300,47.271963000000014,1.361349731403498,1.3627110811349012,600.0
hs088.bch,coconutbenchmark-library2,smearsum,xtaylor,complete,1,1626,58.937745000000014,1.3614790859529888,1.3628405650389417,600.0
hs088.bch,coconutbenchmark-library2,smearsumrel,xtaylor,complete,1,1240,44.02254000000001,1.3622263291029082,1.3635885554320109,600.0
hs089.bch,coconutbenchmark-library2,largestfirst,both,timeout,0,13410,600.0480270000002,0,inf,600.0
hs089.bch,coconutbenchmark-library2,lsmear,both,timeout,0,12126,600.0070460000003,0,inf,600.0
hs089.bch,coconutbenchmark-library2,lsmear-box,both,timeout,0,10610,600.2082060000002,0,inf,600.0
hs089.bch,coconutbenchmark-library2,roundrobin,both,timeout,0,2594,600.0301490000003,1.0633923498678763e-118,inf,600.0
hs089.bch,coconutbenchmark-library2,smearmax,both,timeout,0,11332,600.0065070000003,0,inf,600.0
hs089.bch,coconutbenchmark-library2,smearmaxrel,both,timeout,0,11006,600.0360560000003,0,inf,600.0
hs089.bch,coconutbenchmark-library2,smearsum,both,timeout,0,10688,600.0338620000002,0,inf,600.0
hs089.bch,coconutbenchmark-library2,smearsumrel,both,timeout,0,10566,600.0628130000002,0,inf,600.0
hs089.bch,coconutbenchmark-library2,largestfirst,xtaylor,timeout,0,21696,600.0145220000002,0,inf,600.0
hs089.bch,coconutbenchmark-library2,lsmear,xtaylor,timeout,0,20034,600.0050970000002,0,inf,600.0
hs089.bch,coconutbenchmark-library2,lsmear-box,xtaylor,timeout,0,19880,600.0305450000002,0,inf,600.0
hs089.bch,coconutbenchmark-library2,roundrobin,xtaylor,timeout,0,3910,600.2417430000002,3.4390602424241906e-114,inf,600.0
hs089.bch,coconutbenchmark-library2,smearmax,xtaylor,timeout,0,19988,600.0374840000003,0,inf,600.0
hs089.bch,coconutbenchmark-library2,smearmaxrel,xtaylor,timeout,0,18790,600.0273900000002,0,inf,600.0
hs089.bch,coconutbenchmark-library2,smearsum,xtaylor,timeout,0,19998,600.0222280000003,0,inf,600.0
hs089.bch,coconutbenchmark-library2,smearsumrel,xtaylor,timeout,0,20052,600.0622110000003,0,inf,600.0
hs090.bch,coconutbenchmark-library2,largestfirst,both,timeout,0,1812,600.4047680000002,0,5135913977385.192,600.0
hs090.bch,coconutbenchmark-library2,lsmear,both,timeout,0,1472,600.6730470000002,0.11677395729343493,2.1123988192355307,600.0
hs090.bch,coconutbenchmark-library2,lsmear-box,both,timeout,0,1542,600.8629660000003,0.09253463973491763,25.9736274393912,600.0
hs090.bch,coconutbenchmark-library2,roundrobin,both,timeout,0,2226,600.2905370000001,0.15825089462284667,2.506345214642148,600.0
hs090.bch,coconutbenchmark-library2,smearmax,both,timeout,0,1588,600.3431740000002,0.12424127220592149,2.0470467579283085,600.0
hs090.bch,coconutbenchmark-library2,smearmaxrel,both,timeout,0,1542,600.1113970000002,0.06027972073177694,19009.83035523456,600.0
hs090.bch,coconutbenchmark-library2,smearsum,both,timeout,0,1490,600.4700960000004,0.09416107015833303,9.011959070278353,600.0
hs090.bch,coconutbenchmark-library2,smearsumrel,both,timeout,0,1766,600.2339960000002,0.14788192919315024,303.162608341906,600.0
hs090.bch,coconutbenchmark-library2,largestfirst,xtaylor,error:IbexError,0,0,0.0,-inf,inf,600.0
hs090.bch,coconutbenchmark-library2,lsmear,xtaylor,timeout,0,3236,600.3512440000002,0.16875986867089626,1.6741910021662554,600.0
hs090.bch,coconutbenchmark-library2,lsmear-box,xtaylor,timeout,0,3000,600.2868960000002,0.14103740243090626,2.0318895804847674,600.0
hs090.bch,coconutbenchmark-library2,roundrobin,xtaylor,timeout,0,3094,600.3604510000002,0.1620781103585983,1.755518729299383,600.0
hs090.bch,coconutbenchmark-library2,smearmax,xtaylor,timeout,0,2976,600.3664430000002,0.1538719183756081,1.5390676255419022,600.0
hs090.bch,coconutbenchmark-library2,smearmaxrel,xtaylor,timeout,0,3012,600.2347180000002,0.15153920032471302,2.1852689070894824,600.0
hs090.bch,coconutbenchmark-library2,smearsum,xtaylor,timeout,0,2998,600.2655550000002,0.15464750353805345,1247.7454818240801,600.0
hs090.bch,coconutbenchmark-library2,smearsumrel,xtaylor,timeout,0,3500,600.0237610000003,0.17528282309809745,1.9910826584056904,600.0
hs091.bch,coconutbenchmark-library2,largestfirst,both,timeout,0,10000,600.0381940000001,0,inf,600.0
hs091.bch,coconutbenchmark-library2,lsmear,both,timeout,0,8590,600.1123820000004,0,inf,600.0
hs091.bch,coconutbenchmark-library2,lsmear-box,both,timeout,0,10346,600.0198810000002,0,inf,600.0
hs091.bch,coconutbenchmark-library2,roundrobin,both,timeout,0,1292,600.3985490000003,0,inf,600.0
hs091.bch,coconutbenchmark-library2,smearmax,both,timeout,0,8770,600.0470450000003,0,inf,600.0
hs091.bch,coconutbenchmark-library2,smearmaxrel,both,timeout,0,10386,600.0379200000003,0,inf,600.0
hs091.bch,coconutbenchmark-library2,smearsum,both,timeout,0,9358,600.0318280000002,0,inf,600.0
hs091.bch,coconutbenchmark-library2,smearsumrel,both,timeout,0,10168,600.0025620000001,0,inf,600.0
hs091.bch,coconutbenchmark-library2,largestfirst,xtaylor,timeout,0,11496,600.0223780000002,0,inf,600.0
hs091.bch,coconutbenchmark-library2,lsmear,xtaylor,timeout,0,10808,600.3354350000002,0,inf,600.0
hs091.bch,coconutbenchmark-library2,lsmear-box,xtaylor,timeout,0,10844,600.2255100000001,0,inf,600.0
hs091.bch,coconutbenchmark-library2,roundrobin,xtaylor,timeout,0,2176,600.2763250000003,0,inf,600.0
hs091.bch,coconutbenchmark-library2,smearmax,xtaylor,timeout,0,10954,600.0751450000002,0,inf,600.0
hs091.bch,coconutbenchmark-library2,smearmaxrel,xtaylor,timeout,0,10874,600.0446440000002,0,inf,600.0
hs091.bch,coconutbenchmark-library2,smearsum,xtaylor,timeout,0,10760,600.2191940000001,0,inf,600.0
hs091.bch,coconutbenchmark-library2,smearsumrel,xtaylor,timeout,0,10790,600.3498040000003,0,inf,600.0
hs093.bch,coconutbenchmark-library2,largestfirst,both,timeout,0,521378,600.0006740000002,2.2990258176801733e-41,inf,600.0
hs093.bch,coconutbenchmark-library2,lsmear,both,complete,1,434932,585.7857890000001,134.95241974476423,135.08737216450896,600.0
hs093.bch,coconutbenchmark-library2,lsmear-box,both,complete,1,380410,532.1225830000002,134.95366534962116,135.08861901497076,600.0
hs093.bch,coconutbenchmark-library2,roundrobin,both,timeout,0,537092,600.0041940000001,4.451032328691853e-28,1738111.2578022194,600.0
hs093.bch,coconutbenchmark-library2,smearmax,both,complete,1,324830,438.3049760000002,134.96091253650536,135.09587344904185,600.0
hs093.bch,coconutbenchmark-library2,smearmaxrel,both,complete,1,383616,491.53260800000015,134.95615793689495,135.09111409483182,600.0
hs093.bch,coconutbenchmark-library2,smearsum,both,complete,1,353940,466.9052130000001,134.9631579229957,135.09812108091865,600.0
hs093.bch,coconutbenchmark-library2,smearsumrel,both,complete,1,373816,495.5719160000001,134.95895802507366,135.0939169830987,600.0
hs093.bch,coconutbenchmark-library2,largestfirst,xtaylor,timeout,0,551752,600.0014260000002,2.2990258176801733e-41,inf,600.0
hs093.bch,coconutbenchmark-library2,lsmear,xtaylor,complete,1,456444,515.1478240000001,134.95777174860922,135.0927295203578,600.0
hs093.bch,coconutbenchmark-library2,lsmear-box,xtaylor,complete,1,386292,465.3633530000002,134.95691829620364,135.09187521449982,600.0
hs093.bch,coconutbenchmark-library2,roundrobin,xtaylor,timeout,0,558878,600.0036750000002,1.2951603907530315e-44,37545901.024283946,600.0
hs093.bch,coconutbenchmark-library2,smearmax,xtaylor,complete,1,331238,390.2431470000002,134.9553319381195,135.0902872700576,600.0
hs093.bch,coconutbenchmark-library2,smearmaxrel,xtaylor,complete,1,398940,444.32501100000013,134.95236856013992,135.08732092870002,600.0
hs093.bch,coconutbenchmark-library2,smearsum,xtaylor,complete,1,357542,407.6761790000001,134.95309888594497,135.08805198483088,600.0
hs093.bch,coconutbenchmark-library2,smearsumrel,xtaylor,complete,1,372928,424.58976100000007,134.95654887921685,135.09150542809604,600.0
hs095.bch,coconutbenchmark-library2,largestfirst,both,complete,1,4,0.0011120000000000019,0.015603921324212445,0.015619525245536654,600.0
hs095.bch,coconutbenchmark-library2,lsmear,both,complete,1,4,0.004379000000000001,0.015603921324212445,0.015619525245536654,600.0
hs095.bch,coconutbenchmark-library2,lsmear-box,both,complete,1,4,0.004587999999999998,0.015603921324212445,0.015619525245536654,600.0
hs095.bch,coconutbenchmark-library2,roundrobin,both,complete,1,4,0.0010920000000000027,0.015603921324212445,0.015619525245536654,600.0
hs095.bch,coconutbenchmark-library2,smearmax,both,complete,1,4,0.005031000000000001,0.015606167784898322,0.01562177395268322,600.0
hs095.bch,coconutbenchmark-library2,smearmaxrel,both,complete,1,4,0.0050080000000000055,0.015606167784898322,0.01562177395268322,600.0
hs095.bch,coconutbenchmark-library2,smearsum,both,complete,1,4,0.003970000000000001,0.015603921324212445,0.015619525245536654,600.0
hs095.bch,coconutbenchmark-library2,smearsumrel,both,complete,1,4,0.004068000000000002,0.015603921324212445,0.015619525245536654,600.0
hs095.bch,coconutbenchmark-library2,largestfirst,xtaylor,complete,1,4,0.0010120000000000007,0.015603921324212445,0.015619525245536654,600.0
hs095.bch,coconutbenchmark-library2,lsmear,xtaylor,complete,1,4,0.004093000000000006,0.015603921324212445,0.015619525245536654,600.0
hs095.bch,coconutbenchmark-library2,lsmear-box,xtaylor,complete,1,4,0.004051000000000001,0.015603921324212445,0.015619525245536654,600.0
hs095.bch,coconutbenchmark-library2,roundrobin,xtaylor,complete,1,4,0.0009700000000000004,0.015603921324212445,0.015619525245536654,600.0
hs095.bch,coconutbenchmark-library2,smearmax,xtaylor,complete,1,4,0.004767000000000004,0.015606167784898322,0.01562177395268322,600.0
hs095.bch,coconutbenchmark-library2,smearmaxrel,xtaylor,complete,1,4,0.004813000000000003,0.015606167784898322,0.01562177395268322,600.0
hs095.bch,coconutbenchmark-library2,smearsum,xtaylor,complete,1,4,0.0038220000000000025,0.015603921324212445,0.015619525245536654,600.0
hs095.bch,coconutbenchmark-library2,smearsumrel,xtaylor,complete,1,4,0.0037650000000000045,0.015603921324212445,0.015619525245536654,600.0
hs096.bch,coconutbenchmark-library2,largestfirst,both,complete,1,4,0.002144,0.01561952524239373,0.015622475322278019,600.0
hs096.bch,coconutbenchmark-library2,lsmear,both,complete,1,4,0.005348000000000002,0.01561952524239373,0.015622475322278019,600.0
hs096.bch,coconutbenchmark-library2,lsmear-box,both,complete,1,4,0.0052930000000000026,0.01561952524239373,0.015622475322278019,600.0
hs096.bch,coconutbenchmark-library2,roundrobin,both,complete,1,4,0.0021360000000000025,0.01561952524239373,0.015622475322278019,600.0
hs096.bch,coconutbenchmark-library2,smearmax,both,complete,1,4,0.006787000000000001,0.015619525242393736,0.015619525245536624,600.0
hs096.bch,coconutbenchmark-library2,smearmaxrel,both,complete,1,4,0.005073000000000001,0.01561952524239373,0.015622475322278019,600.0
hs096.bch,coconutbenchmark-library2,smearsum,both,complete,1,4,0.005602000000000003,0.015619525242393736,0.015619525245536624,600.0
hs096.bch,coconutbenchmark-library2,smearsumrel,both,complete,1,4,0.005042000000000001,0.01561952524239373,0.015622475322278019,600.0
hs096.bch,coconutbenchmark-library2,largestfirst,xtaylor,complete,1,4,0.0019460000000000033,0.01561952524239373,0.015622475322278019,600.0
hs096.bch,coconutbenchmark-library2,lsmear,xtaylor,complete,1,4,0.005051000000000005,0.01561952524239373,0.015622475322278019,600.0
hs096.bch,coconutbenchmark-library2,lsmear-box,xtaylor,complete,1,4,0.004986000000000004,0.01561952524239373,0.015622475322278019,600.0
hs096.bch,coconutbenchmark-library2,roundrobin,xtaylor,complete,1,4,0.0019299999999999994,0.01561952524239373,0.015622475322278019,600.0
hs096.bch,coconutbenchmark-library2,smearmax,xtaylor,complete,1,4,0.005310000000000002,0.015619525242393736,0.015619525245536624,600.0
hs096.bch,coconutbenchmark-library2,smearmaxrel,xtaylor,complete,1,4,0.0047580000000000035,0.01561952524239373,0.015622475322278019,600.0
hs096.bch,coconutbenchmark-library2,smearsum,xtaylor,complete,1,4,0.005279000000000001,0.015619525242393736,0.015619525245536624,600.0
hs096.bch,coconutbenchmark-library2,smearsumrel,xtaylor,complete,1,4,0.004737999999999999,0.01561952524239373,0.015622475322278019,600.0
hs097.bch,coconutbenchmark-library2,largestfirst,both,complete,1,6,0.013640000000000003,3.1358091228070095,3.1367929158052976,600.0
hs097.bch,coconutbenchmark-library2,lsmear,both,complete,1,8,0.015186000000000007,3.1358091228070135,3.137803691284331,600.0
hs097.bch,coconutbenchmark-library2,lsmear-box,both,complete,1,8,0.015876000000000008,3.1358091228070135,3.137803691284331,600.0
hs097.bch,coconutbenchmark-library2,roundrobin,both,complete,1,10,0.024203,3.1358091228070095,3.137669783795465,600.0
hs097.bch,coconutbenchmark-library2,smearmax,both,complete,1,10,0.018252000000000008,3.1334784701039076,3.136611948574011,600.0
hs097.bch,coconutbenchmark-library2,smearmaxrel,both,complete,1,12,0.025718000000000008,3.1326764466118697,3.1358091230584813,600.0
hs097.bch,coconutbenchmark-library2,smearsum,both,complete,1,8,0.01761,3.1358091228070135,3.1360005158153856,600.0
hs097.bch,coconutbenchmark-library2,smearsumrel,both,complete,1,6,0.015386,3.1358091228070135,3.1358091230584813,600.0
hs097.bch,coconutbenchmark-library2,largestfirst,xtaylor,complete,1,6,0.011720000000000001,3.1358091228070095,3.1367929158052976,600.0
hs097.bch,coconutbenchmark-library2,lsmear,xtaylor,complete,1,8,0.013348000000000002,3.1358091228070135,3.136203869643762,600.0
hs097.bch,coconutbenchmark-library2,lsmear-box,xtaylor,complete,1,8,0.013289000000000002,3.1358091228070135,3.136203869643762,600.0
hs097.bch,coconutbenchmark-library2,roundrobin,xtaylor,complete,1,10,0.020862000000000016,3.1358091228070095,3.137669783795465,600.0
hs097.bch,coconutbenchmark-library2,smearmax,xtaylor,complete,1,10,0.015833000000000003,3.1334784701039076,3.136611948574011,600.0
hs097.bch,coconutbenchmark-library2,smearmaxrel,xtaylor,complete,1,12,0.022296000000000003,3.1326764466118697,3.1358091230584813,600.0
hs097.bch,coconutbenchmark-library2,smearsum,xtaylor,complete,1,8,0.015483000000000004,3.1358091228070135,3.1360297522460403,600.0
hs097.bch,coconutbenchmark-library2,smearsumrel,xtaylor,complete,1,6,0.013707,3.1358091228070135,3.1358091230584826,600.0
hs098.bch,coconutbenchmark-library2,largestfirst,affine,complete,1,10,0.014251,3.1326764466118706,3.135809123058482,60.0
hs098.bch,coconutbenchmark-library2,lsmear,affine,complete,1,16,0.022805000000000006,3.1341067893853434,3.135809379541367,60.0
hs098.bch,coconutbenchmark-library2,lsmear-box,affine,complete,1,16,0.021878,3.1341067893853434,3.135809379541367,60.0
hs098.bch,coconutbenchmark-library2,roundrobin,affine,complete,1,8,0.008584000000000003,3.132676446611874,3.1358091230584857,60.0
hs098.bch,coconutbenchmark-library2,smearmax,affine,complete,1,12,0.017026000000000003,3.1326764466118697,3.1358091230584813,60.0
hs098.bch,coconutbenchmark-library2,smearmaxrel,affine,complete,1,12,0.017347000000000008,3.1326764466118697,3.1358091230584813,60.0
hs098.bch,coconutbenchmark-library2,smearsum,affine,complete,1,12,0.017187000000000008,3.1326764466118697,3.1358091230584813,60.0
hs098.bch,coconutbenchmark-library2,smearsumrel,affine,complete,1,18,0.03199600000000001,3.13353202956525,3.136665561594815,60.0
hs098.bch,coconutbenchmark-library2,largestfirst,both,complete,1,12,0.023427000000000007,3.1358091228070104,3.1358091230584852,600.0
hs098.bch,coconutbenchmark-library2,lsmear,both,complete,1,4,0.009254000000000002,3.1358091228070135,3.1358091230584852,600.0
hs098.bch,coconutbenchmark-library2,lsmear-box,both,complete,1,4,0.009266,3.1358091228070135,3.1358091230584852,600.0
hs098.bch,coconutbenchmark-library2,roundrobin,both,complete,1,8,0.01674100000000001,3.1358091228070104,3.1358091230584813,600.0
hs098.bch,coconutbenchmark-library2,smearmax,both,complete,1,10,0.020676000000000014,3.13580912280701,3.138178495809661,600.0
hs098.bch,coconutbenchmark-library2,smearmaxrel,both,complete,1,10,0.02102,3.13580912280701,3.138178495809661,600.0
hs098.bch,coconutbenchmark-library2,smearsum,both,complete,1,10,0.020556000000000005,3.13580912280701,3.138178495809661,600.0
hs098.bch,coconutbenchmark-library2,smearsumrel,both,complete,1,8,0.014848000000000002,3.1358091228070095,3.1359595791883317,600.0
hs098.bch,coconutbenchmark-library2,largestfirst,xtaylor,complete,1,12,0.020246,3.1358091228070104,3.1358144772422816,600.0
hs098.bch,coconutbenchmark-library2,lsmear,xtaylor,complete,1,10,0.015601,3.1358091228070135,3.1359842444797454,600.0
hs098.bch,coconutbenchmark-library2,lsmear-box,xtaylor,complete,1,10,0.015584000000000006,3.1358091228070135,3.1359842444797454,600.0
hs098.bch,coconutbenchmark-library2,roundrobin,xtaylor,complete,1,8,0.014351000000000003,3.1358091228070104,3.1358091230584813,600.0
hs098.bch,coconutbenchmark-library2,smearmax,xtaylor,complete,1,14,0.027500000000000004,3.13580912280701,3.135816841730097,600.0
hs098.bch,coconutbenchmark-library2,smearmaxrel,xtaylor,complete,1,14,0.022340000000000006,3.13580912280701,3.136090716209288,600.0
hs098.bch,coconutbenchmark-library2,smearsum,xtaylor,complete,1,14,0.024558000000000007,3.13580912280701,3.1358099605773355,600.0
hs098.bch,coconutbenchmark-library2,smearsumrel,xtaylor,complete,1,6,0.011289,3.135809122807012,3.1360123936295916,600.0
hs099.bch,coconutbenchmark-library2,largestfirst,both,timeout,0,91238,600.0061650000004,-953266609.9587778,-826916984.8896232,600.0
hs099.bch,coconutbenchmark-library2,lsmear,both,complete,1,800,12.002920000000003,-831467547.5105363,-830636079.9630259,600.0
hs099.bch,coconutbenchmark-library2,lsmear-box,both,complete,1,870,13.780318000000001,-831120862.0084443,-830289741.146436,600.0
hs099.bch,coconutbenchmark-library2,roundrobin,both,complete,1,1946,21.589913000000006,-831501060.3898426,-830669559.3294529,600.0
hs099.bch,coconutbenchmark-library2,smearmax,both,complete,1,1056,15.138738000000004,-831143397.4857445,-830312254.0882589,600.0
hs099.bch,coconutbenchmark-library2,smearmaxrel,both,complete,1,4010,60.63695200000001,-831364470.3093466,-830533105.8390373,600.0
hs099.bch,coconutbenchmark-library2,smearsum,both,complete,1,1056,15.626372000000002,-831143397.4857445,-830312254.0882589,600.0
hs099.bch,coconutbenchmark-library2,smearsumrel,both,complete,1,6508,86.40127000000003,-831881955.9192871,-831050073.9633679,600.0
hs099.bch,coconutbenchmark-library2,largestfirst,xtaylor,timeout,0,121306,600.0005920000002,-1000956432.0550745,-813225080.7300541,600.0
hs099.bch,coconutbenchmark-library2,lsmear,xtaylor,complete,1,2892,41.42773200000001,-831204267.8485157,-830373063.5806674,600.0
hs099.bch,coconutbenchmark-library2,lsmear-box,xtaylor,complete,1,2950,42.49409400000001,-831365399.3021445,-830534033.9028425,600.0
hs099.bch,coconutbenchmark-library2,roundrobin,xtaylor,complete,1,8286,98.49968800000003,-831280054.2673992,-830448774.2131319,600.0
hs099.bch,coconutbenchmark-library2,smearmax,xtaylor,complete,1,1948,27.182769000000008,-831851885.9256229,-831020034.0396974,600.0
hs099.bch,coconutbenchmark-library2,smearmaxrel,xtaylor,timeout,0,53804,600.0076080000001,-858032847.4054399,-830653837.5387601,600.0
hs099.bch,coconutbenchmark-library2,smearsum,xtaylor,complete,1,2832,39.17642200000001,-831602299.2443115,-830770696.9450673,600.0
hs099.bch,coconutbenchmark-library2,smearsumrel,xtaylor,timeout,0,43590,600.0048390000002,-850071790.5545412,-830929152.2807024,600.0
hs100.bch,coconutbenchmark-library2,largestfirst,both,timeout,0,561928,600.0017820000002,556.7649662969741,681.5685726017837,600.0
hs100.bch,coconutbenchmark-library2,lsmear,both,complete,1,654,1.4652350000000003,680.3449526857388,681.0252976384244,600.0
hs100.bch,coconutbenchmark-library2,lsmear-box,both,complete,1,608,1.3385780000000005,680.4229547735381,681.1033777283116,600.0
hs100.bch,coconutbenchmark-library2,roundrobin,both,complete,1,954,1.9051250000000004,680.4954905601693,681.1759860507293,600.0
hs100.bch,coconutbenchmark-library2,smearmax,both,complete,1,572,1.2773410000000003,680.4036778281067,681.0840815059346,600.0
hs100.bch,coconutbenchmark-library2,smearmaxrel,both,complete,1,1596,3.118971000000001,680.5457416955946,681.2262874372901,600.0
hs100.bch,coconutbenchmark-library2,smearsum,both,complete,1,736,1.6703120000000005,680.4390771299145,681.1195162070443,600.0
hs100.bch,coconutbenchmark-library2,smearsumrel,both,complete,1,898,1.9103110000000003,680.5721656489467,681.2527378145955,600.0
hs100.bch,coconutbenchmark-library2,largestfirst,xtaylor,timeout,0,546574,600.0008660000002,581.935422221146,694.1868282344785,600.0
hs100.bch,coconutbenchmark-library2,lsmear,xtaylor,complete,1,2552,4.299956000000001,680.3394122865029,681.0197516987893,600.0
hs100.bch,coconutbenchmark-library2,lsmear-box,xtaylor,complete,1,3682,6.019698000000002,680.0787582609157,680.7588370191766,600.0
hs100.bch,coconutbenchmark-library2,roundrobin,xtaylor,complete,1,3704,5.665537000000001,680.2461725118022,680.926418684314,600.0
hs100.bch,coconutbenchmark-library2,smearmax,xtaylor,complete,1,2612,4.249677000000001,680.1908674360117,680.8710583034475,600.0
hs100.bch,coconutbenchmark-library2,smearmaxrel,xtaylor,complete,1,5524,8.636980000000001,680.0750437304551,680.7551187741855,600.0
hs100.bch,coconutbenchmark-library2,smearsum,xtaylor,complete,1,2874,4.829010000000001,680.1646968364569,680.8448615332932,600.0
hs100.bch,coconutbenchmark-library2,smearsumrel,xtaylor,complete,1,3190,5.1795870000000015,680.1684930815295,680.8486615746109,600.0
hs101.bch,coconutbenchmark-library2,largestfirst,both,timeout,0,232186,600.0052160000001,0.0005379999098691905,inf,600.0
hs101.bch,coconutbenchmark-library2,lsmear,both,timeout,0,220886,600.0028080000003,1181.3516129122136,1827.8805018701346,600.0
hs101.bch,coconutbenchmark-library2,lsmear-box,both,timeout,0,212336,600.0041040000002,1144.5395075738643,1836.6258419628393,600.0
hs101.bch,coconutbenchmark-library2,roundrobin,both,timeout,0,271938,600.0010880000002,1305.264779431675,1832.4486038476575,600.0
hs101.bch,coconutbenchmark-library2,smearmax,both,timeout,0,230624,600.0017760000003,1108.4106901923672,1875.2427819370548,600.0
hs101.bch,coconutbenchmark-library2,smearmaxrel,both,timeout,0,248954,600.0009210000003,1164.4863853256302,1811.2081684431282,600.0
hs101.bch,coconutbenchmark-library2,smearsum,both,timeout,0,230076,600.0000390000001,1094.814233833585,1884.1084355442363,600.0
hs101.bch,coconutbenchmark-library2,smearsumrel,both,timeout,0,233220,600.0000710000002,1213.5288529040054,1811.168542276523,600.0
hs101.bch,coconutbenchmark-library2,largestfirst,xtaylor,timeout,0,265308,600.0004920000001,0.0005379999098691905,inf,600.0
hs101.bch,coconutbenchmark-library2,lsmear,xtaylor,timeout,0,255734,600.0010260000001,1168.0062442312756,1847.4497918198747,600.0
hs101.bch,coconutbenchmark-library2,lsmear-box,xtaylor,timeout,0,237478,600.0010000000002,1130.7678383856999,1851.7890928757135,600.0
hs101.bch,coconutbenchmark-library2,roundrobin,xtaylor,timeout,0,309318,600.0029740000002,1273.3157773571077,1851.8961610866909,600.0
hs101.bch,coconutbenchmark-library2,smearmax,xtaylor,timeout,0,256576,600.0031370000003,1094.3783820248989,1891.3053197583934,600.0
hs101.bch,coconutbenchmark-library2,smearmaxrel,xtaylor,timeout,0,292748,600.0033470000003,1152.7093224100786,1813.5087991374758,600.0
hs101.bch,coconutbenchmark-library2,smearsum,xtaylor,timeout,0,259278,600.0005490000002,1087.4408910702964,1895.970675591259,600.0
hs101.bch,coconutbenchmark-library2,smearsumrel,xtaylor,timeout,0,280818,600.0033120000002,1179.0885928853,1810.9676368388625,600.0
hs102.bch,coconutbenchmark-library2,largestfirst,both,timeout,0,269928,600.0008020000001,0.002103832037323579,1622.8529729015722,600.0
hs102.bch,coconutbenchmark-library2,lsmear,both,timeout,0,217054,600.0023650000003,779.3569833701284,913.765320563546,600.0
hs102.bch,coconutbenchmark-library2,lsmear-box,both,timeout,0,207508,600.0021110000002,779.0723009553071,913.7774811702751,600.0
hs102.bch,coconutbenchmark-library2,roundrobin,both,timeout,0,287566,600.0018770000003,794.582984627101,916.7986872558116,600.0
hs102.bch,coconutbenchmark-library2,smearmax,both,timeout,0,236396,600.0034980000003,716.5472457847693,912.5622358809248,600.0
hs102.bch,coconutbenchmark-library2,smearmaxrel,both,timeout,0,242440,600.0010090000002,757.4144008618048,913.2595925827754,600.0
hs102.bch,coconutbenchmark-library2,smearsum,both,timeout,0,230456,600.0047530000003,715.9990465332062,913.4002348779513,600.0
hs102.bch,coconutbenchmark-library2,smearsumrel,both,timeout,0,222084,600.0043950000003,794.0665756756194,912.1639013828975,600.0
hs102.bch,coconutbenchmark-library2,largestfirst,xtaylor,timeout,0,315908,600.0005420000002,0.002103832037323579,1707.7425008623256,600.0
hs102.bch,coconutbenchmark-library2,lsmear,xtaylor,timeout,0,260046,600.0000790000001,724.1860258908929,920.0071139365583,600.0
hs102.bch,coconutbenchmark-library2,lsmear-box,xtaylor,timeout,0,244670,600.0014660000003,722.7091365597441,914.4367212484581,600.0
hs102.bch,coconutbenchmark-library2,roundrobin,xtaylor,timeout,0,319502,600.0001810000003,784.0716225665141,916.1857712979061,600.0
hs102.bch,coconutbenchmark-library2,smearmax,xtaylor,timeout,0,268498,600.0025540000004,698.4132760000351,914.0163664976164,600.0
hs102.bch,coconutbenchmark-library2,smearmaxrel,xtaylor,timeout,0,295674,600.0016710000002,707.3866568426722,912.7324271621507,600.0
hs102.bch,coconutbenchmark-library2,smearsum,xtaylor,timeout,0,265556,600.0020740000002,696.4820668236017,914.8135888102618,600.0
hs102.bch,coconutbenchmark-library2,smearsumrel,xtaylor,timeout,0,289500,600.0023580000002,717.949801099603,912.8993964009749,600.0
hs103.bch,coconutbenchmark-library2,largestfirst,both,timeout,0,244450,600.0040580000002,0.0018966702242093406,inf,600.0
hs103.bch,coconutbenchmark-library2,lsmear,both,complete,1,132738,392.70734500000015,543.2753406021071,543.8186159427091,600.0
hs103.bch,coconutbenchmark-library2,lsmear-box,both,complete,1,137542,416.24257700000015,543.2898368435865,543.8331266804299,600.0
hs103.bch,coconutbenchmark-library2,roundrobin,both,timeout,0,283454,600.0004780000003,512.0824910674413,549.0174407207313,600.0
hs103.bch,coconutbenchmark-library2,smearmax,both,complete,1,212994,579.6344760000002,543.2641167243897,543.807380841114,600.0
hs103.bch,coconutbenchmark-library2,smearmaxrel,both,complete,1,151514,421.0160000000001,543.2778258242442,543.8211036500684,600.0
hs103.bch,coconutbenchmark-library2,smearsum,both,complete,1,200740,551.6523950000002,543.2082657594402,543.7514740251995,600.0
hs103.bch,coconutbenchmark-library2,smearsumrel,both,complete,1,129342,371.4967250000001,543.3011200078596,543.8444211278673,600.0
hs103.bch,coconutbenchmark-library2,largestfirst,xtaylor,timeout,0,320538,600.0016760000001,0.0018966702242093406,1095.3325123714221,600.0
hs103.bch,coconutbenchmark-library2,lsmear,xtaylor,timeout,0,248242,600.0048630000003,534.0935589452299,543.843652943091,600.0
hs103.bch,coconutbenchmark-library2,lsmear-box,xtaylor,timeout,0,242190,600.0013670000003,539.2444325784102,543.8840160676747,600.0
hs103.bch,coconutbenchmark-library2,roundrobin,xtaylor,timeout,0,319896,600.0056710000002,497.10585548908557,544.2407720093313,600.0
hs103.bch,coconutbenchmark-library2,smearmax,xtaylor,timeout,0,268852,600.0054820000001,482.950151966601,544.4614143970682,600.0
hs103.bch,coconutbenchmark-library2,smearmaxrel,xtaylor,timeout,0,257890,600.0020820000002,539.865969295095,543.7918658561383,600.0
hs103.bch,coconutbenchmark-library2,smearsum,xtaylor,timeout,0,270530,600.0060110000002,478.17700360760955,545.5427571806425,600.0
hs103.bch,coconutbenchmark-library2,smearsumrel,xtaylor,complete,1,236280,545.9302350000002,543.2309534695057,543.774184422975,600.0
hs104.bch,coconutbenchmark-library2,largestfirst,both,timeout,0,282296,600.0018050000002,3.6558811323751623,3.9534173060666395,600.0
hs104.bch,coconutbenchmark-library2,lsmear,both,complete,1,394,1.4926000000000006,3.947764003166328,3.9517117671694937,600.0
hs104.bch,coconutbenchmark-library2,lsmear-box,both,complete,1,1184,4.029585000000001,3.950216805560784,3.9541670223663443,600.0
hs104.bch,coconutbenchmark-library2,roundrobin,both,complete,1,882,2.6600870000000008,3.947836816532704,3.951784653349236,600.0
hs104.bch,coconutbenchmark-library2,smearmax,both,complete,1,908,3.337878000000001,3.9500923867150846,3.9540424791017994,600.0
hs104.bch,coconutbenchmark-library2,smearmaxrel,both,complete,1,6882,16.967398000000006,3.948585736359834,3.9525343220961933,600.0
hs104.bch,coconutbenchmark-library2,smearsum,both,complete,1,952,3.553640000000001,3.9499392436848217,3.9538891829285063,600.0
hs104.bch,coconutbenchmark-library2,smearsumrel,both,complete,1,1038,4.037139000000002,3.9507528112051795,3.954703564016384,600.0
hs104.bch,coconutbenchmark-library2,largestfirst,xtaylor,timeout,0,379894,600.0014990000002,3.62146893566952,3.9594686451983607,600.0
hs104.bch,coconutbenchmark-library2,lsmear,xtaylor,complete,1,1070,3.3066420000000005,3.9479444329110747,3.9518923773439854,600.0
hs104.bch,coconutbenchmark-library2,lsmear-box,xtaylor,complete,1,1782,4.218177000000002,3.9482886089023776,3.9522368975112796,600.0
hs104.bch,coconutbenchmark-library2,roundrobin,xtaylor,complete,1,1790,3.895946000000001,3.9482078426908047,3.952156050533495,600.0
hs104.bch,coconutbenchmark-library2,smearmax,xtaylor,complete,1,2050,5.751127000000002,3.948569138765721,3.9525177079044864,600.0
hs104.bch,coconutbenchmark-library2,smearmaxrel,xtaylor,complete,1,10202,23.118252000000005,3.9485522432740714,3.952500795517345,600.0
hs104.bch,coconutbenchmark-library2,smearsum,xtaylor,complete,1,2816,7.326056000000002,3.9488759701578764,3.952824846128034,600.0
hs104.bch,coconutbenchmark-library2,smearsumrel,xtaylor,complete,1,2198,5.674048000000001,3.9487656275166225,3.952714393144139,600.0
hs106.bch,coconutbenchmark-library2,largestfirst,both,timeout,0,170870,600.0115030000002,4114.09319921725,7052.130115199267,600.0
hs106.bch,coconutbenchmark-library2,lsmear,both,complete,1,64,0.19657000000000008,7045.679159490428,7052.724838649918,600.0
hs106.bch,coconutbenchmark-library2,lsmear-box,both,complete,1,64,0.19706800000000005,7045.679159490428,7052.724838649918,600.0
hs106.bch,coconutbenchmark-library2,roundrobin,both,complete,1,100,0.3052120000000001,7045.098206777465,7052.143304984242,600.0
hs106.bch,coconutbenchmark-library2,smearmax,both,complete,1,104,0.30178400000000005,7045.382465147474,7052.427847612621,600.0
hs106.bch,coconutbenchmark-library2,smearmaxrel,both,complete,1,210,0.5977240000000001,7046.517311656061,7053.563828967716,600.0
hs106.bch,coconutbenchmark-library2,smearsum,both,complete,1,106,0.30009700000000006,7045.443616765424,7052.489060382189,600.0
hs106.bch,coconutbenchmark-library2,smearsumrel,both,complete,1,84,0.2974740000000001,7047.944702261965,7054.992646964226,600.0
hs106.bch,coconutbenchmark-library2,largestfirst,xtaylor,timeout,0,185052,600.0001040000002,4135.394586007819,7054.406462245629,600.0
hs106.bch,coconutbenchmark-library2,lsmear,xtaylor,complete,1,74,0.21065100000000006,7047.2026971823825,7054.2498998795645,600.0
hs106.bch,coconutbenchmark-library2,lsmear-box,xtaylor,complete,1,104,0.29038300000000006,7046.492389836103,7053.538882225938,600.0
hs106.bch,coconutbenchmark-library2,roundrobin,xtaylor,complete,1,108,0.2897100000000001,7048.475629003414,7055.524104632416,600.0
hs106.bch,coconutbenchmark-library2,smearmax,xtaylor,complete,1,110,0.25792600000000004,7042.860245130039,7049.903105375169,600.0
hs106.bch,coconutbenchmark-library2,smearmaxrel,xtaylor,complete,1,244,0.6808430000000002,7046.893816092787,7053.940709908879,600.0
hs106.bch,coconutbenchmark-library2,smearsum,xtaylor,complete,1,106,0.2945380000000001,7043.220635020705,7050.263855655725,600.0
hs106.bch,coconutbenchmark-library2,smearsumrel,xtaylor,complete,1,78,0.23129700000000009,7045.0771905982265,7052.122267788824,600.0
hs107.bch,coconutbenchmark-library2,largestfirst,both,timeout,0,369596,600.0001250000001,0,inf,600.0
hs107.bch,coconutbenchmark-library2,lsmear,both,timeout,0,103528,600.0066920000002,0,inf,600.0
hs107.bch,coconutbenchmark-library2,lsmear-box,both,timeout,0,105276,600.0035000000003,0,inf,600.0
hs107.bch,coconutbenchmark-library2,roundrobin,both,timeout,0,363262,600.0017410000003,0,inf,600.0
hs107.bch,coconutbenchmark-library2,smearmax,both,timeout,0,343740,600.0016240000003,0,inf,600.0
hs107.bch,coconutbenchmark-library2,smearmaxrel,both,timeout,0,94144,600.0150220000002,0,inf,600.0
hs107.bch,coconutbenchmark-library2,smearsum,both,timeout,0,344730,600.0010760000002,0,inf,600.0
hs107.bch,coconutbenchmark-library2,smearsumrel,both,timeout,0,91978,600.0163830000002,0,inf,600.0
hs107.bch,coconutbenchmark-library2,largestfirst,xtaylor,timeout,0,376348,600.0001130000002,0,inf,600.0
hs107.bch,coconutbenchmark-library2,lsmear,xtaylor,timeout,0,121534,600.0003390000003,0,inf,600.0
hs107.bch,coconutbenchmark-library2,lsmear-box,xtaylor,timeout,0,139010,600.0035550000002,0,5145.6866848172585,600.0
hs107.bch,coconutbenchmark-library2,roundrobin,xtaylor,timeout,0,410534,600.0010930000003,0,inf,600.0
hs107.bch,coconutbenchmark-library2,smearmax,xtaylor,timeout,0,412510,600.0001180000002,0,inf,600.0
hs107.bch,coconutbenchmark-library2,smearmaxrel,xtaylor,timeout,0,106852,600.0020320000001,0,inf,600.0
hs107.bch,coconutbenchmark-library2,smearsum,xtaylor,timeout,0,413854,600.0018770000001,0,inf,600.0
hs107.bch,coconutbenchmark-library2,smearsumrel,xtaylor,timeout,0,101270,600.0026000000003,0,inf,600.0
hs108.bch,coconutbenchmark-library2,largestfirst,both,timeout,0,467434,600.0007830000002,-2.659724280408523,-0.7908738744663949,600.0
hs108.bch,coconutbenchmark-library2,lsmear,both,complete,1,31290,92.95068900000004,-0.8667443483506241,-0.8658776040022735,600.0
hs108.bch,coconutbenchmark-library2,lsmear-box,both,complete,1,29648,97.18461400000002,-0.8668583558929913,-0.8659914975370984,600.0
hs108.bch,coconutbenchmark-library2,roundrobin,both,complete,1,32758,104.88086400000002,-0.8668548319123934,-0.8659879770804811,600.0
hs108.bch,coconutbenchmark-library2,smearmax,both,complete,1,22378,73.73976600000002,-0.8668419816273271,-0.8659751396456998,600.0
hs108.bch,coconutbenchmark-library2,smearmaxrel,both,timeout,0,198682,600.0051990000002,-1.02063139929834,-0.8660158087601112,600.0
hs108.bch,coconutbenchmark-library2,smearsum,both,complete,1,20152,72.05102200000002,-0.8668716904936781,-0.8660048188031845,600.0
hs108.bch,coconutbenchmark-library2,smearsumrel,both,timeout,0,157650,600.0000810000001,-0.8699769981302853,-0.8660193683754273,600.0
hs108.bch,coconutbenchmark-library2,largestfirst,xtaylor,timeout,0,616906,600.0014580000002,-2.6852342498999002,-0.6598486013744345,600.0
hs108.bch,coconutbenchmark-library2,lsmear,xtaylor,complete,1,39984,123.28116900000005,-0.8667811174031941,-0.865914336285791,600.0
hs108.bch,coconutbenchmark-library2,lsmear-box,xtaylor,complete,1,41648,131.62247200000004,-0.8667885817312272,-0.865921793149496,600.0
hs108.bch,coconutbenchmark-library2,roundrobin,xtaylor,complete,1,42618,123.59090700000003,-0.8668737255317374,-0.8660068518062057,600.0
hs108.bch,coconutbenchmark-library2,smearmax,xtaylor,complete,1,30220,101.74811400000004,-0.866777310038795,-0.8659105327287563,600.0
hs108.bch,coconutbenchmark-library2,smearmaxrel,xtaylor,timeout,0,245174,600.0003140000002,-1.0496702591164946,-0.8660089409028892,600.0
hs108.bch,coconutbenchmark-library2,smearsum,xtaylor,complete,1,31308,95.25913000000003,-0.8667765494367625,-0.8659097728873258,600.0
hs108.bch,coconutbenchmark-library2,smearsumrel,xtaylor,timeout,0,176482,600.0013810000003,-0.9218543819899258,-0.8659999317976721,600.0
hs109.bch,coconutbenchmark-library2,largestfirst,both,complete,1,254,1.4293180000000005,5323.772054840715,5329.095826895555,600.0
hs109.bch,coconutbenchmark-library2,lsmear,both,complete,1,152,0.8437910000000003,5326.6344215237405,5328.128974244462,600.0
hs109.bch,coconutbenchmark-library2,lsmear-box,both,complete,1,160,0.8601250000000003,5326.6344215237405,5327.801015711644,600.0
hs109.bch,coconutbenchmark-library2,roundrobin,both,complete,1,146,0.7382910000000001,5323.204235984983,5328.527440220967,600.0
hs109.bch,coconutbenchmark-library2,smearmax,both,complete,1,132,0.7166990000000003,5321.716504334154,5327.038220838487,600.0
hs109.bch,coconutbenchmark-library2,smearmaxrel,both,complete,1,174,0.9594700000000003,5321.5328721223195,5326.854404994441,600.0
hs109.bch,coconutbenchmark-library2,smearsum,both,complete,1,142,0.8218520000000002,5325.38840039831,5330.713788798707,600.0
hs109.bch,coconutbenchmark-library2,smearsumrel,both,complete,1,166,0.9385920000000003,5321.541861965643,5326.863403827608,600.0
hs109.bch,coconutbenchmark-library2,largestfirst,xtaylor,complete,1,254,1.1631880000000003,5322.202351393865,5327.524553745257,600.0
hs109.bch,coconutbenchmark-library2,lsmear,xtaylor,complete,1,192,0.8964390000000002,5326.055437153095,5326.955937276354,600.0
hs109.bch,coconutbenchmark-library2,lsmear-box,xtaylor,complete,1,192,0.8922220000000002,5326.055437153095,5326.955937276354,600.0
hs109.bch,coconutbenchmark-library2,roundrobin,xtaylor,complete,1,160,0.7202910000000002,5321.550466960713,5326.872017427672,600.0
hs109.bch,coconutbenchmark-library2,smearmax,xtaylor,complete,1,368,1.7172640000000003,5322.216800340015,5327.539017140354,600.0
hs109.bch,coconutbenchmark-library2,smearmaxrel,xtaylor,complete,1,246,1.1598730000000004,5324.047479071805,5329.371526550876,600.0
hs109.bch,coconutbenchmark-library2,smearsum,xtaylor,complete,1,244,1.2779320000000003,5321.716421003905,5327.038137424908,600.0
hs109.bch,coconutbenchmark-library2,smearsumrel,xtaylor,complete,1,274,1.3617890000000004,5322.0746992529175,5327.3967739521695,600.0
hs110.bch,coconutbenchmark-library2,largestfirst,both,timeout,0,763746,600.0008460000003,-80.48978569809535,-42.841762990128416,600.0
hs110.bch,coconutbenchmark-library2,lsmear,both,timeout,0,555874,600.0009900000002,-49.47577300744796,-45.65669876361967,600.0
hs110.bch,coconutbenchmark-library2,lsmear-box,both,timeout,0,556410,600.0020370000002,-49.47219222532653,-45.65669876361967,600.0
hs110.bch,coconutbenchmark-library2,roundrobin,both,timeout,0,704362,600.0001660000004,-47.43481591359559,-45.67573592662879,600.0
hs110.bch,coconutbenchmark-library2,smearmax,both,timeout,0,586670,600.0009940000002,-49.394130390509844,-45.604008448565345,600.0
hs110.bch,coconutbenchmark-library2,smearmaxrel,both,timeout,0,591212,600.0013890000001,-49.3887511552513,-45.65669876361967,600.0
hs110.bch,coconutbenchmark-library2,smearsum,both,timeout,0,590224,600.0019480000001,-49.39095665785671,-45.604008448565345,600.0
hs110.bch,coconutbenchmark-library2,smearsumrel,both,timeout,0,587280,600.0012190000002,-49.39319243528894,-45.65669876361967,600.0
hs110.bch,coconutbenchmark-library2,largestfirst,xtaylor,timeout,0,897770,600.0009400000004,-80.48978569809535,-42.9786023135857,600.0
hs110.bch,coconutbenchmark-library2,lsmear,xtaylor,timeout,0,593196,600.0006500000001,-49.705480590013096,-45.51797829560827,600.0
hs110.bch,coconutbenchmark-library2,lsmear-box,xtaylor,timeout,0,592426,600.0019370000002,-49.7062289369382,-45.51797829560827,600.0
hs110.bch,coconutbenchmark-library2,roundrobin,xtaylor,timeout,0,728942,600.0007730000003,-47.48369027596539,-45.66696170469783,600.0
hs110.bch,coconutbenchmark-library2,smearmax,xtaylor,timeout,0,621752,600.0013980000002,-49.67737032532211,-45.630092544377135,600.0
hs110.bch,coconutbenchmark-library2,smearmaxrel,xtaylor,timeout,0,622108,600.0014450000001,-49.68900371176993,-45.51797829560827,600.0
hs110.bch,coconutbenchmark-library2,smearsum,xtaylor,timeout,0,621582,600.0010290000001,-49.67737032532211,-45.630092544377135,600.0
hs110.bch,coconutbenchmark-library2,smearsumrel,xtaylor,timeout,0,623504,600.0017960000001,-49.687598097117004,-45.51797829560827,600.0
hs111.bch,coconutbenchmark-library2,largestfirst,both,timeout,0,247956,600.0029730000001,-881.3988074579172,-45.54825572315771,600.0
hs111.bch,coconutbenchmark-library2,lsmear,both,timeout,0,194898,600.0017010000003,-407.3639659004094,-47.71581258050772,600.0
hs111.bch,coconutbenchmark-library2,lsmear-box,both,timeout,0,184138,600.0040520000002,-233.83034547013867,-47.549662748799726,600.0
hs111.bch,coconutbenchmark-library2,roundrobin,both,timeout,0,275608,600.0033390000003,-233.16807322347168,-47.55523603238075,600.0
hs111.bch,coconutbenchmark-library2,smearmax,both,timeout,0,187386,600.0016970000003,-233.40719707637794,-47.615343226453206,600.0
hs111.bch,coconutbenchmark-library2,smearmaxrel,both,timeout,0,219956,600.0048750000001,-457.18723467171367,-47.5936688252291,600.0
hs111.bch,coconutbenchmark-library2,smearsum,both,timeout,0,184988,600.0035340000003,-234.33256387943717,-47.59366460391178,600.0
hs111.bch,coconutbenchmark-library2,smearsumrel,both,timeout,0,199932,600.0074070000002,-407.3495662418468,-47.649297240576516,600.0
hs111.bch,coconutbenchmark-library2,largestfirst,xtaylor,timeout,0,339016,600.0030020000003,-881.5090318192771,-45.62302841443456,600.0
hs111.bch,coconutbenchmark-library2,lsmear,xtaylor,timeout,0,269858,600.0040270000002,-433.61798573586333,-47.51047980502394,600.0
hs111.bch,coconutbenchmark-library2,lsmear-box,xtaylor,timeout,0,249704,600.0045980000002,-213.08174755520045,-47.536709821086,600.0
hs111.bch,coconutbenchmark-library2,roundrobin,xtaylor,timeout,0,325224,600.0031890000002,-228.5583617118833,-47.49174651735829,600.0
hs111.bch,coconutbenchmark-library2,smearmax,xtaylor,timeout,0,248992,600.0046210000003,-216.70705539899998,-47.584355917152024,600.0
hs111.bch,coconutbenchmark-library2,smearmaxrel,xtaylor,timeout,0,261622,600.0004840000003,-585.249301988446,-47.69111180873813,600.0
hs111.bch,coconutbenchmark-library2,smearsum,xtaylor,timeout,0,239854,600.0023000000003,-219.41162065161987,-47.548882561564085,600.0
hs111.bch,coconutbenchmark-library2,smearsumrel,xtaylor,timeout,0,250596,600.0000070000003,-433.5080468634815,-47.447779926881765,600.0
hs112.bch,coconutbenchmark-library2,largestfirst,both,timeout,0,288748,600.0019030000001,-246.1835815696617,-47.599058883555045,600.0
hs112.bch,coconutbenchmark-library2,lsmear,both,timeout,0,227308,600.0018340000003,-51.3831304562644,-47.75124019225474,600.0
hs112.bch,coconutbenchmark-library2,lsmear-box,both,timeout,0,228684,600.0016990000003,-50.7353005655341,-47.75124025057409,600.0
hs112.bch,coconutbenchmark-library2,roundrobin,both,timeout,0,310616,600.0007720000001,-54.456120552291026,-47.70947601455587,600.0
hs112.bch,coconutbenchmark-library2,smearmax,both,timeout,0,240150,600.0022950000002,-51.404546118084255,-47.74904311109366,600.0
hs112.bch,coconutbenchmark-library2,smearmaxrel,both,timeout,0,270568,600.0024430000002,-56.14653646234589,-47.73312288087392,600.0
hs112.bch,coconutbenchmark-library2,smearsum,both,timeout,0,236988,600.0050560000002,-51.50524035650587,-47.74902263902216,600.0
hs112.bch,coconutbenchmark-library2,smearsumrel,both,timeout,0,269888,600.0040280000001,-54.01634723750129,-47.75027224210241,600.0
hs112.bch,coconutbenchmark-library2,largestfirst,xtaylor,timeout,0,472340,600.0001500000002,-246.70379800530003,-47.56388420729446,600.0
hs112.bch,coconutbenchmark-library2,lsmear,xtaylor,timeout,0,389132,600.0011860000002,-68.47380517755674,-47.70666222138818,600.0
hs112.bch,coconutbenchmark-library2,lsmear-box,xtaylor,timeout,0,398032,600.0028210000002,-67.44963323962428,-47.72602003630634,600.0
hs112.bch,coconutbenchmark-library2,roundrobin,xtaylor,timeout,0,489038,600.0024730000002,-65.64174931047592,-47.69255340329204,600.0
hs112.bch,coconutbenchmark-library2,smearmax,xtaylor,timeout,0,412714,600.0002010000002,-68.1675144936932,-47.70171075607643,600.0
hs112.bch,coconutbenchmark-library2,smearmaxrel,xtaylor,timeout,0,389460,600.0009950000002,-74.3667007747744,-47.67383725790138,600.0
hs112.bch,coconutbenchmark-library2,smearsum,xtaylor,timeout,0,421410,600.0026120000001,-68.10118475650799,-47.70171075607643,600.0
hs112.bch,coconutbenchmark-library2,smearsumrel,xtaylor,timeout,0,445946,600.0007430000002,-70.85934436049052,-47.735237868507916,600.0
hs113.bch,coconutbenchmark-library2,largestfirst,both,timeout,0,204306,600.0052600000001,-10.117897690671583,27.670480811868067,600.0
hs113.bch,coconutbenchmark-library2,lsmear,both,complete,1,796,2.640765000000001,24.29586748518843,24.320163352673617,600.0
hs113.bch,coconutbenchmark-library2,lsmear-box,both,complete,1,796,2.645896000000001,24.29586748518843,24.320163352673617,600.0
hs113.bch,coconutbenchmark-library2,roundrobin,both,complete,1,418,1.6043460000000003,24.28844782361297,24.312736271436577,600.0
hs113.bch,coconutbenchmark-library2,smearmax,both,complete,1,844,2.9002210000000006,24.301564763573936,24.325866328337504,600.0
hs113.bch,coconutbenchmark-library2,smearmaxrel,both,complete,1,684,2.5431080000000006,24.29235244019836,24.316644792638556,600.0
hs113.bch,coconutbenchmark-library2,smearsum,both,complete,1,690,2.237867000000001,24.296717415101924,24.32101413251702,600.0
hs113.bch,coconutbenchmark-library2,smearsumrel,both,complete,1,552,1.8293720000000004,24.30385880081957,24.328162659620386,600.0
hs113.bch,coconutbenchmark-library2,largestfirst,xtaylor,timeout,0,402596,600.0015280000001,-8.44226679882613,25.481709022098894,600.0
hs113.bch,coconutbenchmark-library2,lsmear,xtaylor,complete,1,5254,15.283538000000002,24.292505718680314,24.31679822439899,600.0
hs113.bch,coconutbenchmark-library2,lsmear-box,xtaylor,complete,1,6088,17.796644000000004,24.292378362466938,24.3166707408294,600.0
hs113.bch,coconutbenchmark-library2,roundrobin,xtaylor,complete,1,5084,14.584817000000003,24.29133885669868,24.315630195555375,600.0
hs113.bch,coconutbenchmark-library2,smearmax,xtaylor,complete,1,5930,17.81228000000001,24.28926071615822,24.313549976874377,600.0
hs113.bch,coconutbenchmark-library2,smearmaxrel,xtaylor,complete,1,14794,37.20617900000001,24.28928211108547,24.31357139319655,600.0
hs113.bch,coconutbenchmark-library2,smearsum,xtaylor,complete,1,6256,18.930423000000008,24.284683627526338,24.308968311153862,600.0
hs113.bch,coconutbenchmark-library2,smearsumrel,xtaylor,complete,1,47288,117.31475700000003,24.285454062169,24.309739516231165,600.0
hs114.bch,coconutbenchmark-library2,largestfirst,both,timeout,0,244888,600.0029560000002,-2109.195970282104,-1752.360553322109,600.0
hs114.bch,coconutbenchmark-library2,lsmear,both,complete,1,158,0.5946840000000001,-1769.3771402373065,-1767.6077630970694,600.0
hs114.bch,coconutbenchmark-library2,lsmear-box,both,complete,1,160,0.5908530000000003,-1769.5969792850792,-1767.8273823057943,600.0
hs114.bch,coconutbenchmark-library2,roundrobin,both,complete,1,796,2.3371210000000007,-1769.7624516953813,-1767.992689243686,600.0
hs114.bch,coconutbenchmark-library2,smearmax,both,complete,1,332,1.1279170000000003,-1770.159161200943,-1768.389002039742,600.0
hs114.bch,coconutbenchmark-library2,smearmaxrel,both,complete,1,880,2.292750000000001,-1769.7145772460049,-1767.944862668759,600.0
hs114.bch,coconutbenchmark-library2,smearsum,both,complete,1,568,1.9728500000000007,-1769.5726823585499,-1767.8031096761915,600.0
hs114.bch,coconutbenchmark-library2,smearsumrel,both,complete,1,868,2.750555000000001,-1769.1758183762665,-1768.3266509678078,600.0
hs114.bch,coconutbenchmark-library2,largestfirst,xtaylor,timeout,0,342028,600.0013420000002,-2206.8238094777153,-1693.185231913023,600.0
hs114.bch,coconutbenchmark-library2,lsmear,xtaylor,complete,1,290,0.9156250000000001,-1770.5725839626248,-1768.8020113786624,600.0
hs114.bch,coconutbenchmark-library2,lsmear-box,xtaylor,complete,1,230,0.7351260000000003,-1770.265433821603,-1768.4951683877816,600.0
hs114.bch,coconutbenchmark-library2,roundrobin,xtaylor,complete,1,408,1.1263100000000004,-1770.1286433131845,-1768.3585146698715,600.0
hs114.bch,coconutbenchmark-library2,smearmax,xtaylor,complete,1,776,2.0572240000000006,-1768.9982695597869,-1767.2292712902272,600.0
hs114.bch,coconutbenchmark-library2,smearmaxrel,xtaylor,complete,1,1302,3.147403000000001,-1770.4998268501058,-1768.7293270232558,600.0
hs114.bch,coconutbenchmark-library2,smearsum,xtaylor,complete,1,752,2.0955210000000006,-1769.201217418216,-1767.432016200798,600.0
hs114.bch,coconutbenchmark-library2,smearsumrel,xtaylor,complete,1,1346,3.616271000000001,-1769.6819611468084,-1767.9122791856616,600.0
hs116.bch,coconutbenchmark-library2,largestfirst,both,timeout,0,686456,600.0003340000002,97.4820485609727,97.64329806675408,600.0
hs116.bch,coconutbenchmark-library2,lsmear,both,complete,1,74,0.3593560000000001,97.55640558757204,97.6539619931596,600.0
hs116.bch,coconutbenchmark-library2,lsmear-box,both,complete,1,74,0.3626190000000001,97.55640558757204,97.6539619931596,600.0
hs116.bch,coconutbenchmark-library2,roundrobin,both,complete,1,100,0.5413860000000001,97.5208600799105,97.6183809399904,600.0
hs116.bch,coconutbenchmark-library2,smearmax,both,complete,1,202,1.0279430000000005,97.50657422286879,97.60408079709164,600.0
hs116.bch,coconutbenchmark-library2,smearmaxrel,both,complete,1,332,1.4508690000000004,97.54931283587747,97.64686214871334,600.0
hs116.bch,coconutbenchmark-library2,smearsum,both,complete,1,92,0.4321430000000001,97.57427413338061,97.67184840751398,600.0
hs116.bch,coconutbenchmark-library2,smearsumrel,both,complete,1,120,0.5488580000000002,97.52123914898021,97.61876038812917,600.0
hs116.bch,coconutbenchmark-library2,largestfirst,xtaylor,timeout,0,78748,600.0117310000002,82.0601873932544,99.2426021856233,600.0
hs116.bch,coconutbenchmark-library2,lsmear,xtaylor,complete,1,64,0.24388400000000007,97.51654414678116,97.61406069092793,600.0
hs116.bch,coconutbenchmark-library2,lsmear-box,xtaylor,complete,1,64,0.248816,97.51654414678116,97.61406069092793,600.0
hs116.bch,coconutbenchmark-library2,roundrobin,xtaylor,complete,1,108,0.45057600000000014,97.54210042619692,97.6396425266231,600.0
hs116.bch,coconutbenchmark-library2,smearmax,xtaylor,complete,1,234,1.0993490000000004,97.58061202892324,97.6676796995187,600.0
hs116.bch,coconutbenchmark-library2,smearmaxrel,xtaylor,complete,1,340,1.4461920000000006,97.49351958725674,97.59101310684399,600.0
hs116.bch,coconutbenchmark-library2,smearsum,xtaylor,complete,1,144,0.6498760000000002,97.58011671760413,97.64738970596778,600.0
hs116.bch,coconutbenchmark-library2,smearsumrel,xtaylor,complete,1,68,0.2513830000000001,97.51458516310909,97.61209974827219,600.0
hs117.bch,coconutbenchmark-library2,largestfirst,both,timeout,0,138520,600.0201100000002,-117839.5562903793,47.227868856078835,600.0
hs117.bch,coconutbenchmark-library2,lsmear,both,complete,1,9160,59.49838300000001,32.31961826666645,32.35193788493311,600.0
hs117.bch,coconutbenchmark-library2,lsmear-box,both,complete,1,9376,60.60235200000001,32.31884819934164,32.35116704754097,600.0
hs117.bch,coconutbenchmark-library2,roundrobin,both,complete,1,104656,509.42514800000015,32.31929919894948,32.35161849814842,600.0
hs117.bch,coconutbenchmark-library2,smearmax,both,complete,1,30382,187.52777100000003,32.32095440478849,32.35327535919327,600.0
hs117.bch,coconutbenchmark-library2,smearmaxrel,both,complete,1,66976,340.3429070000001,32.31955897904684,32.35187853802588,600.0
hs117.bch,coconutbenchmark-library2,smearsum,both,complete,1,16046,101.58621300000003,32.32018173754863,32.35250191928617,600.0
hs117.bch,coconutbenchmark-library2,smearsumrel,both,complete,1,27324,146.63059700000005,32.31794545908539,32.350263404544464,600.0
hs117.bch,coconutbenchmark-library2,largestfirst,xtaylor,timeout,0,188306,600.0060180000002,-274552.6284214491,47.22786885569295,600.0
hs117.bch,coconutbenchmark-library2,lsmear,xtaylor,complete,1,16692,90.41125500000003,32.31866398404455,32.350982648028584,600.0
hs117.bch,coconutbenchmark-library2,lsmear-box,xtaylor,complete,1,17158,92.34929100000004,32.31801171162934,32.35032972334096,600.0
hs117.bch,coconutbenchmark-library2,roundrobin,xtaylor,timeout,0,138602,600.0005000000002,32.14191965126936,32.35159345390462,600.0
hs117.bch,coconutbenchmark-library2,smearmax,xtaylor,complete,1,58360,297.5181330000001,32.31796071538134,32.350278676096714,600.0
hs117.bch,coconutbenchmark-library2,smearmaxrel,xtaylor,timeout,0,175496,600.0021290000001,-144.85670602497532,35.71747039370789,600.0
hs117.bch,coconutbenchmark-library2,smearsum,xtaylor,complete,1,35424,181.32857400000006,32.3173999387797,32.34971733871847,600.0
hs117.bch,coconutbenchmark-library2,smearsumrel,xtaylor,complete,1,90176,388.05388100000016,32.31961807331553,32.35193769138884,600.0
hs118.bch,coconutbenchmark-library2,largestfirst,both,timeout,0,375816,600.0034980000004,664.6507420080317,inf,600.0
hs118.bch,coconutbenchmark-library2,lsmear,both,timeout,0,618696,600.0001390000002,664.8204499355431,inf,600.0
hs118.bch,coconutbenchmark-library2,lsmear-box,both,timeout,0,620908,600.0001330000002,664.8204499355431,inf,600.0
hs118.bch,coconutbenchmark-library2,roundrobin,both,timeout,0,825010,600.0008870000001,664.8204499355435,inf,600.0
hs118.bch,coconutbenchmark-library2,smearmax,both,timeout,0,603574,600.0032480000002,664.8204499355427,inf,600.0
hs118.bch,coconutbenchmark-library2,smearmaxrel,both,timeout,0,501474,600.0001410000002,664.8183886672095,inf,600.0
hs118.bch,coconutbenchmark-library2,smearsum,both,timeout,0,523280,600.0004380000003,664.8204499355435,inf,600.0
hs118.bch,coconutbenchmark-library2,smearsumrel,both,timeout,0,690910,600.0037260000001,664.8204499355431,inf,600.0
hs118.bch,coconutbenchmark-library2,largestfirst,xtaylor,timeout,0,467394,600.0010490000002,664.5123348405917,inf,600.0
hs118.bch,coconutbenchmark-library2,lsmear,xtaylor,timeout,0,866220,600.0003210000003,664.820449935543,inf,600.0
hs118.bch,coconutbenchmark-library2,lsmear-box,xtaylor,timeout,0,863988,600.0003520000002,664.820449935543,inf,600.0
hs118.bch,coconutbenchmark-library2,roundrobin,xtaylor,timeout,0,870620,600.0022240000002,664.8204499354389,inf,600.0
hs118.bch,coconutbenchmark-library2,smearmax,xtaylor,timeout,0,822912,600.0002890000002,664.8204499355365,inf,600.0
hs118.bch,coconutbenchmark-library2,smearmaxrel,xtaylor,timeout,0,609718,600.0003210000003,664.816016879256,inf,600.0
hs118.bch,coconutbenchmark-library2,smearsum,xtaylor,timeout,0,732254,600.0005920000002,664.8204499355436,inf,600.0
hs118.bch,coconutbenchmark-library2,smearsumrel,xtaylor,timeout,0,1013720,600.0001670000001,664.820449935543,inf,600.0
hs119.bch,coconutbenchmark-library2,largestfirst,both,timeout,0,144756,600.0058460000002,51.0625,252.27123468118077,600.0
hs119.bch,coconutbenchmark-library2,lsmear,both,complete,1,606,6.1103260000000015,244.78101252790668,245.02579354043456,600.0
hs119.bch,coconutbenchmark-library2,lsmear-box,both,complete,1,766,6.8639420000000015,244.78044477206512,245.02522521683716,600.0
hs119.bch,coconutbenchmark-library2,roundrobin,both,complete,1,878,8.798129000000001,244.67810866283241,244.92278677149523,600.0
hs119.bch,coconutbenchmark-library2,smearmax,both,complete,1,576,5.952786000000002,244.71204236496285,244.9567544073278,600.0
hs119.bch,coconutbenchmark-library2,smearmaxrel,both,complete,1,1034,12.126436000000004,244.77125270311603,245.01602395581912,600.0
hs119.bch,coconutbenchmark-library2,smearsum,both,complete,1,544,5.327988000000001,244.68273801240542,244.9274207504178,600.0
hs119.bch,coconutbenchmark-library2,smearsumrel,both,complete,1,716,8.758879000000002,244.66560294976668,244.91026855271642,600.0
hs119.bch,coconutbenchmark-library2,largestfirst,xtaylor,timeout,0,171618,600.0044090000001,51.0625,252.27123468118054,600.0
hs119.bch,coconutbenchmark-library2,lsmear,xtaylor,complete,1,2628,20.155454000000002,244.7110188930155,244.9557299119085,600.0
hs119.bch,coconutbenchmark-library2,lsmear-box,xtaylor,complete,1,3130,23.096820000000008,244.67920490348772,244.92388410839118,600.0
hs119.bch,coconutbenchmark-library2,roundrobin,xtaylor,complete,1,2280,20.344167000000006,244.68733534793392,244.93202268328184,600.0
hs119.bch,coconutbenchmark-library2,smearmax,xtaylor,complete,1,1454,13.014119000000003,244.67540624008942,244.9200816463295,600.0
hs119.bch,coconutbenchmark-library2,smearmaxrel,xtaylor,complete,1,2442,26.015303000000003,244.68573800817992,244.93042374618807,600.0
hs119.bch,coconutbenchmark-library2,smearsum,xtaylor,complete,1,1414,12.758123000000003,244.70617527708265,244.9508814523597,600.0
hs119.bch,coconutbenchmark-library2,smearsumrel,xtaylor,complete,1,1616,18.23932200000001,244.72228101151777,244.96700329252926,600.0
hs21mod.bch,coconutbenchmark-library2,largestfirst,both,complete,1,64,0.05304500000000001,-95.96000000000001,-95.95567090095341,600.0
hs21mod.bch,coconutbenchmark-library2,lsmear,both,complete,1,14,0.011028000000000005,-95.96000000000001,-95.96,600.0
hs21mod.bch,coconutbenchmark-library2,lsmear-box,both,complete,1,14,0.011025000000000002,-95.96000000000001,-95.96,600.0
hs21mod.bch,coconutbenchmark-library2,roundrobin,both,complete,1,10,0.007780000000000002,-95.96000000000001,-95.9370677171251,600.0
hs21mod.bch,coconutbenchmark-library2,smearmax,both,complete,1,10,0.007294000000000002,-95.96000000000001,-95.94278663435102,600.0
hs21mod.bch,coconutbenchmark-library2,smearmaxrel,both,complete,1,14,0.010530000000000001,-95.96000000000001,-95.96,600.0
hs21mod.bch,coconutbenchmark-library2,smearsum,both,complete,1,10,0.0073190000000000035,-95.96000000000001,-95.94278663435102,600.0
hs21mod.bch,coconutbenchmark-library2,smearsumrel,both,complete,1,14,0.010507000000000004,-95.96000000000001,-95.96,600.0
hs21mod.bch,coconutbenchmark-library2,largestfirst,xtaylor,complete,1,64,0.04663900000000001,-95.96000000000001,-95.95567090095341,600.0
hs21mod.bch,coconutbenchmark-library2,lsmear,xtaylor,complete,1,14,0.011154,-95.96000000000001,-95.96,600.0
hs21mod.bch,coconutbenchmark-library2,lsmear-box,xtaylor,complete,1,14,0.010274000000000002,-95.96000000000001,-95.96,600.0
hs21mod.bch,coconutbenchmark-library2,roundrobin,xtaylor,complete,1,10,0.007171000000000001,-95.96000000000001,-95.9370677171251,600.0
hs21mod.bch,coconutbenchmark-library2,smearmax,xtaylor,complete,1,10,0.006412000000000001,-95.96000000000001,-95.94278663435102,600.0
hs21mod.bch,coconutbenchmark-library2,smearmaxrel,xtaylor,complete,1,14,0.010337000000000004,-95.96000000000001,-95.96,600.0
hs21mod.bch,coconutbenchmark-library2,smearsum,xtaylor,complete,1,10,0.006389000000000001,-95.96000000000001,-95.94278663435102,600.0
hs21mod.bch,coconutbenchmark-library2,smearsumrel,xtaylor,complete,1,14,0.010430000000000002,-95.96000000000001,-95.96,600.0
hydro.bch,medium,largestfirst,both,complete,1,1290,9.180536000000004,4365266.730604896,4369631.9973355,600.0
hydro.bch,medium,lsmear,both,complete,1,284,2.954922000000001,4365021.98003355,4369387.002013583,600.0
hydro.bch,medium,lsmear-box,both,complete,1,284,2.9360240000000006,4365021.98003355,4369387.002013583,600.0
hydro.bch,medium,roundrobin,both,complete,1,280,2.583260000000001,4366133.455888513,4370499.5893444,600.0
hydro.bch,medium,smearmax,both,complete,1,350,3.4553250000000006,4363227.9839493465,4367591.211933294,600.0
hydro.bch,medium,smearmaxrel,both,complete,1,244,2.0152600000000005,4366393.52815489,4370759.921683044,600.0
hydro.bch,medium,smearsum,both,complete,1,350,3.440383000000001,4363227.9839493465,4367591.211933294,600.0
hydro.bch,medium,smearsumrel,both,complete,1,122,1.4317390000000005,4363902.789140076,4368266.691929216,600.0
hydro.bch,medium,largestfirst,xtaylor,timeout,0,96228,600.0121800000003,4192806.925878487,4372241.938140103,600.0
hydro.bch,medium,lsmear,xtaylor,complete,1,454,7.298275000000002,4366465.905225714,4370832.371130939,600.0
hydro.bch,medium,lsmear-box,xtaylor,complete,1,454,7.301725000000003,4366465.905225714,4370832.371130939,600.0
hydro.bch,medium,roundrobin,xtaylor,complete,1,556,6.966713000000001,4366733.230024061,4371099.963254084,600.0
hydro.bch,medium,smearmax,xtaylor,complete,1,474,5.529748000000001,4365643.628827049,4370009.272455876,600.0
hydro.bch,medium,smearmaxrel,xtaylor,complete,1,638,7.758981000000001,4362689.322854496,4367052.012177349,600.0
hydro.bch,medium,smearsum,xtaylor,complete,1,474,5.507145000000002,4365643.628827049,4370009.272455876,600.0
hydro.bch,medium,smearsumrel,xtaylor,complete,1,312,3.8700730000000005,4364191.0062966,4368555.197302896,600.0
immun.bch,medium,largestfirst,both,timeout,0,967662,600.0005290000003,0,9409626384.54047,600.0
immun.bch,medium,lsmear,both,complete,1,366,2.4245860000000006,0,3.5512769627949534e-10,600.0
immun.bch,medium,lsmear-box,both,complete,1,366,2.4402500000000007,0,3.5512769627949534e-10,600.0
immun.bch,medium,roundrobin,both,complete,1,1574,9.875067000000001,0,0,600.0
immun.bch,medium,smearmax,both,complete,1,3172,18.208940000000005,0,9.540612367352783e-08,600.0
immun.bch,medium,smearmaxrel,both,complete,1,13236,72.87733200000002,0,3.254870260556351e-08,600.0
immun.bch,medium,smearsum,both,complete,1,3024,15.698106000000005,0,3.519161094947756e-08,600.0
immun.bch,medium,smearsumrel,both,complete,1,1502,10.477801000000005,0,4.55055841923361e-08,600.0
immun.bch,medium,largestfirst,xtaylor,timeout,0,1840052,600.0004750000002,0,9398430242.760494,600.0
immun.bch,medium,lsmear,xtaylor,complete,1,392,1.7798530000000004,0,0,600.0
immun.bch,medium,lsmear-box,xtaylor,complete,1,392,1.7671860000000006,0,0,600.0
immun.bch,medium,roundrobin,xtaylor,complete,1,682,3.6222150000000006,0,0,600.0
immun.bch,medium,smearmax,xtaylor,complete,1,4862,20.96027800000001,0,1.3915985844792388e-08,600.0
immun.bch,medium,smearmaxrel,xtaylor,complete,1,36042,120.58235700000004,0,7.513516621776509e-08,600.0
immun.bch,medium,smearsum,xtaylor,complete,1,10398,47.51625700000001,0,9.902217458038543e-08,600.0
immun.bch,medium,smearsumrel,xtaylor,complete,1,2656,12.156012000000002,0,3.289479482235247e-08,600.0
launch.bch,medium,largestfirst,both,complete,1,55592,524.6357280000002,2256.2746011185222,2258.5308757196403,600.0
launch.bch,medium,lsmear,both,complete,1,190,3.887087,2255.5422838053205,2257.7978260891255,600.0
launch.bch,medium,lsmear-box,both,complete,1,216,4.276646000000001,2255.5420152882057,2257.7975573034932,600.0
launch.bch,medium,roundrobin,both,complete,1,2262,40.19864800000002,2257.134827898128,2259.3919627260257,600.0
launch.bch,medium,smearmax,both,complete,1,254,5.554074000000002,2255.9011440486283,2258.1570451926764,600.0
launch.bch,medium,smearmaxrel,both,complete,1,502,10.610664000000003,2257.309425332611,2259.1487200577367,600.0
launch.bch,medium,smearsum,both,complete,1,566,11.508979000000004,2255.5448897366764,2257.8004346264124,600.0
launch.bch,medium,smearsumrel,both,complete,1,232,5.263617000000003,2257.7914169777246,2259.5114965676635,600.0
launch.bch,medium,largestfirst,xtaylor,timeout,0,58432,600.0337660000002,2073.6436173779357,2481.9353224965316,600.0
launch.bch,medium,lsmear,xtaylor,complete,1,174,3.326869000000001,2255.5420420482483,2257.797584090296,600.0
launch.bch,medium,lsmear-box,xtaylor,complete,1,94,2.2490140000000007,2255.5445711969905,2257.800115768187,600.0
launch.bch,medium,roundrobin,xtaylor,complete,1,2282,33.465595000000015,2257.7295219793036,2257.8085987570726,600.0
launch.bch,medium,smearmax,xtaylor,complete,1,2658,44.90383600000001,2256.110312296458,2258.3664226087535,600.0
launch.bch,medium,smearmaxrel,xtaylor,complete,1,1524,22.481248000000008,2257.5646402065095,2259.8222048467155,600.0
launch.bch,medium,smearsum,xtaylor,complete,1,3174,49.57963100000002,2255.582005987784,2257.8375879937716,600.0
launch.bch,medium,smearsumrel,xtaylor,complete,1,488,9.043628000000004,2257.582928480895,2259.3539324111366,600.0
launch__coconut.bch,coconutbenchmark-library2,largestfirst,both,infeasible,0,0,2.000000000002e-06,-inf,inf,600.0
launch__coconut.bch,coconutbenchmark-library2,lsmear,both,infeasible,0,0,2.000000000002e-06,-inf,inf,600.0
launch__coconut.bch,coconutbenchmark-library2,lsmear-box,both,infeasible,0,0,2.000000000002e-06,-inf,inf,600.0
launch__coconut.bch,coconutbenchmark-library2,roundrobin,both,infeasible,0,0,2.000000000002e-06,-inf,inf,600.0
launch__coconut.bch,coconutbenchmark-library2,smearmax,both,infeasible,0,0,2.000000000002e-06,-inf,inf,600.0
launch__coconut.bch,coconutbenchmark-library2,smearmaxrel,both,infeasible,0,0,2.000000000002e-06,-inf,inf,600.0
launch__coconut.bch,coconutbenchmark-library2,smearsum,both,infeasible,0,0,2.000000000002e-06,-inf,inf,600.0
launch__coconut.bch,coconutbenchmark-library2,smearsumrel,both,infeasible,0,0,1.999999999946489e-06,-inf,inf,600.0
launch__coconut.bch,coconutbenchmark-library2,largestfirst,xtaylor,complete,0,0,2.000000000002e-06,-inf,inf,600.0
launch__coconut.bch,coconutbenchmark-library2,lsmear,xtaylor,complete,0,0,1.0000000000287557e-06,-inf,inf,600.0
launch__coconut.bch,coconutbenchmark-library2,lsmear-box,xtaylor,complete,0,0,2.000000000002e-06,-inf,inf,600.0
launch__coconut.bch,coconutbenchmark-library2,roundrobin,xtaylor,complete,0,0,2.000000000002e-06,-inf,inf,600.0
launch__coconut.bch,coconutbenchmark-library2,smearmax,xtaylor,complete,0,0,2.000000000002e-06,-inf,inf,600.0
launch__coconut.bch,coconutbenchmark-library2,smearmaxrel,xtaylor,complete,0,0,2.000000000002e-06,-inf,inf,600.0
launch__coconut.bch,coconutbenchmark-library2,smearsum,xtaylor,complete,0,0,2.000000000002e-06,-inf,inf,600.0
launch__coconut.bch,coconutbenchmark-library2,smearsumrel,xtaylor,complete,0,0,2.000000000002e-06,-inf,inf,600.0
least.bch,unsolved,largestfirst,both,timeout,0,1138200,600.0006230000002,0,24674.892313584438,600.0
least.bch,unsolved,lsmear,both,timeout,0,729160,600.0005370000002,0,14787.857797738947,600.0
least.bch,unsolved,lsmear-box,both,timeout,0,732656,600.0005880000002,0,14787.857797738947,600.0
least.bch,unsolved,roundrobin,both,timeout,0,1146824,600.0010740000002,1548.6724327400968,16307.471185291033,600.0
least.bch,unsolved,smearmax,both,timeout,0,867038,600.0004870000001,0,14787.857797738947,600.0
least.bch,unsolved,smearmaxrel,both,timeout,0,865868,600.0009750000002,0,14787.857797738947,600.0
least.bch,unsolved,smearsum,both,timeout,0,861376,600.0014620000001,0,14787.857797738947,600.0
least.bch,unsolved,smearsumrel,both,timeout,0,865362,600.0001460000002,0,14787.857797738947,600.0
least.bch,unsolved,largestfirst,xtaylor,timeout,0,1326178,600.0003810000003,0,24674.865853749867,600.0
least.bch,unsolved,lsmear,xtaylor,timeout,0,780074,600.0008330000002,0,14268.480354482039,600.0
least.bch,unsolved,lsmear-box,xtaylor,timeout,0,778034,600.0011330000001,0,14268.480354482039,600.0
least.bch,unsolved,roundrobin,xtaylor,timeout,0,1193714,600.0010020000002,1548.6724327400968,16307.471185291033,600.0
least.bch,unsolved,smearmax,xtaylor,timeout,0,930388,600.0008300000002,0,14268.480354482039,600.0
least.bch,unsolved,smearmaxrel,xtaylor,timeout,0,932528,600.0011520000002,0,14268.480354482039,600.0
least.bch,unsolved,smearsum,xtaylor,timeout,0,905248,600.0011170000001,0,14268.480354482039,600.0
least.bch,unsolved,smearsumrel,xtaylor,timeout,0,920296,600.0003240000002,0,14268.480354482039,600.0
like-1.bch,medium,largestfirst,both,unbounded,0,2606,3.218693000000001,-inf,inf,600.0
like-1.bch,medium,lsmear,both,unbounded,0,2606,3.295966000000001,-inf,inf,600.0
like-1.bch,medium,lsmear-box,both,unbounded,0,2606,3.287568000000001,-inf,inf,600.0
like-1.bch,medium,roundrobin,both,unbounded,0,2708,1.0743740000000004,-inf,1860.7819445436835,600.0
like-1.bch,medium,smearmax,both,unbounded,0,2606,3.3009040000000014,-inf,inf,600.0
like-1.bch,medium,smearmaxrel,both,unbounded,0,2606,3.3223310000000006,-inf,inf,600.0
like-1.bch,medium,smearsum,both,unbounded,0,2606,3.3028570000000013,-inf,inf,600.0
like-1.bch,medium,smearsumrel,both,unbounded,0,2606,3.303058000000001,-inf,inf,600.0
like-1.bch,medium,largestfirst,xtaylor,unbounded,0,2606,3.019470000000001,-inf,inf,600.0
like-1.bch,medium,lsmear,xtaylor,unbounded,0,2606,3.1210840000000006,-inf,inf,600.0
like-1.bch,medium,lsmear-box,xtaylor,unbounded,0,2606,3.142404000000001,-inf,inf,600.0
like-1.bch,medium,roundrobin,xtaylor,unbounded,0,2708,1.0662420000000006,-inf,1860.7819445436835,600.0
like-1.bch,medium,smearmax,xtaylor,unbounded,0,2606,3.1305430000000007,-inf,inf,600.0
like-1.bch,medium,smearmaxrel,xtaylor,unbounded,0,2606,3.137609000000001,-inf,inf,600.0
like-1.bch,medium,smearsum,xtaylor,unbounded,0,2606,3.125616000000001,-inf,inf,600.0
like-1.bch,medium,smearsumrel,xtaylor,unbounded,0,2606,3.133028000000001,-inf,inf,600.0
like.bch,medium,largestfirst,both,unbounded,0,2638,3.232095000000001,-inf,inf,600.0
like.bch,medium,lsmear,both,unbounded,0,2638,3.337831000000001,-inf,inf,600.0
like.bch,medium,lsmear-box,both,unbounded,0,2638,3.384477000000001,-inf,inf,600.0
like.bch,medium,roundrobin,both,unbounded,0,2722,1.6298710000000003,-inf,4594.391479275381,600.0
like.bch,medium,smearmax,both,unbounded,0,2638,3.3192410000000003,-inf,inf,600.0
like.bch,medium,smearmaxrel,both,unbounded,0,2638,3.349606000000001,-inf,inf,600.0
like.bch,medium,smearsum,both,unbounded,0,2638,3.381137000000001,-inf,inf,600.0
like.bch,medium,smearsumrel,both,unbounded,0,2638,3.345148000000001,-inf,inf,600.0
like.bch,medium,largestfirst,xtaylor,unbounded,0,2638,3.0423360000000006,-inf,inf,600.0
like.bch,medium,lsmear,xtaylor,unbounded,0,2638,3.153578000000001,-inf,inf,600.0
like.bch,medium,lsmear-box,xtaylor,unbounded,0,2638,3.154324000000001,-inf,inf,600.0
like.bch,medium,roundrobin,xtaylor,unbounded,0,2722,1.6046510000000003,-inf,4594.391479275381,600.0
like.bch,medium,smearmax,xtaylor,unbounded,0,2638,3.177679000000001,-inf,inf,600.0
like.bch,medium,smearmaxrel,xtaylor,unbounded,0,2638,3.1424180000000006,-inf,inf,600.0
like.bch,medium,smearsum,xtaylor,unbounded,0,2638,3.1608510000000005,-inf,inf,600.0
like.bch,medium,smearsumrel,xtaylor,unbounded,0,2638,3.1826340000000006,-inf,inf,600.0
linear.bch,medium,largestfirst,both,timeout,0,200244,600.0005930000002,1.919487762618775e-91,154.29322555140425,600.0
linear.bch,medium,lsmear,both,timeout,0,178806,600.0008920000002,71.34959293786187,90.44052974419894,600.0
linear.bch,medium,lsmear-box,both,timeout,0,103284,600.0008730000002,68.13588265013979,89.41387530896422,600.0
linear.bch,medium,roundrobin,both,timeout,0,250654,600.0027530000002,55.83771159744665,91.94825921845404,600.0
linear.bch,medium,smearmax,both,timeout,0,197714,600.0043150000002,85.38271972149543,89.51662157693823,600.0
linear.bch,medium,smearmaxrel,both,timeout,0,195542,600.0012950000003,86.30056593434837,89.15283345867994,600.0
linear.bch,medium,smearsum,both,timeout,0,130092,600.0008530000001,86.9215432731405,89.15935359278588,600.0
linear.bch,medium,smearsumrel,both,timeout,0,154790,600.0008590000002,87.69398041886929,89.07441907427044,600.0
linear.bch,medium,largestfirst,xtaylor,timeout,0,79958,600.0023690000002,1.5046327690530346e-34,92.03465132802427,600.0
linear.bch,medium,lsmear,xtaylor,complete,1,322,4.814649000000002,88.97877851837067,89.06775729688903,600.0
linear.bch,medium,lsmear-box,xtaylor,complete,1,14962,100.02843600000003,88.96726063565605,89.05622789629169,600.0
linear.bch,medium,roundrobin,xtaylor,complete,1,3874,11.976571000000005,88.96522650498035,89.05419173148532,600.0
linear.bch,medium,smearmax,xtaylor,complete,1,10312,73.98107800000001,88.94772342566169,89.03667114908734,600.0
linear.bch,medium,smearmaxrel,xtaylor,complete,1,4292,35.882017000000005,88.98629039431148,89.07527668470578,600.0
linear.bch,medium,smearsum,xtaylor,complete,1,20596,132.94300400000003,88.93977333024706,89.0287131035773,600.0
linear.bch,medium,smearsumrel,xtaylor,complete,1,23776,150.27803000000006,88.96917480281394,89.05814397761674,600.0
loadbal.bch,coconutbenchmark-library2,largestfirst,both,timeout,0,2053940,600.0001730000001,-inf,0.6171134156612641,600.0
loadbal.bch,coconutbenchmark-library2,lsmear,both,timeout,0,1881912,600.0006320000001,-inf,0.6171134156612641,600.0
loadbal.bch,coconutbenchmark-library2,lsmear-box,both,timeout,0,1887178,600.0007280000003,-inf,0.6171134156612641,600.0
loadbal.bch,coconutbenchmark-library2,roundrobin,both,timeout,0,1229466,600.0000950000002,-inf,0.6312792673913341,600.0
loadbal.bch,coconutbenchmark-library2,smearmax,both,timeout,0,1895960,600.0002340000003,-inf,0.6171134156612641,600.0
loadbal.bch,coconutbenchmark-library2,smearmaxrel,both,timeout,0,1873472,600.0000980000002,-inf,0.6171134156612641,600.0
loadbal.bch,coconutbenchmark-library2,smearsum,both,timeout,0,1886068,600.0001120000001,-inf,0.6171134156612641,600.0
loadbal.bch,coconutbenchmark-library2,smearsumrel,both,timeout,0,1884814,600.0001000000002,-inf,0.6171134156612641,600.0
loadbal.bch,coconutbenchmark-library2,largestfirst,xtaylor,timeout,0,2095584,600.0004340000003,-inf,0.6171134156612641,600.0
loadbal.bch,coconutbenchmark-library2,lsmear,xtaylor,timeout,0,1915794,600.0000680000002,-inf,0.6171134156612641,600.0
loadbal.bch,coconutbenchmark-library2,lsmear-box,xtaylor,timeout,0,1908916,600.0000060000002,-inf,0.6171134156612641,600.0
loadbal.bch,coconutbenchmark-library2,roundrobin,xtaylor,timeout,0,1159886,600.0001550000002,-inf,0.6387639377643201,600.0
loadbal.bch,coconutbenchmark-library2,smearmax,xtaylor,timeout,0,1905318,600.0004760000003,-inf,0.6171134156612641,600.0
loadbal.bch,coconutbenchmark-library2,smearmaxrel,xtaylor,timeout,0,1911038,600.0002240000003,-inf,0.6171134156612641,600.0
loadbal.bch,coconutbenchmark-library2,smearsum,xtaylor,timeout,0,1904504,600.0001440000002,-inf,0.6171134156612641,600.0
loadbal.bch,coconutbenchmark-library2,smearsumrel,xtaylor,timeout,0,1904724,600.0004100000002,-inf,0.6171134156612641,600.0
lotschd.bch,coconutbenchmark-library2,largestfirst,both,complete,1,2,0.009656000000000005,2396.019817589744,2398.415837407333,600.0
lotschd.bch,coconutbenchmark-library2,lsmear,both,complete,1,2,0.012653999999999999,2396.019817589744,2398.415837407333,600.0
lotschd.bch,coconutbenchmark-library2,lsmear-box,both,complete,1,2,0.012598,2396.019817589744,2398.415837407333,600.0
lotschd.bch,coconutbenchmark-library2,roundrobin,both,complete,1,2,0.009544000000000004,2396.019817589744,2398.415837407333,600.0
lotschd.bch,coconutbenchmark-library2,smearmax,both,complete,1,2,0.018001999999999997,2396.019817589744,2398.415837407333,600.0
lotschd.bch,coconutbenchmark-library2,smearmaxrel,both,complete,1,2,0.016981999999999997,2396.019817589744,2398.415837407333,600.0
lotschd.bch,coconutbenchmark-library2,smearsum,both,complete,1,2,0.017994999999999997,2396.019817589744,2398.415837407333,600.0
lotschd.bch,coconutbenchmark-library2,smearsumrel,both,complete,1,2,0.015317999999999998,2396.019817589744,2398.415837407333,600.0
lotschd.bch,coconutbenchmark-library2,largestfirst,xtaylor,complete,1,2,0.01205900000000001,2396.019817589745,2398.415837407334,600.0
lotschd.bch,coconutbenchmark-library2,lsmear,xtaylor,complete,1,2,0.013207000000000003,2396.019817589745,2398.415837407334,600.0
lotschd.bch,coconutbenchmark-library2,lsmear-box,xtaylor,complete,1,2,0.01310400000000001,2396.019817589745,2398.415837407334,600.0
lotschd.bch,coconutbenchmark-library2,roundrobin,xtaylor,complete,1,2,0.011942000000000001,2396.019817589745,2398.415837407334,600.0
lotschd.bch,coconutbenchmark-library2,smearmax,xtaylor,complete,1,2,0.020002000000000002,2396.019817589745,2398.415837407334,600.0
lotschd.bch,coconutbenchmark-library2,smearmaxrel,xtaylor,complete,1,2,0.01971400000000001,2396.019817589745,2398.415837407334,600.0
lotschd.bch,coconutbenchmark-library2,smearsum,xtaylor,complete,1,2,0.019913000000000004,2396.019817589745,2398.415837407334,600.0
lotschd.bch,coconutbenchmark-library2,smearsumrel,xtaylor,complete,1,2,0.016488000000000006,2396.019817589745,2398.415837407334,600.0
m4wd.bch,easy,largestfirst,both,timeout,0,560496,600.0001210000001,0.029170000320636248,0.029310858435914598,600.0
m4wd.bch,easy,lsmear,both,complete,1,238,0.3953910000000001,0.02929551095875609,0.029324806469714842,600.0
m4wd.bch,easy,lsmear-box,both,complete,1,204,0.34255600000000014,0.029281921504182358,0.02931120342568654,600.0
m4wd.bch,easy,roundrobin,both,complete,1,278,0.4394310000000001,0.029301030708946896,0.02933033173965584,600.0
m4wd.bch,easy,smearmax,both,complete,1,536,0.7728290000000003,0.02929586913138082,0.029325165000512198,600.0
m4wd.bch,easy,smearmaxrel,both,complete,1,208,0.3109110000000001,0.029289770015106846,0.02931905978512195,600.0
m4wd.bch,easy,smearsum,both,complete,1,494,0.7046180000000002,0.02930567146621688,0.029334977137683092,600.0
m4wd.bch,easy,smearsumrel,both,complete,1,186,0.28930000000000006,0.029282898042126762,0.029312180940168887,600.0
m4wd.bch,easy,largestfirst,xtaylor,timeout,0,480354,600.0006950000002,0.0281372342500711,0.029311227743104074,600.0
m4wd.bch,easy,lsmear,xtaylor,complete,1,350,0.46900600000000015,0.029288152236653972,0.029317440388890625,600.0
m4wd.bch,easy,lsmear-box,xtaylor,complete,1,282,0.40931000000000006,0.02928750789320093,0.02931679540109413,600.0
m4wd.bch,easy,roundrobin,xtaylor,complete,1,406,0.5161820000000001,0.02928506054586505,0.02931434560641091,600.0
m4wd.bch,easy,smearmax,xtaylor,complete,1,576,0.6759080000000003,0.029283272214095442,0.029312555486309535,600.0
m4wd.bch,easy,smearmaxrel,xtaylor,complete,1,1088,1.3262810000000005,0.029281646062501998,0.029310927708564496,600.0
m4wd.bch,easy,smearsum,xtaylor,complete,1,570,0.7038160000000002,0.02928211250096446,0.029311394613465422,600.0
m4wd.bch,easy,smearsumrel,xtaylor,complete,1,216,0.3046560000000001,0.029287703757024122,0.029316991460781143,600.0
makela3.bch,coconutbenchmark-library2,largestfirst,both,complete,1,32952,29.355483000000007,0,4.514926293676334e-08,600.0
makela3.bch,coconutbenchmark-library2,lsmear,both,complete,1,3062,1.8589690000000003,0,1.9090181766298808e-08,600.0
makela3.bch,coconutbenchmark-library2,lsmear-box,both,complete,1,3062,1.8535600000000003,0,1.9090181766298808e-08,600.0
makela3.bch,coconutbenchmark-library2,roundrobin,both,complete,1,11266,15.938851000000005,0,9.806998895670037e-08,600.0
makela3.bch,coconutbenchmark-library2,smearmax,both,complete,1,18450,25.618898000000005,0,3.743818624504811e-08,600.0
makela3.bch,coconutbenchmark-library2,smearmaxrel,both,complete,1,18472,25.83129200000001,0,8.870741579281717e-09,600.0
makela3.bch,coconutbenchmark-library2,smearsum,both,complete,1,3062,1.7803720000000003,0,1.9090181766298808e-08,600.0
makela3.bch,coconutbenchmark-library2,smearsumrel,both,complete,1,3062,1.7491350000000006,0,1.9090181766298808e-08,600.0
makela3.bch,coconutbenchmark-library2,largestfirst,xtaylor,complete,1,32952,23.470333000000007,0,4.514926293676334e-08,600.0
makela3.bch,coconutbenchmark-library2,lsmear,xtaylor,complete,1,3062,1.5271820000000005,0,1.9090181766298808e-08,600.0
makela3.bch,coconutbenchmark-library2,lsmear-box,xtaylor,complete,1,3062,1.5085140000000006,0,1.9090181766298808e-08,600.0
makela3.bch,coconutbenchmark-library2,roundrobin,xtaylor,complete,1,11266,12.399921000000004,0,9.806998895670037e-08,600.0
makela3.bch,coconutbenchmark-library2,smearmax,xtaylor,complete,1,18450,20.215040000000005,0,3.743818624504811e-08,600.0
makela3.bch,coconutbenchmark-library2,smearmaxrel,xtaylor,complete,1,18472,20.583173000000006,0,8.870741579281717e-09,600.0
makela3.bch,coconutbenchmark-library2,smearsum,xtaylor,complete,1,3062,1.4548880000000004,0,1.9090181766298808e-08,600.0
makela3.bch,coconutbenchmark-library2,smearsumrel,xtaylor,complete,1,3062,1.4294410000000004,0,1.9090181766298808e-08,600.0
makela4.bch,coconutbenchmark-library2,largestfirst,both,complete,1,0,3.0000000000030003e-06,-9.899999999999997e-08,1e-09,600.0
makela4.bch,coconutbenchmark-library2,lsmear,both,complete,1,0,2.000000000002e-06,-9.899999999999997e-08,1e-09,600.0
makela4.bch,coconutbenchmark-library2,lsmear-box,both,complete,1,0,2.000000000002e-06,-9.899999999999997e-08,1e-09,600.0
makela4.bch,coconutbenchmark-library2,roundrobin,both,complete,1,0,1.000000000001e-06,-9.899999999999997e-08,1e-09,600.0
makela4.bch,coconutbenchmark-library2,smearmax,both,complete,1,0,1.000000000001e-06,-9.899999999999997e-08,1e-09,600.0
makela4.bch,coconutbenchmark-library2,smearmaxrel,both,complete,1,0,1.000000000001e-06,-9.899999999999997e-08,1e-09,600.0
makela4.bch,coconutbenchmark-library2,smearsum,both,complete,1,0,1.000000000001e-06,-9.899999999999997e-08,1e-09,600.0
makela4.bch,coconutbenchmark-library2,smearsumrel,both,complete,1,0,1.000000000001e-06,-9.899999999999997e-08,1e-09,600.0
makela4.bch,coconutbenchmark-library2,largestfirst,xtaylor,complete,1,0,1.000000000001e-06,-9.899999999999997e-08,1e-09,600.0
makela4.bch,coconutbenchmark-library2,lsmear,xtaylor,complete,1,0,1.000000000001e-06,-9.899999999999997e-08,1e-09,600.0
makela4.bch,coconutbenchmark-library2,lsmear-box,xtaylor,complete,1,0,1.000000000001e-06,-9.899999999999997e-08,1e-09,600.0
makela4.bch,coconutbenchmark-library2,roundrobin,xtaylor,complete,1,0,1.000000000001e-06,-9.899999999999997e-08,1e-09,600.0
makela4.bch,coconutbenchmark-library2,smearmax,xtaylor,complete,1,0,1.9999999999985307e-06,-9.899999999999997e-08,1e-09,600.0
makela4.bch,coconutbenchmark-library2,smearmaxrel,xtaylor,complete,1,0,1.9999999999985307e-06,-9.899999999999997e-08,1e-09,600.0
makela4.bch,coconutbenchmark-library2,smearsum,xtaylor,complete,1,0,2.000000000002e-06,-9.899999999999997e-08,1e-09,600.0
makela4.bch,coconutbenchmark-library2,smearsumrel,xtaylor,complete,1,0,1.000000000001e-06,-9.899999999999997e-08,1e-09,600.0
matrix2.bch,coconutbenchmark-library2,largestfirst,both,complete,1,3294,0.8547980000000002,0,6.703282648333262e-09,600.0
matrix2.bch,coconutbenchmark-library2,lsmear,both,complete,1,5498,1.8835310000000005,0,2.582708983903547e-08,600.0
matrix2.bch,coconutbenchmark-library2,lsmear-box,both,complete,1,5498,1.8692990000000005,0,2.582708983903547e-08,600.0
matrix2.bch,coconutbenchmark-library2,roundrobin,both,complete,1,3136,1.2632950000000005,0,7.547395367807967e-09,600.0
matrix2.bch,coconutbenchmark-library2,smearmax,both,complete,1,6390,1.7681590000000007,0,5.241815441388804e-08,600.0
matrix2.bch,coconutbenchmark-library2,smearmaxrel,both,complete,1,5088,1.6057260000000004,0,3.771134912058551e-08,600.0
matrix2.bch,coconutbenchmark-library2,smearsum,both,complete,1,6038,1.7909330000000006,0,6.849206501964576e-08,600.0
matrix2.bch,coconutbenchmark-library2,smearsumrel,both,complete,1,5526,1.6519420000000005,0,6.965983728936396e-08,600.0
matrix2.bch,coconutbenchmark-library2,largestfirst,xtaylor,complete,1,3294,0.7944770000000003,0,6.703282648333262e-09,600.0
matrix2.bch,coconutbenchmark-library2,lsmear,xtaylor,complete,1,5656,2.015429000000001,0,3.459566598295274e-08,600.0
matrix2.bch,coconutbenchmark-library2,lsmear-box,xtaylor,complete,1,5656,1.9778770000000003,0,3.459566598295274e-08,600.0
matrix2.bch,coconutbenchmark-library2,roundrobin,xtaylor,complete,1,3092,1.1485620000000003,0,6.243038540931753e-08,600.0
matrix2.bch,coconutbenchmark-library2,smearmax,xtaylor,complete,1,5616,1.6118610000000004,0,2.4885315010465968e-08,600.0
matrix2.bch,coconutbenchmark-library2,smearmaxrel,xtaylor,complete,1,5486,1.7370320000000004,0,5.781200497066938e-08,600.0
matrix2.bch,coconutbenchmark-library2,smearsum,xtaylor,complete,1,5490,1.6484910000000004,0,6.72516083439194e-08,600.0
matrix2.bch,coconutbenchmark-library2,smearsumrel,xtaylor,complete,1,5662,1.7948920000000004,0,2.7249344655960163e-08,600.0
mconcon.bch,coconutbenchmark-library2,largestfirst,both,timeout,0,254272,600.0026110000002,-24222272.90114686,inf,600.0
mconcon.bch,coconutbenchmark-library2,lsmear,both,timeout,0,161962,600.0015050000002,-24222272.90114686,inf,600.0
mconcon.bch,coconutbenchmark-library2,lsmear-box,both,timeout,0,195904,600.0028940000002,-24222272.90114686,inf,600.0
mconcon.bch,coconutbenchmark-library2,roundrobin,both,timeout,0,293588,600.0017000000001,-983392.3370370785,inf,600.0
mconcon.bch,coconutbenchmark-library2,smearmax,both,timeout,0,181796,600.0002310000002,-24222272.90114686,inf,600.0
mconcon.bch,coconutbenchmark-library2,smearmaxrel,both,timeout,0,260946,600.0023870000002,-24222272.90114686,inf,600.0
mconcon.bch,coconutbenchmark-library2,smearsum,both,timeout,0,199314,600.0061910000003,-24222272.90114686,inf,600.0
mconcon.bch,coconutbenchmark-library2,smearsumrel,both,timeout,0,257344,600.0087710000001,-24222272.90114686,inf,600.0
mconcon.bch,coconutbenchmark-library2,largestfirst,xtaylor,timeout,0,240092,600.0009410000002,-24222272.90114686,inf,600.0
mconcon.bch,coconutbenchmark-library2,lsmear,xtaylor,timeout,0,257532,600.0028780000001,-24222272.90114686,inf,600.0
mconcon.bch,coconutbenchmark-library2,lsmear-box,xtaylor,timeout,0,213418,600.0002400000001,-24222272.90114686,inf,600.0
mconcon.bch,coconutbenchmark-library2,roundrobin,xtaylor,timeout,0,370056,600.0020050000002,-959578.3206955389,inf,600.0
mconcon.bch,coconutbenchmark-library2,smearmax,xtaylor,timeout,0,387948,600.0054350000001,-24222272.90114686,inf,600.0
mconcon.bch,coconutbenchmark-library2,smearmaxrel,xtaylor,timeout,0,1112542,600.0001570000003,-24222272.90114686,inf,600.0
mconcon.bch,coconutbenchmark-library2,smearsum,xtaylor,timeout,0,318398,600.0004180000002,-24222272.90114686,inf,600.0
mconcon.bch,coconutbenchmark-library2,smearsumrel,xtaylor,timeout,0,374870,600.0028420000001,-24222272.90114686,inf,600.0
meanvar.bch,medium,largestfirst,both,timeout,0,421022,600.0050550000003,0,5.24348858214821,600.0
meanvar.bch,medium,lsmear,both,complete,1,618,1.5960850000000002,5.239397332406779,5.2446367297391845,600.0
meanvar.bch,medium,lsmear-box,both,complete,1,618,1.5933790000000005,5.239397332406779,5.2446367297391845,600.0
meanvar.bch,medium,roundrobin,both,complete,1,692,1.7284570000000004,5.238356074200468,5.243594430274667,600.0
meanvar.bch,medium,smearmax,both,complete,1,542,1.4099900000000003,5.23864943237058,5.243888081802949,600.0
meanvar.bch,medium,smearmaxrel,both,complete,1,590,1.5084730000000006,5.238522480929236,5.243761003410164,600.0
meanvar.bch,medium,smearsum,both,complete,1,532,1.4447260000000006,5.2387846821124295,5.244023466794541,600.0
meanvar.bch,medium,smearsumrel,both,complete,1,576,1.5491560000000004,5.238556786476959,5.243795343263435,600.0
meanvar.bch,medium,largestfirst,xtaylor,timeout,0,540118,600.0001770000002,0,5.243418911412308,600.0
meanvar.bch,medium,lsmear,xtaylor,complete,1,934,2.0182750000000005,5.238317602287771,5.243555919890058,600.0
meanvar.bch,medium,lsmear-box,xtaylor,complete,1,934,2.0083610000000007,5.238317602287771,5.243555919890058,600.0
meanvar.bch,medium,roundrobin,xtaylor,complete,1,934,1.9631380000000005,5.238837613862335,5.244076451476197,600.0
meanvar.bch,medium,smearmax,xtaylor,complete,1,708,1.6345200000000004,5.238480517586608,5.243718998104194,600.0
meanvar.bch,medium,smearmaxrel,xtaylor,complete,1,784,1.7456280000000006,5.238556786476958,5.243795343263434,600.0
meanvar.bch,medium,smearsum,xtaylor,complete,1,716,1.6215630000000003,5.238506296544829,5.2437448028413725,600.0
meanvar.bch,medium,smearsumrel,xtaylor,complete,1,706,1.6817930000000005,5.238636220534806,5.2438748567553395,600.0
minlphi.bch,blowup,largestfirst,both,timeout,0,105896,600.0059460000002,-inf,inf,600.0
minlphi.bch,blowup,lsmear,both,timeout,0,71076,600.0007240000002,-inf,inf,600.0
minlphi.bch,blowup,lsmear-box,both,timeout,0,75930,600.0170060000002,-inf,inf,600.0
minlphi.bch,blowup,roundrobin,both,timeout,0,93180,600.0083270000002,582.2361185005353,inf,600.0
minlphi.bch,blowup,smearmax,both,timeout,0,79316,600.0009610000002,-inf,inf,600.0
minlphi.bch,blowup,smearmaxrel,both,timeout,0,108962,600.0258210000002,-inf,inf,600.0
minlphi.bch,blowup,smearsum,both,timeout,0,85800,600.0105080000001,-inf,inf,600.0
minlphi.bch,blowup,smearsumrel,both,timeout,0,112060,600.0120180000004,-inf,inf,600.0
minlphi.bch,blowup,largestfirst,xtaylor,timeout,0,200348,600.0057590000001,-inf,inf,600.0
minlphi.bch,blowup,lsmear,xtaylor,timeout,0,111282,600.0052100000001,-inf,inf,600.0
minlphi.bch,blowup,lsmear-box,xtaylor,timeout,0,118616,600.0022200000001,-inf,inf,600.0
minlphi.bch,blowup,roundrobin,xtaylor,timeout,0,166506,600.0098090000002,582.236124055936,inf,600.0
minlphi.bch,blowup,smearmax,xtaylor,timeout,0,137936,600.0045670000001,-inf,inf,600.0
minlphi.bch,blowup,smearmaxrel,xtaylor,timeout,0,198600,600.0022330000004,-inf,inf,600.0
minlphi.bch,blowup,smearsum,xtaylor,timeout,0,146398,600.0022620000002,-inf,inf,600.0
minlphi.bch,blowup,smearsumrel,xtaylor,timeout,0,213656,600.0080760000002,-inf,inf,600.0
minlphi1.bch,blowup,largestfirst,both,timeout,0,180470,600.0017170000002,-inf,inf,600.0
minlphi1.bch,blowup,lsmear,both,timeout,0,118758,600.0076230000003,-inf,inf,600.0
minlphi1.bch,blowup,lsmear-box,both,timeout,0,113618,600.0012890000002,-inf,inf,600.0
minlphi1.bch,blowup,roundrobin,both,timeout,0,154236,600.0048380000002,582.2360659314796,inf,600.0
minlphi1.bch,blowup,smearmax,both,timeout,0,130316,600.0046100000003,-inf,inf,600.0
minlphi1.bch,blowup,smearmaxrel,both,timeout,0,191774,600.0030980000001,-inf,inf,600.0
minlphi1.bch,blowup,smearsum,both,timeout,0,137300,600.0150960000002,-inf,inf,600.0
minlphi1.bch,blowup,smearsumrel,both,timeout,0,188140,600.0007810000002,-inf,inf,600.0
minlphi1.bch,blowup,largestfirst,xtaylor,timeout,0,324348,600.0015310000002,-inf,inf,600.0
minlphi1.bch,blowup,lsmear,xtaylor,timeout,0,192804,600.0002810000001,-inf,inf,600.0
minlphi1.bch,blowup,lsmear-box,xtaylor,timeout,0,182574,600.0030960000003,-inf,inf,600.0
minlphi1.bch,blowup,roundrobin,xtaylor,timeout,0,256402,600.0008100000002,582.2361121734533,inf,600.0
minlphi1.bch,blowup,smearmax,xtaylor,timeout,0,215580,600.0064880000002,-inf,inf,600.0
minlphi1.bch,blowup,smearmaxrel,xtaylor,timeout,0,336354,600.0024810000002,-inf,inf,600.0
minlphi1.bch,blowup,smearsum,xtaylor,timeout,0,232044,600.0025610000002,-inf,inf,600.0
minlphi1.bch,blowup,smearsumrel,xtaylor,timeout,0,373350,600.0024660000001,-inf,inf,600.0
mistake.bch,coconutbenchmark-library2,largestfirst,both,timeout,0,156924,600.0036930000001,-1812431017.2137113,-0.5582246330644312,600.0
mistake.bch,coconutbenchmark-library2,lsmear,both,timeout,0,181018,600.0064660000002,-1.002722602230996,-0.9999267767745113,600.0
mistake.bch,coconutbenchmark-library2,lsmear-box,both,timeout,0,180042,600.0022770000003,-1.0025296177933352,-0.9999168192148397,600.0
mistake.bch,coconutbenchmark-library2,roundrobin,both,timeout,0,179084,600.0026640000001,-1.0035574793633484,-0.9999166389335793,600.0
mistake.bch,coconutbenchmark-library2,smearmax,both,timeout,0,168354,600.0041770000003,-1.0026302189473608,-0.9999282991912134,600.0
mistake.bch,coconutbenchmark-library2,smearmaxrel,both,timeout,0,68236,600.0613110000003,-318315482.364223,-0.9064736803590743,600.0
mistake.bch,coconutbenchmark-library2,smearsum,both,timeout,0,167322,600.0059400000002,-1.0024821140202433,-0.9999426936496446,600.0
mistake.bch,coconutbenchmark-library2,smearsumrel,both,timeout,0,182024,600.0006920000002,-1.1792371153260113,-0.9997659987878119,600.0
mistake.bch,coconutbenchmark-library2,largestfirst,xtaylor,timeout,0,125752,600.0036470000002,-783759614.0715617,-0.9962312936697921,600.0
mistake.bch,coconutbenchmark-library2,lsmear,xtaylor,timeout,0,221544,600.0036250000002,-1.0048085907589743,-0.9999010676317628,600.0
mistake.bch,coconutbenchmark-library2,lsmear-box,xtaylor,timeout,0,221578,600.0014490000002,-1.0044758468884376,-0.999917997831622,600.0
mistake.bch,coconutbenchmark-library2,roundrobin,xtaylor,timeout,0,210890,600.0042570000002,-1.0055890730797166,-0.9999553831808738,600.0
mistake.bch,coconutbenchmark-library2,smearmax,xtaylor,timeout,0,187880,600.0011430000002,-1.0050508481661453,-0.9999557195978006,600.0
mistake.bch,coconutbenchmark-library2,smearmaxrel,xtaylor,timeout,0,166510,600.0119380000002,-10000000054711228,inf,600.0
mistake.bch,coconutbenchmark-library2,smearsum,xtaylor,timeout,0,195622,600.0035710000001,-1.0051558886696705,-0.9999573703183026,600.0
mistake.bch,coconutbenchmark-library2,smearsumrel,xtaylor,timeout,0,221340,600.0048250000001,-1.3542166311903778,-0.9997885543302976,600.0
modele_opti.bch,coconutbenchmark-library2,largestfirst,both,timeout,0,4216366,600.0000600000003,-inf,-79301.04114365696,600.0
modele_opti.bch,coconutbenchmark-library2,lsmear,both,timeout,0,3834466,600.0002270000002,-inf,-79289.06037566232,600.0
modele_opti.bch,coconutbenchmark-library2,lsmear-box,both,timeout,0,3834996,600.0003430000003,-inf,-34303.49827413552,600.0
modele_opti.bch,coconutbenchmark-library2,roundrobin,both,unbounded,0,790,1.3625490000000005,-inf,inf,600.0
modele_opti.bch,coconutbenchmark-library2,smearmax,both,timeout,0,3723244,600.0002030000002,-inf,-77993.0359021695,600.0
modele_opti.bch,coconutbenchmark-library2,smearmaxrel,both,timeout,0,3809430,600.0000580000003,-inf,-78931.22940943211,600.0
modele_opti.bch,coconutbenchmark-library2,smearsum,both,timeout,0,3795348,600.0000810000003,-inf,-79296.34599589418,600.0
modele_opti.bch,coconutbenchmark-library2,smearsumrel,both,timeout,0,3780428,600.0001230000001,-inf,-78931.22940943211,600.0
modele_opti.bch,coconutbenchmark-library2,largestfirst,xtaylor,timeout,0,4104372,600.0002860000002,-inf,-10363.676724346988,600.0
modele_opti.bch,coconutbenchmark-library2,lsmear,xtaylor,timeout,0,3794600,600.0001930000002,-inf,-70327.69650099911,600.0
modele_opti.bch,coconutbenchmark-library2,lsmear-box,xtaylor,timeout,0,3798800,600.0000700000002,-inf,-79296.58347486284,600.0
modele_opti.bch,coconutbenchmark-library2,roundrobin,xtaylor,unbounded,0,790,1.3381780000000003,-inf,inf,600.0
modele_opti.bch,coconutbenchmark-library2,smearmax,xtaylor,timeout,0,3844306,600.0000360000001,-inf,-70546.53025821556,600.0
modele_opti.bch,coconutbenchmark-library2,smearmaxrel,xtaylor,timeout,0,3528654,600.0001640000002,-inf,-79296.57234196183,600.0
modele_opti.bch,coconutbenchmark-library2,smearsum,xtaylor,timeout,0,3754832,600.0002140000003,-inf,-12807.269398942382,600.0
modele_opti.bch,coconutbenchmark-library2,smearsumrel,xtaylor,timeout,0,3767198,600.0000350000003,-inf,-79296.57234196183,600.0
odfits.bch,coconutbenchmark-library2,largestfirst,both,timeout,0,307180,600.0033300000001,-96205708.09323399,-1635.1629004469999,600.0
odfits.bch,coconutbenchmark-library2,lsmear,both,complete,1,3660,8.350397000000003,-2382.159911214672,-2379.7777513034575,600.0
odfits.bch,coconutbenchmark-library2,lsmear-box,both,complete,1,4958,8.873260000000002,-2382.1552551487994,-2379.773099893651,600.0
odfits.bch,coconutbenchmark-library2,roundrobin,both,complete,1,37902,54.816851000000014,-2382.1517669477134,-2379.7696151807663,600.0
odfits.bch,coconutbenchmark-library2,smearmax,both,complete,1,3386,7.719973000000001,-2382.3688915236407,-2379.9865226321176,600.0
odfits.bch,coconutbenchmark-library2,smearmaxrel,both,timeout,0,361660,600.0030180000002,-44645354.680355534,-2267.139055977627,600.0
odfits.bch,coconutbenchmark-library2,smearsum,both,complete,1,3302,7.386183000000002,-2382.153477247217,-2379.77132376997,600.0
odfits.bch,coconutbenchmark-library2,smearsumrel,both,timeout,0,355774,600.0066210000001,-2575.099100202904,-2379.6849935146292,600.0
odfits.bch,coconutbenchmark-library2,largestfirst,xtaylor,timeout,0,391012,600.0015540000002,-93781708.92269793,-1529.3744829805555,600.0
odfits.bch,coconutbenchmark-library2,lsmear,xtaylor,complete,1,18460,33.86588000000002,-2382.2483937224215,-2379.8661453286995,600.0
odfits.bch,coconutbenchmark-library2,lsmear-box,xtaylor,complete,1,20078,35.10035600000001,-2382.3052767888757,-2379.9229715120873,600.0
odfits.bch,coconutbenchmark-library2,roundrobin,xtaylor,complete,1,96468,105.86095800000004,-2382.346317397432,-2379.9639710800348,600.0
odfits.bch,coconutbenchmark-library2,smearmax,xtaylor,complete,1,15438,30.658021000000005,-2382.343760241574,-2379.961416481333,600.0
odfits.bch,coconutbenchmark-library2,smearmaxrel,xtaylor,timeout,0,516014,600.0033310000001,-45085204.55021651,-2216.98752834224,600.0
odfits.bch,coconutbenchmark-library2,smearsum,xtaylor,complete,1,13206,25.175242000000004,-2382.356041128073,-2379.9736850869454,600.0
odfits.bch,coconutbenchmark-library2,smearsumrel,xtaylor,timeout,0,399792,600.0000680000003,-2806.010855430581,-2379.8451004856815,600.0
optcntrl.bch,coconutbenchmark-library2,largestfirst,both,complete,1,0,2.000000000002e-06,549.4505400403435,549.9999905803837,600.0
optcntrl.bch,coconutbenchmark-library2,lsmear,both,complete,1,0,1.000000000001e-06,549.4505400403435,549.9999905803837,600.0
optcntrl.bch,coconutbenchmark-library2,lsmear-box,both,complete,1,0,2.000000000002e-06,549.4505400403435,549.9999905803837,600.0
optcntrl.bch,coconutbenchmark-library2,roundrobin,both,complete,1,0,1.000000000001e-06,549.4505400403435,549.9999905803837,600.0
optcntrl.bch,coconutbenchmark-library2,smearmax,both,complete,1,0,2.000000000002e-06,549.4505400403435,549.9999905803837,600.0
optcntrl.bch,coconutbenchmark-library2,smearmaxrel,both,complete,1,0,2.000000000002e-06,549.4505400403435,549.9999905803837,600.0
optcntrl.bch,coconutbenchmark-library2,smearsum,both,complete,1,0,2.000000000002e-06,549.4505400403435,549.9999905803837,600.0
optcntrl.bch,coconutbenchmark-library2,smearsumrel,both,complete,1,0,2.000000000002e-06,549.4505400403435,549.9999905803837,600.0
optcntrl.bch,coconutbenchmark-library2,largestfirst,xtaylor,complete,1,0,2.000000000002e-06,549.4505400403435,549.9999905803837,600.0
optcntrl.bch,coconutbenchmark-library2,lsmear,xtaylor,complete,1,0,1.000000000001e-06,549.4505400403435,549.9999905803837,600.0
optcntrl.bch,coconutbenchmark-library2,lsmear-box,xtaylor,complete,1,0,2.000000000002e-06,549.4505400403435,549.9999905803837,600.0
optcntrl.bch,coconutbenchmark-library2,roundrobin,xtaylor,complete,1,0,1.000000000001e-06,549.4505400403435,549.9999905803837,600.0
optcntrl.bch,coconutbenchmark-library2,smearmax,xtaylor,complete,1,0,1.000000000001e-06,549.4505400403435,549.9999905803837,600.0
optcntrl.bch,coconutbenchmark-library2,smearmaxrel,xtaylor,complete,1,0,1.000000000001e-06,549.4505400403435,549.9999905803837,600.0
optcntrl.bch,coconutbenchmark-library2,smearsum,xtaylor,complete,1,0,2.000000000002e-06,549.4505400403435,549.9999905803837,600.0
optcntrl.bch,coconutbenchmark-library2,smearsumrel,xtaylor,complete,1,0,2.000000000002e-06,549.4505400403435,549.9999905803837,600.0
optmass.bch,coconutbenchmark-library2,largestfirst,both,timeout,0,21318,600.0118140000003,-0.6396542848099142,-0.17437944844485556,600.0
optmass.bch,coconutbenchmark-library2,lsmear,both,timeout,0,16458,600.0676690000001,-0.5890951404366462,-0.1715227913114933,600.0
optmass.bch,coconutbenchmark-library2,lsmear-box,both,timeout,0,16332,600.0270120000002,-0.5890951404366462,-0.1715227913114933,600.0
optmass.bch,coconutbenchmark-library2,roundrobin,both,timeout,0,18444,600.0861820000002,-0.5437803597430623,-0.16647570377016652,600.0
optmass.bch,coconutbenchmark-library2,smearmax,both,timeout,0,13160,600.0328380000002,-0.543165368025062,-0.18712750460437733,600.0
optmass.bch,coconutbenchmark-library2,smearmaxrel,both,timeout,0,19920,600.0292790000002,-0.5944301196915502,-0.17599098761143753,600.0
optmass.bch,coconutbenchmark-library2,smearsum,both,timeout,0,11918,600.0279400000003,-0.5213951120706285,-0.1815597162444977,600.0
optmass.bch,coconutbenchmark-library2,smearsumrel,both,timeout,0,15078,600.0087760000002,-0.58936295146364,-0.17631543245256978,600.0
optmass.bch,coconutbenchmark-library2,largestfirst,xtaylor,timeout,0,46158,600.0071880000003,-0.6597576266650557,inf,600.0
optmass.bch,coconutbenchmark-library2,lsmear,xtaylor,timeout,0,27380,600.0319770000002,-0.5733444854109502,inf,600.0
optmass.bch,coconutbenchmark-library2,lsmear-box,xtaylor,timeout,0,27090,600.0810010000002,-0.5733444854109502,inf,600.0
optmass.bch,coconutbenchmark-library2,roundrobin,xtaylor,timeout,0,18722,600.0371000000001,-0.625106367620056,-0.11510648494203055,600.0
optmass.bch,coconutbenchmark-library2,smearmax,xtaylor,timeout,0,25166,600.0665730000002,-0.6550478772670519,-0.17089528858208447,600.0
optmass.bch,coconutbenchmark-library2,smearmaxrel,xtaylor,timeout,0,55492,600.0113400000002,-0.6482641223848628,-0.1483259855270714,600.0
optmass.bch,coconutbenchmark-library2,smearsum,xtaylor,timeout,0,18470,600.1137260000003,-0.6339563715800559,-0.1799154968668036,600.0
optmass.bch,coconutbenchmark-library2,smearsumrel,xtaylor,timeout,0,23680,600.0071450000004,-0.5483731806713205,-0.1791095339380777,600.0
optprloc.bch,coconutbenchmark-library2,largestfirst,both,complete,1,10,0.1975300000000001,-16.4202156906456,-16.40707463987161,600.0
optprloc.bch,coconutbenchmark-library2,lsmear,both,complete,1,8,0.18565100000000012,-16.422135011726652,-16.41964536655185,600.0
optprloc.bch,coconutbenchmark-library2,lsmear-box,both,complete,1,8,0.18678700000000015,-16.422135011726652,-16.41964536655185,600.0
optprloc.bch,coconutbenchmark-library2,roundrobin,both,complete,1,12,0.26652000000000003,-16.422714765139855,-16.415188106752016,600.0
optprloc.bch,coconutbenchmark-library2,smearmax,both,complete,1,10,0.41858400000000007,-16.420696366552807,-16.415216767892517,600.0
optprloc.bch,coconutbenchmark-library2,smearmaxrel,both,complete,1,12,0.5822050000000004,-16.421212922683342,-16.41775161851485,600.0
optprloc.bch,coconutbenchmark-library2,smearsum,both,complete,1,8,0.32776000000000005,-16.4229790319983,-16.406556052966305,600.0
optprloc.bch,coconutbenchmark-library2,smearsumrel,both,complete,1,8,0.29229200000000005,-16.4229790319983,-16.406556052966305,600.0
optprloc.bch,coconutbenchmark-library2,largestfirst,xtaylor,complete,1,12,0.3134360000000001,-16.429240307437297,-16.412811067129862,600.0
optprloc.bch,coconutbenchmark-library2,lsmear,xtaylor,complete,1,6,0.12356200000000012,-16.42778471872326,-16.41135693400454,600.0
optprloc.bch,coconutbenchmark-library2,lsmear-box,xtaylor,complete,1,6,0.12303100000000017,-16.42778471872326,-16.41135693400454,600.0
optprloc.bch,coconutbenchmark-library2,roundrobin,xtaylor,complete,1,8,0.14242800000000005,-16.435048237442782,-16.41861318920534,600.0
optprloc.bch,coconutbenchmark-library2,smearmax,xtaylor,complete,1,10,0.4576900000000001,-16.43491837473879,-16.418483456364054,600.0
optprloc.bch,coconutbenchmark-library2,smearmaxrel,xtaylor,complete,1,18,0.6330560000000003,-16.427173323621943,-16.410746150298326,600.0
optprloc.bch,coconutbenchmark-library2,smearsum,xtaylor,complete,1,4,0.23375200000000002,-16.42418387712818,-16.407759693251055,600.0
optprloc.bch,coconutbenchmark-library2,smearsumrel,xtaylor,complete,1,4,0.2350910000000001,-16.42418387712818,-16.407759693251055,600.0
orthregb.bch,coconutbenchmark-library2,largestfirst,both,timeout,0,73954,600.0014570000002,-15600000912,inf,600.0
orthregb.bch,coconutbenchmark-library2,lsmear,both,timeout,0,90220,600.0047940000002,-15600000912,inf,600.0
orthregb.bch,coconutbenchmark-library2,lsmear-box,both,timeout,0,86320,600.0020740000002,-15600000912,inf,600.0
orthregb.bch,coconutbenchmark-library2,roundrobin,both,timeout,0,74714,600.0098130000001,-15600000912,inf,600.0
orthregb.bch,coconutbenchmark-library2,smearmax,both,timeout,0,72700,600.0305260000002,-15600000912,inf,600.0
orthregb.bch,coconutbenchmark-library2,smearmaxrel,both,timeout,0,74956,600.0003110000002,-15600000912,inf,600.0
orthregb.bch,coconutbenchmark-library2,smearsum,both,timeout,0,89348,600.0061280000002,-15600000912,inf,600.0
orthregb.bch,coconutbenchmark-library2,smearsumrel,both,timeout,0,89186,600.0044530000002,-15600000912,inf,600.0
orthregb.bch,coconutbenchmark-library2,largestfirst,xtaylor,error:IbexError,0,0,0.0,-inf,inf,600.0
orthregb.bch,coconutbenchmark-library2,lsmear,xtaylor,timeout,0,103326,600.0005600000002,-1.500000019499995e+17,inf,600.0
orthregb.bch,coconutbenchmark-library2,lsmear-box,xtaylor,timeout,0,102366,600.0088190000001,-1.500000019499995e+17,inf,600.0
orthregb.bch,coconutbenchmark-library2,roundrobin,xtaylor,timeout,0,90110,600.0097500000002,-1.1000000224999946e+17,inf,600.0
orthregb.bch,coconutbenchmark-library2,smearmax,xtaylor,timeout,0,87438,600.0040720000002,-1.1000000164999946e+17,inf,600.0
orthregb.bch,coconutbenchmark-library2,smearmaxrel,xtaylor,timeout,0,92042,600.0083850000002,-1.1000000194999946e+17,inf,600.0
orthregb.bch,coconutbenchmark-library2,smearsum,xtaylor,timeout,0,105544,600.0038470000002,-1.3000000309999947e+17,inf,600.0
orthregb.bch,coconutbenchmark-library2,smearsumrel,xtaylor,timeout,0,103974,600.0074530000002,-1.500000019499995e+17,inf,600.0
orthrege.bch,coconutbenchmark-library2,largestfirst,both,timeout,0,99648,600.0034400000002,-2.8640000000000003e+17,inf,600.0
orthrege.bch,coconutbenchmark-library2,lsmear,both,timeout,0,61250,600.0101840000002,-2.9640000000000006e+17,2.1257753893414733e+17,600.0
orthrege.bch,coconutbenchmark-library2,lsmear-box,both,timeout,0,61762,600.0105910000001,-2.9640000000000006e+17,2.1235001810334826e+17,600.0
orthrege.bch,coconutbenchmark-library2,roundrobin,both,timeout,0,50146,600.0136150000002,-2.1000000135191747e+17,441.87255596419203,600.0
orthrege.bch,coconutbenchmark-library2,smearmax,both,timeout,0,86936,600.0057090000003,-2.7000000012022896e+17,17.721134688952112,600.0
orthrege.bch,coconutbenchmark-library2,smearmaxrel,both,timeout,0,24728,600.1293900000004,-14156040316.668798,inf,600.0
orthrege.bch,coconutbenchmark-library2,smearsum,both,timeout,0,43098,600.0263350000002,-14156040316.668798,inf,600.0
orthrege.bch,coconutbenchmark-library2,smearsumrel,both,timeout,0,65636,600.0062120000001,-2.9640000000000006e+17,2.1235001810334826e+17,600.0
orthrege.bch,coconutbenchmark-library2,largestfirst,xtaylor,timeout,0,114250,600.0101940000002,-2.8640000000000003e+17,inf,600.0
orthrege.bch,coconutbenchmark-library2,lsmear,xtaylor,timeout,0,93490,600.0035050000002,-2.9640000000000006e+17,inf,600.0
orthrege.bch,coconutbenchmark-library2,lsmear-box,xtaylor,timeout,0,92802,600.0381800000001,-2.9640000000000006e+17,inf,600.0
orthrege.bch,coconutbenchmark-library2,roundrobin,xtaylor,timeout,0,41020,600.0015690000001,-2.4000000111042045e+17,1.9999999683561206e+17,600.0
orthrege.bch,coconutbenchmark-library2,smearmax,xtaylor,timeout,0,151264,600.0017800000003,-2.300000006286171e+17,inf,600.0
orthrege.bch,coconutbenchmark-library2,smearmaxrel,xtaylor,timeout,0,73876,600.0103210000003,-2.9000000000000006e+17,99999999013296560,600.0
orthrege.bch,coconutbenchmark-library2,smearsum,xtaylor,timeout,0,182150,600.0011600000003,-2.9640000000000006e+17,inf,600.0
orthrege.bch,coconutbenchmark-library2,smearsumrel,xtaylor,timeout,0,101904,600.0054620000002,-2.9640000000000006e+17,inf,600.0
pentagon.bch,coconutbenchmark-library2,largestfirst,both,timeout,0,810720,600.0001870000002,7.23565156010059e-08,0.00013958244344778776,600.0
pentagon.bch,coconutbenchmark-library2,lsmear,both,timeout,0,722640,600.0015460000001,7.235651560178256e-08,0.00013890717162643972,600.0
pentagon.bch,coconutbenchmark-library2,lsmear-box,both,timeout,0,714738,600.0009550000002,7.235651560115643e-08,0.00013893501350415154,600.0
pentagon.bch,coconutbenchmark-library2,roundrobin,both,complete,1,14976,18.110189000000005,0.0001363865807095236,0.0001365229672902331,600.0
pentagon.bch,coconutbenchmark-library2,smearmax,both,timeout,0,721860,600.0010810000002,7.235651560127346e-08,0.0001388704994903153,600.0
pentagon.bch,coconutbenchmark-library2,smearmaxrel,both,timeout,0,727898,600.0012540000001,7.235651560106222e-08,0.00013784326273719462,600.0
pentagon.bch,coconutbenchmark-library2,smearsum,both,timeout,0,728108,600.0003960000001,7.23565156010556e-08,0.0001378583693839096,600.0
pentagon.bch,coconutbenchmark-library2,smearsumrel,both,timeout,0,726974,600.0015250000001,7.235651560108259e-08,0.0001378856661395854,600.0
pentagon.bch,coconutbenchmark-library2,largestfirst,xtaylor,timeout,0,950962,600.0012930000003,7.235651560105571e-08,0.0001395824434477885,600.0
pentagon.bch,coconutbenchmark-library2,lsmear,xtaylor,timeout,0,833556,600.0009930000001,7.23565156018426e-08,0.00013886518363134234,600.0
pentagon.bch,coconutbenchmark-library2,lsmear-box,xtaylor,timeout,0,829068,600.0007930000002,7.235651560111738e-08,0.00013888752050077307,600.0
pentagon.bch,coconutbenchmark-library2,roundrobin,xtaylor,complete,1,28872,30.706026000000005,0.00013638530582853737,0.00013652169113436587,600.0
pentagon.bch,coconutbenchmark-library2,smearmax,xtaylor,timeout,0,837526,600.0014620000002,7.235651560111672e-08,0.0001389302182172029,600.0
pentagon.bch,coconutbenchmark-library2,smearmaxrel,xtaylor,timeout,0,815232,600.0005030000001,7.23565156010786e-08,0.00013890582020631285,600.0
pentagon.bch,coconutbenchmark-library2,smearsum,xtaylor,timeout,0,827344,600.0005550000002,7.23565156011523e-08,0.00013892654061607997,600.0
pentagon.bch,coconutbenchmark-library2,smearsumrel,xtaylor,timeout,0,836706,600.0004190000001,7.235651560122404e-08,0.00013887499390691162,600.0
polak1.bch,coconutbenchmark-library2,largestfirst,affine,complete,1,4412,0.7147170000000003,2.715566263195851,2.718281829459046,60.0
polak1.bch,coconutbenchmark-library2,lsmear,affine,complete,1,4418,0.9549400000000001,2.715566263195851,2.718281829459046,60.0
polak1.bch,coconutbenchmark-library2,lsmear-box,affine,complete,1,4418,0.9510360000000002,2.715566263195851,2.718281829459046,60.0
polak1.bch,coconutbenchmark-library2,roundrobin,affine,complete,0,10,0.0007959999999999998,1.7958972376246913e+308,1.7976931348623157e+308,60.0
polak1.bch,coconutbenchmark-library2,smearmax,affine,complete,1,4420,0.9532650000000003,2.715566263195917,2.7182818294591122,60.0
polak1.bch,coconutbenchmark-library2,smearmaxrel,affine,complete,1,4418,0.9562210000000002,2.715566263195851,2.718281829459046,60.0
polak1.bch,coconutbenchmark-library2,smearsum,affine,complete,1,4420,0.9559680000000003,2.715566263195917,2.7182818294591122,60.0
polak1.bch,coconutbenchmark-library2,smearsumrel,affine,complete,1,4418,0.9573630000000002,2.715566263195851,2.718281829459046,60.0
polak1.bch,coconutbenchmark-library2,largestfirst,both,complete,1,4406,0.7083720000000002,2.715566263195851,2.718281829459046,600.0
polak1.bch,coconutbenchmark-library2,lsmear,both,complete,1,4406,0.9408040000000002,2.715566263195851,2.718281829459046,600.0
polak1.bch,coconutbenchmark-library2,lsmear-box,both,complete,1,4406,0.9626950000000003,2.715566263195851,2.718281829459046,600.0
polak1.bch,coconutbenchmark-library2,roundrobin,both,complete,0,10,0.001127,1.7958972376246913e+308,1.7976931348623157e+308,600.0
polak1.bch,coconutbenchmark-library2,smearmax,both,complete,1,4406,0.9444760000000002,2.715566263195851,2.718281829459046,600.0
polak1.bch,coconutbenchmark-library2,smearmaxrel,both,complete,1,4406,0.9419300000000003,2.715566263195851,2.718281829459046,600.0
polak1.bch,coconutbenchmark-library2,smearsum,both,complete,1,4406,0.9392820000000002,2.715566263195851,2.718281829459046,600.0
polak1.bch,coconutbenchmark-library2,smearsumrel,both,complete,1,4406,0.9386300000000002,2.715566263195851,2.718281829459046,600.0
polak1.bch,coconutbenchmark-library2,largestfirst,xtaylor,complete,1,4406,0.7034630000000002,2.715566263195851,2.718281829459046,600.0
polak1.bch,coconutbenchmark-library2,lsmear,xtaylor,complete,1,4406,0.93278,2.715566263195851,2.718281829459046,600.0
polak1.bch,coconutbenchmark-library2,lsmear-box,xtaylor,complete,1,4406,0.9334250000000003,2.715566263195851,2.718281829459046,600.0
polak1.bch,coconutbenchmark-library2,roundrobin,xtaylor,complete,1,16,0.0022090000000000005,2.71556626319585,2.718281829459045,600.0
polak1.bch,coconutbenchmark-library2,smearmax,xtaylor,complete,1,4406,0.9329480000000003,2.715566263195851,2.718281829459046,600.0
polak1.bch,coconutbenchmark-library2,smearmaxrel,xtaylor,complete,1,4406,0.9367610000000002,2.715566263195851,2.718281829459046,600.0
polak1.bch,coconutbenchmark-library2,smearsum,xtaylor,complete,1,4406,0.9363840000000002,2.715566263195851,2.718281829459046,600.0
polak1.bch,coconutbenchmark-library2,smearsumrel,xtaylor,complete,1,4406,0.9354290000000003,2.715566263195851,2.718281829459046,600.0
polak2.bch,coconutbenchmark-library2,largestfirst,both,complete,1,22104,1.5305470000000003,54.54360642771706,54.59815003414477,600.0
polak2.bch,coconutbenchmark-library2,lsmear,both,complete,1,22104,1.7632110000000005,54.54360642771706,54.59815003414477,600.0
polak2.bch,coconutbenchmark-library2,lsmear-box,both,complete,1,22104,1.7659120000000006,54.54360642771706,54.59815003414477,600.0
polak2.bch,coconutbenchmark-library2,roundrobin,both,complete,0,42,0.013144000000000003,1.7958972376246913e+308,1.7976931348623157e+308,600.0
polak2.bch,coconutbenchmark-library2,smearmax,both,complete,1,22104,1.7631170000000007,54.54360642771706,54.59815003414477,600.0
polak2.bch,coconutbenchmark-library2,smearmaxrel,both,complete,1,22104,1.7665490000000006,54.54360642771706,54.59815003414477,600.0
polak2.bch,coconutbenchmark-library2,smearsum,both,complete,1,22104,1.7602500000000005,54.54360642771706,54.59815003414477,600.0
polak2.bch,coconutbenchmark-library2,smearsumrel,both,complete,1,22104,1.7565600000000003,54.54360642771706,54.59815003414477,600.0
polak2.bch,coconutbenchmark-library2,largestfirst,xtaylor,complete,1,22104,1.4526620000000006,54.54360642771706,54.59815003414477,600.0
polak2.bch,coconutbenchmark-library2,lsmear,xtaylor,complete,1,22104,1.7464260000000005,54.54360642771706,54.59815003414477,600.0
polak2.bch,coconutbenchmark-library2,lsmear-box,xtaylor,complete,1,22104,1.7524640000000002,54.54360642771706,54.59815003414477,600.0
polak2.bch,coconutbenchmark-library2,roundrobin,xtaylor,complete,1,146,0.10791000000000002,54.560942356528386,54.61550329888491,600.0
polak2.bch,coconutbenchmark-library2,smearmax,xtaylor,complete,1,22104,1.7649560000000006,54.54360642771706,54.59815003414477,600.0
polak2.bch,coconutbenchmark-library2,smearmaxrel,xtaylor,complete,1,22104,1.7639230000000004,54.54360642771706,54.59815003414477,600.0
polak2.bch,coconutbenchmark-library2,smearsum,xtaylor,complete,1,22104,1.7506790000000003,54.54360642771706,54.59815003414477,600.0
polak2.bch,coconutbenchmark-library2,smearsumrel,xtaylor,complete,1,22104,1.7664500000000005,54.54360642771706,54.59815003414477,600.0
polak3.bch,coconutbenchmark-library2,largestfirst,both,timeout,0,1930330,600.0001080000002,2.689557863346742,5.937108491649096,600.0
polak3.bch,coconutbenchmark-library2,lsmear,both,timeout,0,1674440,600.0006070000002,2.6895578633467414,5.937108491649096,600.0
polak3.bch,coconutbenchmark-library2,lsmear-box,both,timeout,0,1695202,600.0006000000002,2.6895578633467414,5.937108491649096,600.0
polak3.bch,coconutbenchmark-library2,roundrobin,both,timeout,0,67622,600.0085310000002,5.809193671160655,5.941420293440565,600.0
polak3.bch,coconutbenchmark-library2,smearmax,both,timeout,0,1697380,600.0004120000002,2.6895578633467414,5.937108491649096,600.0
polak3.bch,coconutbenchmark-library2,smearmaxrel,both,timeout,0,1696862,600.0001660000001,2.6895578633467414,5.937108491649096,600.0
polak3.bch,coconutbenchmark-library2,smearsum,both,timeout,0,1695118,600.0003580000002,2.6895578633467414,5.937108491649096,600.0
polak3.bch,coconutbenchmark-library2,smearsumrel,both,timeout,0,1697798,600.0004770000003,2.6895578633467414,5.937108491649096,600.0
polak3.bch,coconutbenchmark-library2,largestfirst,xtaylor,timeout,0,1932276,600.0002700000002,2.689557863346742,5.937108491649096,600.0
polak3.bch,coconutbenchmark-library2,lsmear,xtaylor,timeout,0,1685628,600.0004380000004,2.6895578633467414,5.937108491649096,600.0
polak3.bch,coconutbenchmark-library2,lsmear-box,xtaylor,timeout,0,1698062,600.0001770000002,2.6895578633467414,5.937108491649096,600.0
polak3.bch,coconutbenchmark-library2,roundrobin,xtaylor,timeout,0,66032,600.0105270000003,5.731474244708831,5.979268086789619,600.0
polak3.bch,coconutbenchmark-library2,smearmax,xtaylor,timeout,0,1702470,600.0001900000003,2.6895578633467414,5.937108491649096,600.0
polak3.bch,coconutbenchmark-library2,smearmaxrel,xtaylor,timeout,0,1707364,600.0007620000002,2.6895578633467414,5.937108491649096,600.0
polak3.bch,coconutbenchmark-library2,smearsum,xtaylor,timeout,0,1690290,600.0002870000002,2.6895578633467414,5.937108491649096,600.0
polak3.bch,coconutbenchmark-library2,smearsumrel,xtaylor,timeout,0,1713394,600.0003040000003,2.6895578633467414,5.937108491649096,600.0
polak4.bch,coconutbenchmark-library2,largestfirst,both,complete,1,3198,0.08828300000000001,0,1.0000004158072788e-09,600.0
polak4.bch,coconutbenchmark-library2,lsmear,both,complete,1,3224,0.09712100000000003,0,1.0000004158072788e-09,600.0
polak4.bch,coconutbenchmark-library2,lsmear-box,both,complete,1,3224,0.09990000000000004,0,1.0000004158072788e-09,600.0
polak4.bch,coconutbenchmark-library2,roundrobin,both,complete,1,1270,0.38514800000000016,-9.898851532620368e-08,1.0114846737963035e-09,600.0
polak4.bch,coconutbenchmark-library2,smearmax,both,complete,1,3236,0.09895000000000002,0,1.0000004158072788e-09,600.0
polak4.bch,coconutbenchmark-library2,smearmaxrel,both,complete,1,3224,0.09499400000000002,0,1.0000004158072788e-09,600.0
polak4.bch,coconutbenchmark-library2,smearsum,both,complete,1,3236,0.10316900000000002,0,1.0000004158072788e-09,600.0
polak4.bch,coconutbenchmark-library2,smearsumrel,both,complete,1,3224,0.09577400000000003,0,1.0000004158072788e-09,600.0
polak4.bch,coconutbenchmark-library2,largestfirst,xtaylor,complete,1,3198,0.08722100000000002,0,1.0000004158072788e-09,600.0
polak4.bch,coconutbenchmark-library2,lsmear,xtaylor,complete,1,3224,0.09598300000000003,0,1.0000004158072788e-09,600.0
polak4.bch,coconutbenchmark-library2,lsmear-box,xtaylor,complete,1,3224,0.09618800000000001,0,1.0000004158072788e-09,600.0
polak4.bch,coconutbenchmark-library2,roundrobin,xtaylor,complete,1,1270,0.3553580000000001,-9.898851532620368e-08,1.0114846737963035e-09,600.0
polak4.bch,coconutbenchmark-library2,smearmax,xtaylor,complete,1,3236,0.09610300000000002,0,1.0000004158072788e-09,600.0
polak4.bch,coconutbenchmark-library2,smearmaxrel,xtaylor,complete,1,3224,0.09812500000000003,0,1.0000004158072788e-09,600.0
polak4.bch,coconutbenchmark-library2,smearsum,xtaylor,complete,1,3236,0.09731600000000003,0,1.0000004158072788e-09,600.0
polak4.bch,coconutbenchmark-library2,smearsumrel,xtaylor,complete,1,3224,0.09360300000000002,0,1.0000004158072788e-09,600.0
polak5.bch,coconutbenchmark-library2,largestfirst,both,complete,1,4332,0.19873700000000002,49.96521424567827,50.01517945992394,600.0
polak5.bch,coconutbenchmark-library2,lsmear,both,complete,1,4344,0.24880600000000005,49.95004995104925,50.000000001000295,600.0
polak5.bch,coconutbenchmark-library2,lsmear-box,both,complete,1,4344,0.24635200000000007,49.95004995104925,50.000000001000295,600.0
polak5.bch,coconutbenchmark-library2,roundrobin,both,complete,1,300,0.06516200000000001,49.95004995104895,50.000000001,600.0
polak5.bch,coconutbenchmark-library2,smearmax,both,complete,1,4330,0.24957400000000005,49.95004995104895,50.000000001,600.0
polak5.bch,coconutbenchmark-library2,smearmaxrel,both,complete,1,4330,0.23354200000000006,49.95004995104895,50.000000001,600.0
polak5.bch,coconutbenchmark-library2,smearsum,both,complete,1,4330,0.23779500000000006,49.95004995104895,50.000000001,600.0
polak5.bch,coconutbenchmark-library2,smearsumrel,both,complete,1,4344,0.24007700000000007,49.95004995104925,50.000000001000295,600.0
polak5.bch,coconutbenchmark-library2,largestfirst,xtaylor,complete,1,4346,0.18845000000000003,49.96491927668392,50.0148841959606,600.0
polak5.bch,coconutbenchmark-library2,lsmear,xtaylor,complete,1,4344,0.22472400000000006,49.9500499510491,50.000000001000146,600.0
polak5.bch,coconutbenchmark-library2,lsmear-box,xtaylor,complete,1,4344,0.22328800000000007,49.9500499510491,50.000000001000146,600.0
polak5.bch,coconutbenchmark-library2,roundrobin,xtaylor,complete,1,300,0.05525200000000001,49.95004995104895,50.000000001,600.0
polak5.bch,coconutbenchmark-library2,smearmax,xtaylor,complete,1,4328,0.21545200000000003,49.950049951050865,50.00000000100191,600.0
polak5.bch,coconutbenchmark-library2,smearmaxrel,xtaylor,complete,1,4328,0.21533700000000006,49.950049951050865,50.00000000100191,600.0
polak5.bch,coconutbenchmark-library2,smearsum,xtaylor,complete,1,4328,0.21430500000000005,49.950049951050865,50.00000000100191,600.0
polak5.bch,coconutbenchmark-library2,smearsumrel,xtaylor,complete,1,4344,0.21474500000000005,49.9500499510491,50.000000001000146,600.0
polak6.bch,coconutbenchmark-library2,largestfirst,both,timeout,0,512744,600.0001290000002,-100000000,247744,600.0
polak6.bch,coconutbenchmark-library2,lsmear,both,timeout,0,410060,600.0020720000002,-100000000,116376,600.0
polak6.bch,coconutbenchmark-library2,lsmear-box,both,timeout,0,417188,600.0014030000002,-100000000,116376,600.0
polak6.bch,coconutbenchmark-library2,roundrobin,both,timeout,0,561854,600.0031430000001,-100000000,inf,600.0
polak6.bch,coconutbenchmark-library2,smearmax,both,timeout,0,470892,600.0020220000001,-100000000,78503.1986674969,600.0
polak6.bch,coconutbenchmark-library2,smearmaxrel,both,timeout,0,416236,600.0005340000001,-100000000,83376.31531302744,600.0
polak6.bch,coconutbenchmark-library2,smearsum,both,timeout,0,433032,600.0005230000002,-100000000,95894.1764717102,600.0
polak6.bch,coconutbenchmark-library2,smearsumrel,both,timeout,0,423848,600.0005690000003,-100000000,116376,600.0
polak6.bch,coconutbenchmark-library2,largestfirst,xtaylor,timeout,0,357826,600.0019130000001,-100000000,280832.79854412796,600.0
polak6.bch,coconutbenchmark-library2,lsmear,xtaylor,timeout,0,455264,600.0002230000001,-100000000,116376,600.0
polak6.bch,coconutbenchmark-library2,lsmear-box,xtaylor,timeout,0,461782,600.0015930000002,-100000000,114014.5,600.0
polak6.bch,coconutbenchmark-library2,roundrobin,xtaylor,timeout,0,650182,600.0004590000002,-100000000,inf,600.0
polak6.bch,coconutbenchmark-library2,smearmax,xtaylor,timeout,0,455088,600.0024490000002,-100000000,77941.69940570687,600.0
polak6.bch,coconutbenchmark-library2,smearmaxrel,xtaylor,timeout,0,459614,600.0005090000001,-100000000,83376.31531302744,600.0
polak6.bch,coconutbenchmark-library2,smearsum,xtaylor,timeout,0,481228,600.0003000000002,-100000000,95894.1764717102,600.0
polak6.bch,coconutbenchmark-library2,smearsumrel,xtaylor,timeout,0,470152,600.0018920000001,-100000000,114014.5,600.0
pollut.bch,unsolved,largestfirst,both,timeout,0,66944,600.0193250000002,-5854349.678094037,-5353167.0906362245,600.0
pollut.bch,unsolved,lsmear,both,timeout,0,36924,600.0134210000002,-5407677.5040377285,-5353167.0906362245,600.0
pollut.bch,unsolved,lsmear-box,both,timeout,0,36630,600.0221940000001,-5423194.965304717,-5353167.0906362245,600.0
pollut.bch,unsolved,roundrobin,both,timeout,0,43334,600.0256850000003,-5627462.286375595,-5353167.0906362245,600.0
pollut.bch,unsolved,smearmax,both,timeout,0,37952,600.0048530000003,-5452818.566709378,-5353167.0906362245,600.0
pollut.bch,unsolved,smearmaxrel,both,timeout,0,45074,600.0298750000003,-5559580.877493036,-5353211.467757493,600.0
pollut.bch,unsolved,smearsum,both,timeout,0,38922,600.0321100000001,-5455847.450038529,-5353266.921053724,600.0
pollut.bch,unsolved,smearsumrel,both,timeout,0,42408,600.0095620000003,-5518109.660663296,-5353266.921053725,600.0
pollut.bch,unsolved,largestfirst,xtaylor,timeout,0,74088,600.0028440000002,-6511168.536064505,-5353167.0906362245,600.0
pollut.bch,unsolved,lsmear,xtaylor,timeout,0,45394,600.0119600000003,-5693922.192498339,-5353167.0906362245,600.0
pollut.bch,unsolved,lsmear-box,xtaylor,timeout,0,46762,600.0169040000003,-5651997.620467607,-5353167.0906362245,600.0
pollut.bch,unsolved,roundrobin,xtaylor,timeout,0,45896,600.0050390000002,-6314765.707362714,-5353167.0906362245,600.0
pollut.bch,unsolved,smearmax,xtaylor,timeout,0,45772,600.0222880000001,-5693922.192498339,-5353167.0906362245,600.0
pollut.bch,unsolved,smearmaxrel,xtaylor,timeout,0,54550,600.0066390000003,-6565953.290737581,-5353167.0906362245,600.0
pollut.bch,unsolved,smearsum,xtaylor,timeout,0,45408,600.0495980000003,-5748566.676774389,-5353167.0906362245,600.0
pollut.bch,unsolved,smearsumrel,xtaylor,timeout,0,50106,600.0042750000002,-5966024.79446861,-5353167.0906362245,600.0
polygon25.bch,others,largestfirst,both,timeout,0,26370,600.0253450000002,-11.5,inf,600.0
polygon25.bch,others,lsmear,both,timeout,0,8124,600.1120010000002,-7.1875,inf,600.0
polygon25.bch,others,lsmear-box,both,timeout,0,11326,600.0094620000001,-7.911588983190471,inf,600.0
polygon25.bch,others,roundrobin,both,timeout,0,10848,600.0390480000001,-11,-0.5762167968040511,600.0
polygon25.bch,others,smearmax,both,timeout,0,7842,600.1623290000002,-8.594220851487849,inf,600.0
polygon25.bch,others,smearmaxrel,both,timeout,0,20200,600.0384680000003,-11.5,inf,600.0
polygon25.bch,others,smearsum,both,timeout,0,12182,600.0540600000002,-11.250000000000021,-0.7449858074147001,600.0
polygon25.bch,others,smearsumrel,both,timeout,0,13774,600.0026060000002,-10.487436867076477,-0.7301028114866885,600.0
polygon25.bch,others,largestfirst,xtaylor,timeout,0,70554,600.0019730000002,-11.5,inf,600.0
polygon25.bch,others,lsmear,xtaylor,timeout,0,10528,600.0153810000002,-7.1875,inf,600.0
polygon25.bch,others,lsmear-box,xtaylor,timeout,0,15072,600.0026280000002,-7.562610856728132,inf,600.0
polygon25.bch,others,roundrobin,xtaylor,timeout,0,19076,600.0227230000002,-11,-0.6165111516350238,600.0
polygon25.bch,others,smearmax,xtaylor,timeout,0,9484,600.0932610000002,-8.594220851487849,inf,600.0
polygon25.bch,others,smearmaxrel,xtaylor,timeout,0,34730,600.0072820000003,-11.5,inf,600.0
polygon25.bch,others,smearsum,xtaylor,timeout,0,19322,600.0019270000003,-11.000000000000021,-0.7429322732148277,600.0
polygon25.bch,others,smearsumrel,xtaylor,timeout,0,20858,600.0118760000003,-10.222271824131521,-0.7340556783370593,600.0
portfl1.bch,coconutbenchmark-library2,largestfirst,both,timeout,0,112698,600.0073540000002,0.0007547679850676925,0.025234249417192236,600.0
portfl1.bch,coconutbenchmark-library2,lsmear,both,timeout,0,77022,600.0051840000001,0.008402866052655571,0.020570592092606286,600.0
portfl1.bch,coconutbenchmark-library2,lsmear-box,both,timeout,0,77950,600.0025140000001,0.008416949259131267,0.020570592092606286,600.0
portfl1.bch,coconutbenchmark-library2,roundrobin,both,timeout,0,84632,600.0015100000003,0.009038563218277288,0.020612232351219915,600.0
portfl1.bch,coconutbenchmark-library2,smearmax,both,timeout,0,81974,600.0098810000002,0.0063966442941536155,0.02066295466544839,600.0
portfl1.bch,coconutbenchmark-library2,smearmaxrel,both,timeout,0,79790,600.0147450000003,0.007572895835111839,0.02067105721215503,600.0
portfl1.bch,coconutbenchmark-library2,smearsum,both,timeout,0,79318,600.0105670000003,0.006423612672206856,0.020653620544612505,600.0
portfl1.bch,coconutbenchmark-library2,smearsumrel,both,timeout,0,80282,600.0031720000003,0.006859984772776161,0.020653620544612502,600.0
portfl1.bch,coconutbenchmark-library2,largestfirst,xtaylor,timeout,0,131992,600.0043210000002,0.0007547679850676925,0.024807528119043867,600.0
portfl1.bch,coconutbenchmark-library2,lsmear,xtaylor,timeout,0,92494,600.0063180000003,0.008509797303582261,0.020570174917635613,600.0
portfl1.bch,coconutbenchmark-library2,lsmear-box,xtaylor,timeout,0,94052,600.0057260000002,0.008536661313808955,0.020570174917635613,600.0
portfl1.bch,coconutbenchmark-library2,roundrobin,xtaylor,timeout,0,98640,600.0017170000002,0.009143048372705527,0.020612232351219915,600.0
portfl1.bch,coconutbenchmark-library2,smearmax,xtaylor,timeout,0,98820,600.0066280000003,0.006504029311477163,0.02063934240038561,600.0
portfl1.bch,coconutbenchmark-library2,smearmaxrel,xtaylor,timeout,0,96174,600.0022990000002,0.007737331622162408,0.020671057212155036,600.0
portfl1.bch,coconutbenchmark-library2,smearsum,xtaylor,timeout,0,99010,600.0035710000003,0.006571012310454624,0.02061503875466516,600.0
portfl1.bch,coconutbenchmark-library2,smearsumrel,xtaylor,timeout,0,98500,600.0143750000001,0.006992588365165853,0.020650189149417852,600.0
pressure-vessel.bch,easy,largestfirst,both,complete,1,10,0.006305000000000001,3082.74688742159,3085.8296343090115,600.0
pressure-vessel.bch,easy,lsmear,both,complete,1,8,0.007341000000000002,3082.227820767985,3085.3100485887526,600.0
pressure-vessel.bch,easy,lsmear-box,both,complete,1,8,0.006466000000000001,3082.227820767985,3085.3100485887526,600.0
pressure-vessel.bch,easy,roundrobin,both,complete,1,10,0.007766000000000003,3081.6377620669523,3084.7193998290186,600.0
pressure-vessel.bch,easy,smearmax,both,complete,1,10,0.005191000000000002,3082.571312403949,3085.6538837163525,600.0
pressure-vessel.bch,easy,smearmaxrel,both,complete,1,8,0.005939000000000003,3082.227820767985,3085.3100485887526,600.0
pressure-vessel.bch,easy,smearsum,both,complete,1,10,0.005203000000000001,3082.571312403949,3085.6538837163525,600.0
pressure-vessel.bch,easy,smearsumrel,both,complete,1,8,0.005777000000000001,3082.227820767985,3085.3100485887526,600.0
pressure-vessel.bch,easy,largestfirst,xtaylor,complete,1,10,0.006236000000000002,3082.747083802755,3085.829830886557,600.0
pressure-vessel.bch,easy,lsmear,xtaylor,complete,1,8,0.005325000000000001,3082.228143894314,3085.310372038208,600.0
pressure-vessel.bch,easy,lsmear-box,xtaylor,complete,1,8,0.005613000000000001,3082.228143894314,3085.310372038208,600.0
pressure-vessel.bch,easy,roundrobin,xtaylor,complete,1,10,0.007034000000000002,3081.637773687149,3084.719411460836,600.0
pressure-vessel.bch,easy,smearmax,xtaylor,complete,1,10,0.005035000000000003,3082.5724999269983,3085.655072426925,600.0
pressure-vessel.bch,easy,smearmaxrel,xtaylor,complete,1,8,0.005714000000000001,3082.228143894314,3085.310372038208,600.0
pressure-vessel.bch,easy,smearsum,xtaylor,complete,1,10,0.004793000000000001,3082.5724999269983,3085.655072426925,600.0
pressure-vessel.bch,easy,smearsumrel,xtaylor,complete,1,8,0.005675000000000001,3082.228143894314,3085.310372038208,600.0
process.bch,easy,largestfirst,both,complete,1,950,3.281970000000001,-1161.383009669094,-1161.3071811896552,600.0
process.bch,easy,lsmear,both,complete,1,96,0.3745740000000001,-1162.49726512586,-1161.3347678607342,600.0
process.bch,easy,lsmear-box,both,complete,1,160,0.6433050000000002,-1162.4958486758226,-1161.3333528271469,600.0
process.bch,easy,roundrobin,both,complete,1,200,0.6633470000000002,-1162.449029191953,-1161.2865801627613,600.0
process.bch,easy,smearmax,both,complete,1,184,0.6482990000000003,-1162.4931027620214,-1161.3306096592596,600.0
process.bch,easy,smearmaxrel,both,complete,1,746,1.2981950000000004,-1162.4800468858077,-1161.3175668389222,600.0
process.bch,easy,smearsum,both,complete,1,196,0.6740440000000002,-1162.1704160240001,-1161.0082456079763,600.0
process.bch,easy,smearsumrel,both,complete,1,164,0.5193350000000001,-1162.4719907590181,-1161.3095187682593,600.0
process.bch,easy,largestfirst,xtaylor,complete,1,1492,4.763551000000001,-1161.764023986572,-1160.6022599625858,600.0
process.bch,easy,lsmear,xtaylor,complete,1,154,0.5255690000000002,-1161.5345138131547,-1160.3729792993418,600.0
process.bch,easy,lsmear-box,xtaylor,complete,1,78,0.3208850000000001,-1161.4705722173915,-1161.3361759919107,600.0
process.bch,easy,roundrobin,xtaylor,complete,1,276,0.8141710000000002,-1162.4150196280655,-1161.2526046084377,600.0
process.bch,easy,smearmax,xtaylor,complete,1,334,1.0584400000000003,-1162.4985841955056,-1161.3360856113104,600.0
process.bch,easy,smearmaxrel,xtaylor,complete,1,1596,1.9118540000000006,-1161.8864034423373,-1160.724517038895,600.0
process.bch,easy,smearsum,xtaylor,complete,1,374,1.1298750000000002,-1162.447571416798,-1161.2851238453813,600.0
process.bch,easy,smearsumrel,xtaylor,complete,1,218,0.6169890000000001,-1161.4205391518444,-1160.2591186126929,600.0
prolog.bch,unsolved,largestfirst,both,timeout,0,58558,600.0082740000001,-91278281.97936301,192.89145512133837,600.0
prolog.bch,unsolved,lsmear,both,timeout,0,22972,600.0426730000001,-389203.27307214926,2.6034103939309716e-06,600.0
prolog.bch,unsolved,lsmear-box,both,timeout,0,22104,600.0359630000002,-389203.27307214926,2.6034103939309716e-06,600.0
prolog.bch,unsolved,roundrobin,both,timeout,0,41704,600.0508120000002,-22072933.375139832,42.588692489381344,600.0
prolog.bch,unsolved,smearmax,both,timeout,0,27180,600.0198920000003,-851747.1650899667,1.7069745808839798e-05,600.0
prolog.bch,unsolved,smearmaxrel,both,timeout,0,43812,600.0144930000001,-944487.4948854357,246.56602212693542,600.0
prolog.bch,unsolved,smearsum,both,timeout,0,26478,600.0281810000002,-692787.3051291027,8.626841008663177e-06,600.0
prolog.bch,unsolved,smearsumrel,both,timeout,0,40880,600.0129870000002,-284556.0745432596,8.00132766587194,600.0
prolog.bch,unsolved,largestfirst,xtaylor,timeout,0,84574,600.0108520000001,-71335449.28163102,111.38641924317928,600.0
prolog.bch,unsolved,lsmear,xtaylor,timeout,0,55754,600.0070360000002,-44532.43003245804,2.0956285879947245e-06,600.0
prolog.bch,unsolved,lsmear-box,xtaylor,timeout,0,55662,600.0094570000002,-44686.38770167221,2.0956285879947245e-06,600.0
prolog.bch,unsolved,roundrobin,xtaylor,timeout,0,61192,600.0226970000001,-15016975.575103171,26.919755701289034,600.0
prolog.bch,unsolved,smearmax,xtaylor,timeout,0,48150,600.0166280000002,-469240.7926803852,4.533096216619015e-06,600.0
prolog.bch,unsolved,smearmaxrel,xtaylor,timeout,0,71586,600.0020430000002,-590177.5090440139,354.9691117095639,600.0
prolog.bch,unsolved,smearsum,xtaylor,timeout,0,49502,600.0254540000002,-372662.4599288779,5.934271030128002e-06,600.0
prolog.bch,unsolved,smearsumrel,xtaylor,timeout,0,66302,600.0084200000002,-197025.47387328465,9.378239341080189,600.0
qp1-1.bch,unsolved,largestfirst,both,timeout,0,8284,600.0882540000001,-37.91839500734825,0.005346396393925825,600.0
qp1-1.bch,unsolved,lsmear,both,timeout,0,6368,600.0127520000003,-4.419244624363589,0.021909507821595935,600.0
qp1-1.bch,unsolved,lsmear-box,both,timeout,0,6442,600.2657470000001,-4.419244624363589,0.021909507821595935,600.0
qp1-1.bch,unsolved,roundrobin,both,timeout,0,6218,600.0455930000003,-5.068837014649583,0.016978525782316723,600.0
qp1-1.bch,unsolved,smearmax,both,timeout,0,5982,600.0688610000002,-4.404208250237715,0.021567757252913173,600.0
qp1-1.bch,unsolved,smearmaxrel,both,timeout,0,5158,600.0090820000001,-4.949470797270001,0.03660841491007217,600.0
qp1-1.bch,unsolved,smearsum,both,timeout,0,5138,600.0596470000003,-4.923092368848437,0.04803681586422749,600.0
qp1-1.bch,unsolved,smearsumrel,both,timeout,0,5314,600.0306000000003,-6.69070807315795,0.029832293914848273,600.0
qp1-1.bch,unsolved,largestfirst,xtaylor,timeout,0,9766,600.0195690000002,-37.918395007348295,0.008231509124126865,600.0
qp1-1.bch,unsolved,lsmear,xtaylor,timeout,0,6582,600.0179320000002,-4.371295943009055,0.03725981724991517,600.0
qp1-1.bch,unsolved,lsmear-box,xtaylor,timeout,0,6254,600.0679200000003,-4.371295943009055,0.03725981724991517,600.0
qp1-1.bch,unsolved,roundrobin,xtaylor,timeout,0,7672,600.0126050000002,-4.806455772984406,0.01697852578231729,600.0
qp1-1.bch,unsolved,smearmax,xtaylor,timeout,0,6538,600.1327180000003,-4.313082677603534,0.017512073336044452,600.0
qp1-1.bch,unsolved,smearmaxrel,xtaylor,timeout,0,5688,600.1163260000003,-4.949470797269997,0.02883951225488224,600.0
qp1-1.bch,unsolved,smearsum,xtaylor,timeout,0,5832,600.3001060000001,-4.923092368848432,0.029348060126444364,600.0
qp1-1.bch,unsolved,smearsumrel,xtaylor,timeout,0,6544,600.1514950000002,-6.018061493979762,0.01816039650974781,600.0
qp1.bch,unsolved,largestfirst,both,timeout,0,8040,600.0984940000002,-37.91839527294971,0.010404684346814226,600.0
qp1.bch,unsolved,lsmear,both,timeout,0,6144,600.2062070000003,-4.417008978752458,0.023045820235433872,600.0
qp1.bch,unsolved,lsmear-box,both,timeout,0,6292,600.2668980000002,-4.417008978752458,0.023045820235433872,600.0
qp1.bch,unsolved,roundrobin,both,timeout,0,6044,600.0742980000002,-4.917304918450398,0.016978525458446726,600.0
qp1.bch,unsolved,smearmax,both,timeout,0,5412,600.1662020000003,-4.936676116234091,0.03448273298137014,600.0
qp1.bch,unsolved,smearmaxrel,both,timeout,0,5136,600.0318120000002,-4.949470861848233,0.061646258521700345,600.0
qp1.bch,unsolved,smearsum,both,timeout,0,5282,600.1747470000003,-4.930460384314098,0.02048735656456592,600.0
qp1.bch,unsolved,smearsumrel,both,timeout,0,5160,600.0745050000002,-7.028082120977289,0.024657853642102236,600.0
qp1.bch,unsolved,largestfirst,xtaylor,timeout,0,10382,600.0027610000002,-37.918395272949525,0.006327238969135144,600.0
qp1.bch,unsolved,lsmear,xtaylor,timeout,0,6456,600.0684110000002,-4.396571721701795,0.03462584283766565,600.0
qp1.bch,unsolved,lsmear-box,xtaylor,timeout,0,6476,600.1003780000002,-4.396571721701795,0.03462584283766565,600.0
qp1.bch,unsolved,roundrobin,xtaylor,timeout,0,7196,600.0098250000003,-4.791230757861167,0.016978525458447285,600.0
qp1.bch,unsolved,smearmax,xtaylor,timeout,0,7394,600.2613340000001,-3.8552443435303725,0.022248658667957385,600.0
qp1.bch,unsolved,smearmaxrel,xtaylor,timeout,0,5716,600.0936920000001,-4.9823085831874945,0.020286466641288546,600.0
qp1.bch,unsolved,smearsum,xtaylor,timeout,0,5898,600.1640930000002,-4.933382663319182,0.01327484170780773,600.0
qp1.bch,unsolved,smearsumrel,xtaylor,timeout,0,6326,600.1578780000002,-5.999187333924369,0.01742684578618082,600.0
qp2.bch,unsolved,largestfirst,both,timeout,0,15624,600.0297810000003,-37.93126294657993,0.006105548445235021,600.0
qp2.bch,unsolved,lsmear,both,timeout,0,10716,600.0245420000002,-4.460285483899816,0.01830489303239252,600.0
qp2.bch,unsolved,lsmear-box,both,timeout,0,10724,600.0528190000002,-4.460285483899816,0.01830489303239252,600.0
qp2.bch,unsolved,roundrobin,both,timeout,0,11652,600.0396660000001,-4.73282402949478,0.014536391838681084,600.0
qp2.bch,unsolved,smearmax,both,timeout,0,11840,600.0594750000002,-3.7239631546861656,0.011625345910111844,600.0
qp2.bch,unsolved,smearmaxrel,both,timeout,0,9238,600.1514340000002,-4.17233684351845,0.03434894880567593,600.0
qp2.bch,unsolved,smearsum,both,timeout,0,9990,600.0178850000003,-3.7166527621080014,0.017152783533374377,600.0
qp2.bch,unsolved,smearsumrel,both,timeout,0,9354,600.0934390000003,-5.2978926436410925,0.021564866722520403,600.0
qp2.bch,unsolved,largestfirst,xtaylor,timeout,0,19270,600.0397210000002,-37.93126294657967,0.004573500948836257,600.0
qp2.bch,unsolved,lsmear,xtaylor,timeout,0,12394,600.0291010000002,-4.428724892337877,0.021256478655090866,600.0
qp2.bch,unsolved,lsmear-box,xtaylor,timeout,0,12474,600.0707280000001,-4.428724892337877,0.021256478655090866,600.0
qp2.bch,unsolved,roundrobin,xtaylor,timeout,0,14428,600.0137530000002,-4.732824029494784,0.014536391838681358,600.0
qp2.bch,unsolved,smearmax,xtaylor,timeout,0,12594,600.0327560000002,-3.6956140183755233,0.017709608371633125,600.0
qp2.bch,unsolved,smearmaxrel,xtaylor,timeout,0,10274,600.0521940000003,-3.767847524603186,0.03220934062865198,600.0
qp2.bch,unsolved,smearsum,xtaylor,timeout,0,10912,600.0511260000003,-3.711074286385949,0.024297915581615166,600.0
qp2.bch,unsolved,smearsumrel,xtaylor,timeout,0,11258,600.0226590000002,-5.014108982495502,0.02935584527281875,600.0
ramsey.bch,blowup,largestfirst,both,complete,1,438,5.310592000000002,-2.4885268844264257,-2.4860383575419998,600.0
ramsey.bch,blowup,lsmear,both,complete,1,90,1.0732370000000002,-2.488824881042774,-2.487286506285492,600.0
ramsey.bch,blowup,lsmear-box,both,complete,1,100,1.4167740000000002,-2.488824881042774,-2.48730083551469,600.0
ramsey.bch,blowup,roundrobin,both,complete,1,112,1.2541920000000004,-2.4898802928902652,-2.4873904125973754,600.0
ramsey.bch,blowup,smearmax,both,complete,1,18,0.308267,-2.4886489589948537,-2.4861926682478455,600.0
ramsey.bch,blowup,smearmaxrel,both,complete,1,76,0.8216740000000001,-2.4887262444264215,-2.4862375181819956,600.0
ramsey.bch,blowup,smearsum,both,complete,1,46,0.5122950000000002,-2.4889820518197903,-2.486493069767971,600.0
ramsey.bch,blowup,smearsumrel,both,complete,1,158,2.2026790000000007,-2.4883181385283826,-2.4858298203898546,600.0
ramsey.bch,blowup,largestfirst,xtaylor,timeout,0,42876,600.0233000000002,-2.492271973698756,-2.4872586361114544,600.0
ramsey.bch,blowup,lsmear,xtaylor,complete,1,112,1.8178050000000003,-2.4877868686026083,-2.487222407696942,600.0
ramsey.bch,blowup,lsmear-box,xtaylor,complete,1,112,1.8041830000000003,-2.4877868686026083,-2.487222407696942,600.0
ramsey.bch,blowup,roundrobin,xtaylor,complete,1,508,7.307429000000003,-2.4880981648449003,-2.485610066680056,600.0
ramsey.bch,blowup,smearmax,xtaylor,complete,1,162,1.4059740000000003,-2.489755212191256,-2.487265456979065,600.0
ramsey.bch,blowup,smearmaxrel,xtaylor,complete,1,1128,14.909639000000004,-2.489622277604215,-2.487132655326611,600.0
ramsey.bch,blowup,smearsum,xtaylor,complete,1,118,1.0954490000000006,-2.4885098202341887,-2.486021310413955,600.0
ramsey.bch,blowup,smearsumrel,xtaylor,complete,1,420,7.102765000000001,-2.4892281957749978,-2.4867389675792233,600.0
ramseybis.bch,blowup,largestfirst,both,complete,1,396,4.195514000000001,-2.4886148730451176,-2.486126258172073,600.0
ramseybis.bch,blowup,lsmear,both,complete,1,154,1.5551660000000003,-2.489194786457735,-2.487396859907943,600.0
ramseybis.bch,blowup,lsmear-box,both,complete,1,154,1.5548420000000005,-2.489194786457735,-2.4874012776554073,600.0
ramseybis.bch,blowup,roundrobin,both,complete,1,96,0.8390620000000002,-2.4885626833600774,-2.486074120676718,600.0
ramseybis.bch,blowup,smearmax,both,complete,1,110,1.1524990000000004,-2.48850749930829,-2.4871769234303023,600.0
ramseybis.bch,blowup,smearmaxrel,both,complete,1,92,1.0389160000000002,-2.489521487622869,-2.4870319661352465,600.0
ramseybis.bch,blowup,smearsum,both,complete,1,60,0.6222520000000002,-2.489764374720623,-2.487274610345903,600.0
ramseybis.bch,blowup,smearsumrel,both,complete,1,286,3.877453000000001,-2.4886069658005665,-2.4869564294816073,600.0
ramseybis.bch,blowup,largestfirst,xtaylor,complete,1,4978,71.72711100000002,-2.4895140690512942,-2.487024554982243,600.0
ramseybis.bch,blowup,lsmear,xtaylor,complete,1,94,1.3870960000000003,-2.4884377988603528,-2.4870155436435795,600.0
ramseybis.bch,blowup,lsmear-box,xtaylor,complete,1,76,1.2509490000000003,-2.4882417124525777,-2.4870977401337653,600.0
ramseybis.bch,blowup,roundrobin,xtaylor,complete,1,296,3.8004350000000007,-2.4884072313476393,-2.485918824116292,600.0
ramseybis.bch,blowup,smearmax,xtaylor,complete,1,68,0.7776330000000001,-2.4885074314264037,-2.486018923994978,600.0
ramseybis.bch,blowup,smearmaxrel,xtaylor,complete,1,940,11.736835000000003,-2.4896245588564394,-2.4871349342975835,600.0
ramseybis.bch,blowup,smearsum,xtaylor,complete,1,92,1.0149680000000005,-2.4894929500483616,-2.4870034570983135,600.0
ramseybis.bch,blowup,smearsumrel,xtaylor,complete,1,788,13.759912000000002,-2.4890308566275032,-2.486541825770876,600.0
rastrigin.bch,easy,largestfirst,both,complete,1,526,0.24730700000000003,0,2.240518881535536e-09,600.0
rastrigin.bch,easy,lsmear,both,complete,1,10,0.007869000000000001,0,2.1316282072803006e-14,600.0
rastrigin.bch,easy,lsmear-box,both,complete,1,10,0.0077870000000000005,0,2.1316282072803006e-14,600.0
rastrigin.bch,easy,roundrobin,both,complete,1,10,0.006220000000000001,0,2.1316282072803006e-14,600.0
rastrigin.bch,easy,smearmax,both,complete,1,10,0.0075070000000000015,0,2.1316282072803006e-14,600.0
rastrigin.bch,easy,smearmaxrel,both,complete,1,14,0.010298000000000002,0,2.1316282072803006e-14,600.0
rastrigin.bch,easy,smearsum,both,complete,1,10,0.007438000000000001,0,2.1316282072803006e-14,600.0
rastrigin.bch,easy,smearsumrel,both,complete,1,10,0.007565000000000001,0,2.1316282072803006e-14,600.0
rastrigin.bch,easy,largestfirst,xtaylor,complete,1,526,0.21994000000000005,0,2.240518881535536e-09,600.0
rastrigin.bch,easy,lsmear,xtaylor,complete,1,10,0.007007000000000002,0,2.1316282072803006e-14,600.0
rastrigin.bch,easy,lsmear-box,xtaylor,complete,1,10,0.007003000000000001,0,2.1316282072803006e-14,600.0
rastrigin.bch,easy,roundrobin,xtaylor,complete,1,10,0.00538,0,2.1316282072803006e-14,600.0
rastrigin.bch,easy,smearmax,xtaylor,complete,1,10,0.0066690000000000004,0,2.1316282072803006e-14,600.0
rastrigin.bch,easy,smearmaxrel,xtaylor,complete,1,14,0.008851000000000003,0,2.1316282072803006e-14,600.0
rastrigin.bch,easy,smearsum,xtaylor,complete,1,10,0.006230000000000001,0,2.1316282072803006e-14,600.0
rastrigin.bch,easy,smearsumrel,xtaylor,complete,1,10,0.006222000000000003,0,2.1316282072803006e-14,600.0
rk23.bch,coconutbenchmark-library2,largestfirst,both,timeout,0,7419982,600.0001150000003,0,inf,600.0
rk23.bch,coconutbenchmark-library2,lsmear,both,timeout,0,6600978,600.0001100000002,0,inf,600.0
rk23.bch,coconutbenchmark-library2,lsmear-box,both,timeout,0,6582910,600.0000960000002,0,inf,600.0
rk23.bch,coconutbenchmark-library2,roundrobin,both,timeout,0,7008566,600.0001540000002,0,inf,600.0
rk23.bch,coconutbenchmark-library2,smearmax,both,timeout,0,6551908,600.0001600000003,0,inf,600.0
rk23.bch,coconutbenchmark-library2,smearmaxrel,both,timeout,0,6621592,600.0001300000002,0,inf,600.0
rk23.bch,coconutbenchmark-library2,smearsum,both,timeout,0,6592394,600.0002100000002,0,inf,600.0
rk23.bch,coconutbenchmark-library2,smearsumrel,both,timeout,0,6592534,600.0001070000003,0,inf,600.0
rk23.bch,coconutbenchmark-library2,largestfirst,xtaylor,timeout,0,7495180,600.0000840000002,0,inf,600.0
rk23.bch,coconutbenchmark-library2,lsmear,xtaylor,timeout,0,6580546,600.0000850000001,0,inf,600.0
rk23.bch,coconutbenchmark-library2,lsmear-box,xtaylor,timeout,0,6621086,600.0001320000001,0,inf,600.0
rk23.bch,coconutbenchmark-library2,roundrobin,xtaylor,timeout,0,6923044,600.0001820000002,0,inf,600.0
rk23.bch,coconutbenchmark-library2,smearmax,xtaylor,timeout,0,6617692,600.0001780000002,0,inf,600.0
rk23.bch,coconutbenchmark-library2,smearmaxrel,xtaylor,timeout,0,6596916,600.0001570000002,0,inf,600.0
rk23.bch,coconutbenchmark-library2,smearsum,xtaylor,timeout,0,6591548,600.0000540000001,0,inf,600.0
rk23.bch,coconutbenchmark-library2,smearsumrel,xtaylor,timeout,0,6607778,600.0000720000002,0,inf,600.0
robot.bch,coconutbenchmark-library2,largestfirst,both,killed,0,0,960.0,-inf,inf,600.0
robot.bch,coconutbenchmark-library2,lsmear,both,killed,0,0,960.0,-inf,inf,600.0
robot.bch,coconutbenchmark-library2,lsmear-box,both,killed,0,0,960.0,-inf,inf,600.0
robot.bch,coconutbenchmark-library2,roundrobin,both,killed,0,0,960.0,-inf,inf,600.0
robot.bch,coconutbenchmark-library2,smearmax,both,killed,0,0,960.0,-inf,inf,600.0
robot.bch,coconutbenchmark-library2,smearmaxrel,both,killed,0,0,960.0,-inf,inf,600.0
robot.bch,coconutbenchmark-library2,smearsum,both,killed,0,0,960.0,-inf,inf,600.0
robot.bch,coconutbenchmark-library2,smearsumrel,both,killed,0,0,960.0,-inf,inf,600.0
robot.bch,coconutbenchmark-library2,largestfirst,xtaylor,killed,0,0,960.0,-inf,inf,600.0
robot.bch,coconutbenchmark-library2,lsmear,xtaylor,killed,0,0,960.0,-inf,inf,600.0
robot.bch,coconutbenchmark-library2,lsmear-box,xtaylor,killed,0,0,960.0,-inf,inf,600.0
robot.bch,coconutbenchmark-library2,roundrobin,xtaylor,killed,0,0,960.0,-inf,inf,600.0
robot.bch,coconutbenchmark-library2,smearmax,xtaylor,killed,0,0,960.0,-inf,inf,600.0
robot.bch,coconutbenchmark-library2,smearmaxrel,xtaylor,killed,0,0,960.0,-inf,inf,600.0
robot.bch,coconutbenchmark-library2,smearsum,xtaylor,killed,0,0,960.0,-inf,inf,600.0
robot.bch,coconutbenchmark-library2,smearsumrel,xtaylor,killed,0,0,960.0,-inf,inf,600.0
rosenbrock.bch,easy,largestfirst,affine,complete,1,30,0.007436000000000002,0,4.661317119538978e-08,60.0
rosenbrock.bch,easy,lsmear,affine,complete,1,38,0.011429000000000002,0,1.8566612660178745e-08,60.0
rosenbrock.bch,easy,lsmear-box,affine,complete,1,38,0.011509000000000004,0,1.8566612660178745e-08,60.0
rosenbrock.bch,easy,roundrobin,affine,complete,1,34,0.007603000000000002,0,7.283846610923689e-08,60.0
rosenbrock.bch,easy,smearmax,affine,complete,1,38,0.009877000000000002,0,1.8566612660178745e-08,60.0
rosenbrock.bch,easy,smearmaxrel,affine,complete,1,38,0.009546,0,1.8566612660178745e-08,60.0
rosenbrock.bch,easy,smearsum,affine,complete,1,38,0.009242000000000002,0,1.8566612660178745e-08,60.0
rosenbrock.bch,easy,smearsumrel,affine,complete,1,38,0.009570000000000004,0,1.8566612660178745e-08,60.0
rosenbrock.bch,easy,largestfirst,both,complete,1,26,0.007642000000000004,0,3.0502629393252446e-08,600.0
rosenbrock.bch,easy,lsmear,both,complete,1,26,0.009493000000000005,0,8.684164890845983e-08,600.0
rosenbrock.bch,easy,lsmear-box,both,complete,1,26,0.009176000000000004,0,8.684164890845983e-08,600.0
rosenbrock.bch,easy,roundrobin,both,complete,1,44,0.013688000000000002,0,1.1163298775639015e-09,600.0
rosenbrock.bch,easy,smearmax,both,complete,1,26,0.008088000000000003,0,8.684164890845983e-08,600.0
rosenbrock.bch,easy,smearmaxrel,both,complete,1,26,0.008100000000000001,0,8.684164890845983e-08,600.0
rosenbrock.bch,easy,smearsum,both,complete,1,26,0.008089,0,8.684164890845983e-08,600.0
rosenbrock.bch,easy,smearsumrel,both,complete,1,26,0.008077000000000003,0,8.684164890845983e-08,600.0
rosenbrock.bch,easy,largestfirst,xtaylor,complete,1,26,0.007123000000000001,0,3.0502629393252446e-08,600.0
rosenbrock.bch,easy,lsmear,xtaylor,complete,1,26,0.008664000000000003,0,8.684164890845983e-08,600.0
rosenbrock.bch,easy,lsmear-box,xtaylor,complete,1,26,0.008683000000000001,0,8.684164890845983e-08,600.0
rosenbrock.bch,easy,roundrobin,xtaylor,complete,1,44,0.012646000000000001,0,1.1163298775639015e-09,600.0
rosenbrock.bch,easy,smearmax,xtaylor,complete,1,26,0.007532000000000002,0,8.684164890845983e-08,600.0
rosenbrock.bch,easy,smearmaxrel,xtaylor,complete,1,26,0.007532000000000002,0,8.684164890845983e-08,600.0
rosenbrock.bch,easy,smearsum,xtaylor,complete,1,26,0.007582000000000001,0,8.684164890845983e-08,600.0
rosenbrock.bch,easy,smearsumrel,xtaylor,complete,1,26,0.007573000000000001,0,8.684164890845983e-08,600.0
rosenbrock10.bch,easy,largestfirst,both,complete,1,950,0.6412270000000002,0,2.5104443128617066e-08,600.0
rosenbrock10.bch,easy,lsmear,both,complete,1,508,0.6145860000000002,0,7.255521774228918e-08,600.0
rosenbrock10.bch,easy,lsmear-box,both,complete,1,508,0.6206940000000003,0,7.255521774228918e-08,600.0
rosenbrock10.bch,easy,roundrobin,both,complete,1,304,0.30519200000000013,0,7.877675956391796e-08,600.0
rosenbrock10.bch,easy,smearmax,both,complete,1,508,0.5743510000000002,0,7.255521774228918e-08,600.0
rosenbrock10.bch,easy,smearmaxrel,both,complete,1,508,0.5772120000000002,0,7.255521774228918e-08,600.0
rosenbrock10.bch,easy,smearsum,both,complete,1,508,0.5758030000000002,0,7.255521774228918e-08,600.0
rosenbrock10.bch,easy,smearsumrel,both,complete,1,508,0.5709290000000001,0,7.255521774228918e-08,600.0
rosenbrock10.bch,easy,largestfirst,xtaylor,complete,1,950,0.5268730000000001,0,2.5104442994223378e-08,600.0
rosenbrock10.bch,easy,lsmear,xtaylor,complete,1,362,0.35651600000000006,0,7.820011099682076e-08,600.0
rosenbrock10.bch,easy,lsmear-box,xtaylor,complete,1,362,0.35029500000000013,0,7.820011099682076e-08,600.0
rosenbrock10.bch,easy,roundrobin,xtaylor,complete,1,304,0.24842900000000004,0,7.877675956391796e-08,600.0
rosenbrock10.bch,easy,smearmax,xtaylor,complete,1,362,0.32282700000000014,0,7.820011099682076e-08,600.0
rosenbrock10.bch,easy,smearmaxrel,xtaylor,complete,1,362,0.32780100000000006,0,7.820011099682076e-08,600.0
rosenbrock10.bch,easy,smearsum,xtaylor,complete,1,362,0.32238300000000014,0,7.820011099682076e-08,600.0
rosenbrock10.bch,easy,smearsumrel,xtaylor,complete,1,362,0.3250980000000001,0,7.820011099682076e-08,600.0
s365mod.bch,coconutbenchmark-library2,largestfirst,both,timeout,0,138264,600.0021510000003,0.25000000000000033,inf,600.0
s365mod.bch,coconutbenchmark-library2,lsmear,both,timeout,0,472950,600.0017100000002,0.25000000000000006,inf,600.0
s365mod.bch,coconutbenchmark-library2,lsmear-box,both,timeout,0,494226,600.0011320000002,0.25000000000000006,inf,600.0
s365mod.bch,coconutbenchmark-library2,roundrobin,both,timeout,0,650078,600.0001190000002,0.25,inf,600.0
s365mod.bch,coconutbenchmark-library2,smearmax,both,timeout,0,720728,600.0012920000001,0.25,inf,600.0
s365mod.bch,coconutbenchmark-library2,smearmaxrel,both,timeout,0,653298,600.0000390000001,0.25,inf,600.0
s365mod.bch,coconutbenchmark-library2,smearsum,both,timeout,0,743280,600.0024640000001,0.25,inf,600.0
s365mod.bch,coconutbenchmark-library2,smearsumrel,both,timeout,0,562314,600.0016180000002,0.25000000000000006,inf,600.0
s365mod.bch,coconutbenchmark-library2,largestfirst,xtaylor,timeout,0,356030,600.0065570000002,0.2500000000000006,inf,600.0
s365mod.bch,coconutbenchmark-library2,lsmear,xtaylor,timeout,0,518084,600.0003740000003,0.25000000000000006,inf,600.0
s365mod.bch,coconutbenchmark-library2,lsmear-box,xtaylor,timeout,0,536584,600.0007220000001,0.25000000000000006,inf,600.0
s365mod.bch,coconutbenchmark-library2,roundrobin,xtaylor,timeout,0,691536,600.0026900000003,0.25,inf,600.0
s365mod.bch,coconutbenchmark-library2,smearmax,xtaylor,timeout,0,711820,600.0018070000001,0.25,inf,600.0
s365mod.bch,coconutbenchmark-library2,smearmaxrel,xtaylor,timeout,0,650510,600.0002310000001,0.25,inf,600.0
s365mod.bch,coconutbenchmark-library2,smearsum,xtaylor,timeout,0,753834,600.0008670000002,0.25,inf,600.0
s365mod.bch,coconutbenchmark-library2,smearsumrel,xtaylor,timeout,0,625504,600.0010680000003,0.25000000000000006,inf,600.0
sambal.bch,hard,largestfirst,both,timeout,0,267338,600.0018940000002,1.4225791657485571e-28,4.203619336731774,600.0
sambal.bch,hard,lsmear,both,complete,1,21448,109.49179500000002,3.966389569337551,3.970355958906888,600.0
sambal.bch,hard,lsmear-box,both,complete,1,19702,100.28117700000001,3.966085431049456,3.9700515164805052,600.0
sambal.bch,hard,roundrobin,both,complete,1,33058,174.09841000000006,3.96606583608258,3.970031901918662,600.0
sambal.bch,hard,smearmax,both,complete,1,39560,239.44426000000004,3.9657358196605896,3.96970155548025,600.0
sambal.bch,hard,smearmaxrel,both,timeout,0,111964,600.0047190000001,3.721950347541398,3.9758015392013712,600.0
sambal.bch,hard,smearsum,both,complete,1,37792,220.89942200000007,3.9652260891694207,3.96919131525859,600.0
sambal.bch,hard,smearsumrel,both,complete,1,32118,199.57964100000007,3.9661951598023024,3.970161354962104,600.0
sambal.bch,hard,largestfirst,xtaylor,timeout,0,435886,600.0029020000001,1.3645372076067186e-28,4.656995369288687,600.0
sambal.bch,hard,lsmear,xtaylor,timeout,0,117084,600.0152390000001,3.6760405125163853,3.996167856487494,600.0
sambal.bch,hard,lsmear-box,xtaylor,timeout,0,117690,600.0077070000001,3.653904057313409,3.9999191408094257,600.0
sambal.bch,hard,roundrobin,xtaylor,timeout,0,114342,600.0016800000001,3.123468130286449,3.9863799986720525,600.0
sambal.bch,hard,smearmax,xtaylor,timeout,0,108586,600.0021260000002,2.852462435963579,3.979369262703089,600.0
sambal.bch,hard,smearmaxrel,xtaylor,timeout,0,164850,600.0044370000003,1.702404996938922,4.076015373722224,600.0
sambal.bch,hard,smearsum,xtaylor,timeout,0,111474,600.0086210000002,2.9686750622987836,3.974045998006988,600.0
sambal.bch,hard,smearsumrel,xtaylor,timeout,0,122772,600.0027760000003,2.901246793986781,3.9796865115609403,600.0
schaffer.bch,easy,largestfirst,affine,complete,1,178,0.036317000000000016,0,3.885780586188048e-16,60.0
schaffer.bch,easy,lsmear,affine,complete,1,74,0.019029000000000008,0,3.885780586188048e-16,60.0
schaffer.bch,easy,lsmear-box,affine,complete,1,74,0.018612000000000004,0,3.885780586188048e-16,60.0
schaffer.bch,easy,roundrobin,affine,complete,1,6,0.0016650000000000002,0,5.551115123125783e-17,60.0
schaffer.bch,easy,smearmax,affine,complete,1,74,0.018401000000000008,0,3.885780586188048e-16,60.0
schaffer.bch,easy,smearmaxrel,affine,complete,1,74,0.018701000000000006,0,3.885780586188048e-16,60.0
schaffer.bch,easy,smearsum,affine,complete,1,74,0.019336000000000006,0,3.885780586188048e-16,60.0
schaffer.bch,easy,smearsumrel,affine,complete,1,74,0.018578000000000004,0,3.885780586188048e-16,60.0
schaffer.bch,easy,largestfirst,both,complete,1,68,0.020926000000000007,0,4.648798762607598e-08,600.0
schaffer.bch,easy,lsmear,both,complete,1,66,0.020636000000000005,0,2.55351295663786e-15,600.0
schaffer.bch,easy,lsmear-box,both,complete,1,66,0.020561000000000006,0,2.55351295663786e-15,600.0
schaffer.bch,easy,roundrobin,both,complete,1,6,0.0018900000000000002,0,5.551115123125783e-17,600.0
schaffer.bch,easy,smearmax,both,complete,1,66,0.020717000000000003,0,2.55351295663786e-15,600.0
schaffer.bch,easy,smearmaxrel,both,complete,1,66,0.020767000000000004,0,2.55351295663786e-15,600.0
schaffer.bch,easy,smearsum,both,complete,1,66,0.020166000000000003,0,2.55351295663786e-15,600.0
schaffer.bch,easy,smearsumrel,both,complete,1,66,0.020875000000000005,0,2.55351295663786e-15,600.0
schaffer.bch,easy,largestfirst,xtaylor,complete,1,68,0.015820000000000008,0,4.648798779260943e-08,600.0
schaffer.bch,easy,lsmear,xtaylor,complete,1,66,0.014330000000000006,0,2.55351295663786e-15,600.0
schaffer.bch,easy,lsmear-box,xtaylor,complete,1,66,0.014097000000000004,0,2.55351295663786e-15,600.0
schaffer.bch,easy,roundrobin,xtaylor,complete,1,6,0.0007309999999999999,0,5.551115123125783e-17,600.0
schaffer.bch,easy,smearmax,xtaylor,complete,1,66,0.014018000000000006,0,2.55351295663786e-15,600.0
schaffer.bch,easy,smearmaxrel,xtaylor,complete,1,66,0.014076000000000003,0,2.55351295663786e-15,600.0
schaffer.bch,easy,smearsum,xtaylor,complete,1,66,0.014122000000000004,0,2.55351295663786e-15,600.0
schaffer.bch,easy,smearsumrel,xtaylor,complete,1,66,0.013278000000000003,0,2.55351295663786e-15,600.0
schwefel5-abs.bch,medium,largestfirst,both,timeout,0,1746256,600.0007460000003,-324.06838727244786,0.5141407366400017,600.0
schwefel5-abs.bch,medium,lsmear,both,timeout,0,1673368,600.0005100000001,-324.06838727244786,0.5141407366400017,600.0
schwefel5-abs.bch,medium,lsmear-box,both,timeout,0,1711832,600.0005140000001,-324.06838727244786,0.5141407366400017,600.0
schwefel5-abs.bch,medium,roundrobin,both,complete,1,1294,1.4826440000000005,6.356970319504619e-05,6.366970319504617e-05,600.0
schwefel5-abs.bch,medium,smearmax,both,timeout,0,1693382,600.0001930000002,-324.06838727244786,0.5141407366400017,600.0
schwefel5-abs.bch,medium,smearmaxrel,both,timeout,0,1731472,600.0000770000001,-324.06838727244786,0.5141407366400017,600.0
schwefel5-abs.bch,medium,smearsum,both,timeout,0,1723246,600.0005610000002,-324.06838727244786,0.5141407366400017,600.0
schwefel5-abs.bch,medium,smearsumrel,both,timeout,0,1716388,600.0006670000002,-324.06838727244786,0.5141407366400017,600.0
schwefel5-abs.bch,medium,largestfirst,xtaylor,timeout,0,4722172,600.0001490000002,-324.06838738788565,0.5138382092809479,600.0
schwefel5-abs.bch,medium,lsmear,xtaylor,timeout,0,4679476,600.0001960000002,-324.06838738812485,0.5138382092809479,600.0
schwefel5-abs.bch,medium,lsmear-box,xtaylor,timeout,0,4666234,600.0001260000004,-324.0683873881808,0.5138382092809479,600.0
schwefel5-abs.bch,medium,roundrobin,xtaylor,complete,1,6534,5.944192000000001,6.356005300151303e-05,6.3660053001513e-05,600.0
schwefel5-abs.bch,medium,smearmax,xtaylor,timeout,0,4630032,600.0002320000002,-324.0683873882781,0.5138382092809479,600.0
schwefel5-abs.bch,medium,smearmaxrel,xtaylor,timeout,0,4675506,600.0000720000002,-324.0683873881417,0.5138382092809479,600.0
schwefel5-abs.bch,medium,smearsum,xtaylor,timeout,0,4603920,600.0000390000002,-324.0683873883004,0.5138382092809479,600.0
schwefel5-abs.bch,medium,smearsumrel,xtaylor,timeout,0,4677762,600.0001090000003,-324.0683873881312,0.5138382092809479,600.0
schwefel5.bch,medium,largestfirst,both,timeout,0,1704612,600.0002360000001,-324.0683872724479,0.5139199318687133,600.0
schwefel5.bch,medium,lsmear,both,timeout,0,1672182,600.0004130000002,-324.0683872724479,0.5139199318687133,600.0
schwefel5.bch,medium,lsmear-box,both,timeout,0,1673972,600.0003860000002,-324.0683872724479,0.5139199318687133,600.0
schwefel5.bch,medium,roundrobin,both,complete,1,1328,1.5381240000000005,6.355751369230568e-05,6.365751369230566e-05,600.0
schwefel5.bch,medium,smearmax,both,timeout,0,1680862,600.0001860000002,-324.0683872724479,0.5139199318687133,600.0
schwefel5.bch,medium,smearmaxrel,both,timeout,0,1620470,600.0001250000003,-324.0683872724479,0.5139199318687133,600.0
schwefel5.bch,medium,smearsum,both,timeout,0,1655418,600.0001950000001,-324.0683872724479,0.5139199318687133,600.0
schwefel5.bch,medium,smearsumrel,both,timeout,0,1695674,600.0005980000002,-324.0683872724479,0.5139199318687133,600.0
schwefel5.bch,medium,largestfirst,xtaylor,timeout,0,4528068,600.0000830000002,-324.0683874103065,0.5138307193028595,600.0
schwefel5.bch,medium,lsmear,xtaylor,timeout,0,4423900,600.0000660000003,-324.06838742477703,0.5138307193028595,600.0
schwefel5.bch,medium,lsmear-box,xtaylor,timeout,0,4537234,600.0002410000002,-324.0683874089841,0.5138307193028595,600.0
schwefel5.bch,medium,roundrobin,xtaylor,complete,1,6628,6.207165000000002,6.354789442159238e-05,6.364789442159235e-05,600.0
schwefel5.bch,medium,smearmax,xtaylor,timeout,0,4312196,600.0002370000002,-324.06838743917206,0.5138307193028595,600.0
schwefel5.bch,medium,smearmaxrel,xtaylor,timeout,0,4450712,600.0002250000002,-324.06838742115497,0.5138307193028595,600.0
schwefel5.bch,medium,smearsum,xtaylor,timeout,0,4397048,600.0002180000002,-324.06838742837044,0.5138307193028595,600.0
schwefel5.bch,medium,smearsumrel,xtaylor,timeout,0,4492856,600.0002510000004,-324.06838741540423,0.5138307193028595,600.0
ship-1.bch,easy,largestfirst,both,timeout,0,462194,600.0014430000003,0,1.1063527688857335,600.0
ship-1.bch,easy,lsmear,both,timeout,0,601010,600.0008910000003,0,1.2386495930217845,600.0
ship-1.bch,easy,lsmear-box,both,timeout,0,498862,600.0012500000001,0,1.1170121217641076,600.0
ship-1.bch,easy,roundrobin,both,complete,1,222,0.41256900000000013,0,0,600.0
ship-1.bch,easy,smearmax,both,timeout,0,460482,600.0006440000003,0,1.105829609000234,600.0
ship-1.bch,easy,smearmaxrel,both,timeout,0,522942,600.0009880000001,0,1.1131854250425353,600.0
ship-1.bch,easy,smearsum,both,timeout,0,563222,600.0001940000001,0,1.1058296088237158,600.0
ship-1.bch,easy,smearsumrel,both,timeout,0,463388,600.0013490000003,0,1.116786191601352,600.0
ship-1.bch,easy,largestfirst,xtaylor,timeout,0,707688,600.0023230000002,0,1.1114066258968145,600.0
ship-1.bch,easy,lsmear,xtaylor,timeout,0,520952,600.0011400000001,0,1.114946696622263,600.0
ship-1.bch,easy,lsmear-box,xtaylor,timeout,0,716156,600.0012150000001,0,1.1155878226017684,600.0
ship-1.bch,easy,roundrobin,xtaylor,complete,1,222,0.37080300000000016,0,0,600.0
ship-1.bch,easy,smearmax,xtaylor,timeout,0,595452,600.0019250000003,0,1.1170756038323173,600.0
ship-1.bch,easy,smearmaxrel,xtaylor,timeout,0,692470,600.0009330000001,0,1.1177988334468354,600.0
ship-1.bch,easy,smearsum,xtaylor,timeout,0,787796,600.0014200000002,0,1.152478961767268,600.0
ship-1.bch,easy,smearsumrel,xtaylor,timeout,0,432676,600.0015310000002,0,1.1056017499633504,600.0
ship.bch,others,largestfirst,both,unbounded,0,2900,17.923961000000002,-inf,inf,600.0
ship.bch,others,lsmear,both,unbounded,0,2900,18.027403000000007,-inf,inf,600.0
ship.bch,others,lsmear-box,both,unbounded,0,2900,17.997863000000006,-inf,inf,600.0
ship.bch,others,roundrobin,both,unbounded,0,856,0.24373800000000007,-inf,inf,600.0
ship.bch,others,smearmax,both,unbounded,0,2900,18.031796000000007,-inf,inf,600.0
ship.bch,others,smearmaxrel,both,unbounded,0,2900,18.011126000000004,-inf,inf,600.0
ship.bch,others,smearsum,both,unbounded,0,2900,17.969968000000005,-inf,inf,600.0
ship.bch,others,smearsumrel,both,unbounded,0,2900,18.031897000000008,-inf,inf,600.0
ship.bch,others,largestfirst,xtaylor,unbounded,0,2900,17.870413000000006,-inf,inf,600.0
ship.bch,others,lsmear,xtaylor,unbounded,0,2900,17.744911000000005,-inf,inf,600.0
ship.bch,others,lsmear-box,xtaylor,unbounded,0,2900,17.712374000000004,-inf,inf,600.0
ship.bch,others,roundrobin,xtaylor,unbounded,0,856,0.24637900000000004,-inf,inf,600.0
ship.bch,others,smearmax,xtaylor,unbounded,0,2900,17.729523000000007,-inf,inf,600.0
ship.bch,others,smearmaxrel,xtaylor,unbounded,0,2900,17.660168000000006,-inf,inf,600.0
ship.bch,others,smearsum,xtaylor,unbounded,0,2900,17.757454000000003,-inf,inf,600.0
ship.bch,others,smearsumrel,xtaylor,unbounded,0,2900,18.204911000000006,-inf,inf,600.0
srcpm.bch,medium,largestfirst,both,timeout,0,98086,600.0066670000002,1147.048746193765,2127.7485241691306,600.0
srcpm.bch,medium,lsmear,both,complete,1,202,4.328300000000001,2108.3553403375136,2110.4636956778504,600.0
srcpm.bch,medium,lsmear-box,both,complete,1,214,4.435774000000002,2108.6454127642064,2110.75405817697,600.0
srcpm.bch,medium,roundrobin,both,timeout,0,53594,600.0093130000002,1370.973400127665,2112.2060460653797,600.0
srcpm.bch,medium,smearmax,both,complete,1,242,5.124504000000002,2108.819814989875,2110.928634804864,600.0
srcpm.bch,medium,smearmaxrel,both,timeout,0,52432,600.0247780000002,1377.4839161678744,2113.940535074047,600.0
srcpm.bch,medium,smearsum,both,complete,1,378,7.811527000000002,2108.7300161773105,2110.838746193487,600.0
srcpm.bch,medium,smearsumrel,both,timeout,0,47996,600.0313060000002,1548.4709249390546,2112.7061648174163,600.0
srcpm.bch,medium,largestfirst,xtaylor,timeout,0,123178,600.0015250000001,1134.102053623438,2136.3474158204217,600.0
srcpm.bch,medium,lsmear,xtaylor,complete,1,364,6.147494000000001,2108.098689241618,2110.2067879308593,600.0
srcpm.bch,medium,lsmear-box,xtaylor,complete,1,360,6.228248000000002,2108.057036008977,2110.1650930449855,600.0
srcpm.bch,medium,roundrobin,xtaylor,timeout,0,67844,600.0234120000001,1269.4628767421352,2115.767548455716,600.0
srcpm.bch,medium,smearmax,xtaylor,complete,1,412,7.047314000000002,2108.2612513155427,2110.369512566858,600.0
srcpm.bch,medium,smearmaxrel,xtaylor,timeout,0,69642,600.0083750000001,1255.4662216135216,2122.2203991965825,600.0
srcpm.bch,medium,smearsum,xtaylor,complete,1,1070,17.869910000000004,2108.0449596311582,2110.153004590789,600.0
srcpm.bch,medium,smearsumrel,xtaylor,timeout,0,57874,600.0373230000002,1457.8124755836361,2119.9399591843926,600.0
synthes1.bch,coconutbenchmark-library2,largestfirst,affine,complete,1,436,0.32610400000000006,0.7592308473904331,0.7599900782378235,60.0
synthes1.bch,coconutbenchmark-library2,lsmear,affine,complete,1,20,0.029640000000000014,0.7585285276307421,0.7592870561583727,60.0
synthes1.bch,coconutbenchmark-library2,lsmear-box,affine,complete,1,20,0.029794000000000008,0.7585285276307421,0.7592870561583727,60.0
synthes1.bch,coconutbenchmark-library2,roundrobin,affine,complete,1,30,0.04321300000000001,0.7591777295922111,0.7599369073218032,60.0
synthes1.bch,coconutbenchmark-library2,smearmax,affine,complete,1,22,0.03369600000000002,0.7585496948466275,0.759308244541474,60.0
synthes1.bch,coconutbenchmark-library2,smearmaxrel,affine,complete,1,32,0.048756000000000015,0.7591508252604483,0.7599099760857086,60.0
synthes1.bch,coconutbenchmark-library2,smearsum,affine,complete,1,18,0.03280700000000001,0.759127865570222,0.7598869934357921,60.0
synthes1.bch,coconutbenchmark-library2,smearsumrel,affine,complete,1,18,0.029022000000000006,0.7588870345792238,0.759645921613803,60.0
synthes1.bch,coconutbenchmark-library2,largestfirst,both,complete,1,134,0.17813200000000004,0.7585271140164712,0.7592856411304876,600.0
synthes1.bch,coconutbenchmark-library2,lsmear,both,complete,1,22,0.04799000000000001,0.7585316469523875,0.7592901785993398,600.0
synthes1.bch,coconutbenchmark-library2,lsmear-box,both,complete,1,22,0.04857900000000002,0.7585316469523875,0.7592901785993398,600.0
synthes1.bch,coconutbenchmark-library2,roundrobin,both,complete,1,30,0.058324000000000015,0.7589803844345847,0.7597393648190192,600.0
synthes1.bch,coconutbenchmark-library2,smearmax,both,complete,1,20,0.04648800000000001,0.7588187519946431,0.7595775707466377,600.0
synthes1.bch,coconutbenchmark-library2,smearmaxrel,both,complete,1,22,0.047289000000000005,0.7585877463786272,0.7593463341250057,600.0
synthes1.bch,coconutbenchmark-library2,smearsum,both,complete,1,20,0.04698800000000001,0.7585799564281953,0.7593385363846235,600.0
synthes1.bch,coconutbenchmark-library2,smearsumrel,both,complete,1,20,0.04058500000000001,0.7585781904863881,0.7593367686768744,600.0
synthes1.bch,coconutbenchmark-library2,largestfirst,xtaylor,complete,1,406,0.41784100000000013,0.7585670555163023,0.7593256225718186,600.0
synthes1.bch,coconutbenchmark-library2,lsmear,xtaylor,complete,1,26,0.059657000000000016,0.7591690859962209,0.7599282550822171,600.0
synthes1.bch,coconutbenchmark-library2,lsmear-box,xtaylor,complete,1,26,0.05956000000000001,0.7591690859962209,0.7599282550822171,600.0
synthes1.bch,coconutbenchmark-library2,roundrobin,xtaylor,complete,1,56,0.08852000000000002,0.758553148332394,0.7593117014807262,600.0
synthes1.bch,coconutbenchmark-library2,smearmax,xtaylor,complete,1,32,0.06190100000000002,0.7590041233725148,0.7597631274958871,600.0
synthes1.bch,coconutbenchmark-library2,smearmaxrel,xtaylor,complete,1,34,0.07482000000000004,0.7587674084071481,0.7595261758155551,600.0
synthes1.bch,coconutbenchmark-library2,smearsum,xtaylor,complete,1,38,0.06995800000000002,0.7586531025711251,0.7594117556736961,600.0
synthes1.bch,coconutbenchmark-library2,smearsumrel,xtaylor,complete,1,32,0.06737700000000002,0.7586795497801504,0.7594382293299304,600.0
test_infinity2.bch,easy,largestfirst,both,complete,1,32,0.009744000000000003,0,1.2366757231057333e-08,600.0
test_infinity2.bch,easy,lsmear,both,complete,1,4,0.002198,0,0,600.0
test_infinity2.bch,easy,lsmear-box,both,complete,1,4,0.002183000000000001,0,0,600.0
test_infinity2.bch,easy,roundrobin,both,complete,1,4,0.0019560000000000003,0,0,600.0
test_infinity2.bch,easy,smearmax,both,complete,1,10,0.003843000000000001,0,0,600.0
test_infinity2.bch,easy,smearmaxrel,both,complete,1,4,0.0021060000000000007,0,0,600.0
test_infinity2.bch,easy,smearsum,both,complete,1,10,0.003779000000000001,0,0,600.0
test_infinity2.bch,easy,smearsumrel,both,complete,1,4,0.0021010000000000004,0,0,600.0
test_infinity2.bch,easy,largestfirst,xtaylor,complete,1,32,0.008460000000000002,0,1.2366757231057333e-08,600.0
test_infinity2.bch,easy,lsmear,xtaylor,complete,1,4,0.001281,0,0,600.0
test_infinity2.bch,easy,lsmear-box,xtaylor,complete,1,4,0.0014700000000000004,0,0,600.0
test_infinity2.bch,easy,roundrobin,xtaylor,complete,1,4,0.001038,0,0,600.0
test_infinity2.bch,easy,smearmax,xtaylor,complete,1,10,0.002764000000000001,0,0,600.0
test_infinity2.bch,easy,smearmaxrel,xtaylor,complete,1,4,0.0014020000000000007,0,0,600.0
test_infinity2.bch,easy,smearsum,xtaylor,complete,1,10,0.0031510000000000006,0,0,600.0
test_infinity2.bch,easy,smearsumrel,xtaylor,complete,1,4,0.0013720000000000004,0,0,600.0
test_infinity3.bch,others,largestfirst,both,unbounded,0,112,0.002746000000000001,-inf,5.9086217615757586e+56,600.0
test_infinity3.bch,others,lsmear,both,unbounded,0,112,0.0028680000000000008,-inf,5.9086217615757586e+56,600.0
test_infinity3.bch,others,lsmear-box,both,unbounded,0,112,0.0030970000000000012,-inf,5.9086217615757586e+56,600.0
test_infinity3.bch,others,roundrobin,both,unbounded,0,110,0.0027820000000000006,-inf,5.9086217615757586e+56,600.0
test_infinity3.bch,others,smearmax,both,unbounded,0,112,0.0029080000000000004,-inf,5.9086217615757586e+56,600.0
test_infinity3.bch,others,smearmaxrel,both,unbounded,0,112,0.002875000000000001,-inf,5.9086217615757586e+56,600.0
test_infinity3.bch,others,smearsum,both,unbounded,0,112,0.0028850000000000013,-inf,5.9086217615757586e+56,600.0
test_infinity3.bch,others,smearsumrel,both,unbounded,0,112,0.0029950000000000016,-inf,5.9086217615757586e+56,600.0
test_infinity3.bch,others,largestfirst,xtaylor,unbounded,0,112,0.0029100000000000016,-inf,5.9086217615757586e+56,600.0
test_infinity3.bch,others,lsmear,xtaylor,unbounded,0,112,0.002898000000000001,-inf,5.9086217615757586e+56,600.0
test_infinity3.bch,others,lsmear-box,xtaylor,unbounded,0,112,0.0029910000000000006,-inf,5.9086217615757586e+56,600.0
test_infinity3.bch,others,roundrobin,xtaylor,unbounded,0,110,0.003060000000000001,-inf,5.9086217615757586e+56,600.0
test_infinity3.bch,others,smearmax,xtaylor,unbounded,0,112,0.0033140000000000005,-inf,5.9086217615757586e+56,600.0
test_infinity3.bch,others,smearmaxrel,xtaylor,unbounded,0,112,0.0029150000000000005,-inf,5.9086217615757586e+56,600.0
test_infinity3.bch,others,smearsum,xtaylor,unbounded,0,112,0.002887000000000001,-inf,5.9086217615757586e+56,600.0
test_infinity3.bch,others,smearsumrel,xtaylor,unbounded,0,112,0.0029360000000000007,-inf,5.9086217615757586e+56,600.0
test_infinity4.bch,others,largestfirst,both,unbounded,0,214,0.012079000000000001,-inf,-1.7976931348623157e+308,600.0
test_infinity4.bch,others,lsmear,both,unbounded,0,214,0.012042000000000002,-inf,-1.7976931348623157e+308,600.0
test_infinity4.bch,others,lsmear-box,both,unbounded,0,214,0.011762000000000002,-inf,-1.7976931348623157e+308,600.0
test_infinity4.bch,others,roundrobin,both,unbounded,0,218,0.011305000000000004,-inf,-1.7976931348623157e+308,600.0
test_infinity4.bch,others,smearmax,both,unbounded,0,214,0.012128000000000002,-inf,-1.7976931348623157e+308,600.0
test_infinity4.bch,others,smearmaxrel,both,unbounded,0,214,0.012250000000000004,-inf,-1.7976931348623157e+308,600.0
test_infinity4.bch,others,smearsum,both,unbounded,0,214,0.012547000000000003,-inf,-1.7976931348623157e+308,600.0
test_infinity4.bch,others,smearsumrel,both,unbounded,0,214,0.011887000000000002,-inf,-1.7976931348623157e+308,600.0
test_infinity4.bch,others,largestfirst,xtaylor,unbounded,0,214,0.012302000000000002,-inf,-1.7976931348623157e+308,600.0
test_infinity4.bch,others,lsmear,xtaylor,unbounded,0,214,0.012714000000000005,-inf,-1.7976931348623157e+308,600.0
test_infinity4.bch,others,lsmear-box,xtaylor,unbounded,0,214,0.012027000000000003,-inf,-1.7976931348623157e+308,600.0
test_infinity4.bch,others,roundrobin,xtaylor,unbounded,0,218,0.011827000000000002,-inf,-1.7976931348623157e+308,600.0
test_infinity4.bch,others,smearmax,xtaylor,unbounded,0,214,0.012008000000000001,-inf,-1.7976931348623157e+308,600.0
test_infinity4.bch,others,smearmaxrel,xtaylor,unbounded,0,214,0.011773000000000004,-inf,-1.7976931348623157e+308,600.0
test_infinity4.bch,others,smearsum,xtaylor,unbounded,0,214,0.012058000000000003,-inf,-1.7976931348623157e+308,600.0
test_infinity4.bch,others,smearsumrel,xtaylor,unbounded,0,214,0.011931000000000002,-inf,-1.7976931348623157e+308,600.0
wall.bch,easy,largestfirst,affine,infeasible,0,0,9.999999999992654e-07,-inf,inf,60.0
wall.bch,easy,lsmear,affine,infeasible,0,0,1.000000000001e-06,-inf,inf,60.0
wall.bch,easy,lsmear-box,affine,infeasible,0,0,2.0000000000002655e-06,-inf,inf,60.0
wall.bch,easy,roundrobin,affine,infeasible,0,0,9.999999999992654e-07,-inf,inf,60.0
wall.bch,easy,smearmax,affine,infeasible,0,0,2.0000000000002655e-06,-inf,inf,60.0
wall.bch,easy,smearmaxrel,affine,infeasible,0,0,2.0000000000002655e-06,-inf,inf,60.0
wall.bch,easy,smearsum,affine,infeasible,0,0,1.000000000001e-06,-inf,inf,60.0
wall.bch,easy,smearsumrel,affine,infeasible,0,0,2.0000000000002655e-06,-inf,inf,60.0
wall.bch,easy,largestfirst,both,infeasible,0,0,2.0000000000002655e-06,-inf,inf,600.0
wall.bch,easy,lsmear,both,infeasible,0,0,2.0000000000002655e-06,-inf,inf,600.0
wall.bch,easy,lsmear-box,both,infeasible,0,0,2.0000000000002655e-06,-inf,inf,600.0
wall.bch,easy,roundrobin,both,infeasible,0,0,2.0000000000002655e-06,-inf,inf,600.0
wall.bch,easy,smearmax,both,infeasible,0,0,2.0000000000002655e-06,-inf,inf,600.0
wall.bch,easy,smearmaxrel,both,infeasible,0,0,2.0000000000002655e-06,-inf,inf,600.0
wall.bch,easy,smearsum,both,infeasible,0,0,1.000000000001e-06,-inf,inf,600.0
wall.bch,easy,smearsumrel,both,infeasible,0,0,2.0000000000002655e-06,-inf,inf,600.0
wall.bch,easy,largestfirst,xtaylor,complete,1,10,0.015191000000000005,-1.0000056086090123,-1.0000046713908908,600.0
wall.bch,easy,lsmear,xtaylor,complete,1,10,0.016380000000000006,-1.0000056086090123,-1.0000046713908908,600.0
wall.bch,easy,lsmear-box,xtaylor,complete,1,10,0.015542,-1.0000056086090123,-1.0000046713908908,600.0
wall.bch,easy,roundrobin,xtaylor,complete,1,8,0.012905000000000003,-1.000996342939836,-0.9999953465968965,600.0
wall.bch,easy,smearmax,xtaylor,complete,1,10,0.015133000000000006,-1.0000056086090123,-1.0000046713908908,600.0
wall.bch,easy,smearmaxrel,xtaylor,complete,1,10,0.01524600000000001,-1.0000056086090123,-1.0000046713908908,600.0
wall.bch,easy,smearsum,xtaylor,complete,1,10,0.01596600000000001,-1.0000056086090123,-1.0000046713908908,600.0
wall.bch,easy,smearsumrel,xtaylor,complete,1,10,0.015077000000000002,-1.0000056086090123,-1.0000046713908908,600.0
water-abs.bch,unsolved,largestfirst,both,timeout,0,64088,600.1571830000003,136.1228613457745,inf,600.0
water-abs.bch,unsolved,lsmear,both,timeout,0,21778,600.0238110000003,356.71389650659296,inf,600.0
water-abs.bch,unsolved,lsmear-box,both,timeout,0,22806,600.0079650000001,383.13987049537496,inf,600.0
water-abs.bch,unsolved,roundrobin,both,timeout,0,30698,600.0240950000002,397.15194631404404,inf,600.0
water-abs.bch,unsolved,smearmax,both,timeout,0,25792,600.0085610000002,231.7871614022276,1534.6906177322217,600.0
water-abs.bch,unsolved,smearmaxrel,both,timeout,0,31572,600.0315310000002,200.0286795196953,2352.6963224432625,600.0
water-abs.bch,unsolved,smearsum,both,timeout,0,35950,600.0380720000002,187.12741374300694,3305.8277082294067,600.0
water-abs.bch,unsolved,smearsumrel,both,timeout,0,36692,600.0351460000002,221.84866540688674,1550.7277376994566,600.0
water-abs.bch,unsolved,largestfirst,xtaylor,timeout,0,77490,600.0063440000001,141.25176120977434,inf,600.0
water-abs.bch,unsolved,lsmear,xtaylor,timeout,0,26820,600.0532470000002,413.6356536718676,1716.616554729162,600.0
water-abs.bch,unsolved,lsmear-box,xtaylor,timeout,0,16888,600.0749820000002,550.7117945626289,inf,600.0
water-abs.bch,unsolved,roundrobin,xtaylor,timeout,0,31958,600.0349710000002,450.6878928097197,inf,600.0
water-abs.bch,unsolved,smearmax,xtaylor,timeout,0,26680,600.0806300000003,233.45088021494138,1640.212763298737,600.0
water-abs.bch,unsolved,smearmaxrel,xtaylor,timeout,0,27378,600.0138100000001,220.48504873845877,1976.8665127634758,600.0
water-abs.bch,unsolved,smearsum,xtaylor,timeout,0,25274,600.0473560000001,241.19850569498212,1723.254833442557,600.0
water-abs.bch,unsolved,smearsumrel,xtaylor,timeout,0,27004,600.0083520000002,235.79644509012246,1354.4444509012073,600.0
water.bch,unsolved,largestfirst,both,timeout,0,31708,600.0007470000002,141.2517612097745,inf,600.0
water.bch,unsolved,lsmear,both,timeout,0,31614,600.0187260000002,141.2517612097745,inf,600.0
water.bch,unsolved,lsmear-box,both,timeout,0,31536,600.0238740000002,141.2517612097745,inf,600.0
water.bch,unsolved,roundrobin,both,timeout,0,34364,600.0120950000003,182.3236814120888,5664.645989696819,600.0
water.bch,unsolved,smearmax,both,timeout,0,31584,600.0032470000001,141.2517612097745,inf,600.0
water.bch,unsolved,smearmaxrel,both,timeout,0,31668,600.0106110000002,141.2517612097745,inf,600.0
water.bch,unsolved,smearsum,both,timeout,0,31286,600.0060870000002,141.2517612097745,inf,600.0
water.bch,unsolved,smearsumrel,both,timeout,0,31532,600.0443270000002,141.2517612097745,inf,600.0
water.bch,unsolved,largestfirst,xtaylor,timeout,0,47282,600.0040480000002,141.25176120954777,inf,600.0
water.bch,unsolved,lsmear,xtaylor,timeout,0,47590,600.0190670000002,141.25176120954777,inf,600.0
water.bch,unsolved,lsmear-box,xtaylor,timeout,0,47264,600.0078500000002,141.25176120954777,inf,600.0
water.bch,unsolved,roundrobin,xtaylor,timeout,0,44952,600.0021310000002,141.29570655255034,inf,600.0
water.bch,unsolved,smearmax,xtaylor,timeout,0,47392,600.0110610000003,141.25176120954777,inf,600.0
water.bch,unsolved,smearmaxrel,xtaylor,timeout,0,47192,600.0147760000002,141.25176120954777,inf,600.0
water.bch,unsolved,smearsum,xtaylor,timeout,0,47536,600.0069810000001,141.25176120954777,inf,600.0
water.bch,unsolved,smearsumrel,xtaylor,timeout,0,46950,600.0167490000002,141.25176120954777,inf,600.0
water1-abs.bch,unsolved,largestfirst,both,timeout,0,47188,600.0136590000002,141.25176120938428,inf,600.0
water1-abs.bch,unsolved,lsmear,both,timeout,0,26118,600.0139090000001,148.51610276789592,inf,600.0
water1-abs.bch,unsolved,lsmear-box,both,timeout,0,18480,600.0454010000003,205.6589485963555,1923.4687891186966,600.0
water1-abs.bch,unsolved,roundrobin,both,timeout,0,32508,600.0266850000004,141.29984295940102,2436920.3083368647,600.0
water1-abs.bch,unsolved,smearmax,both,timeout,0,20040,600.0096420000001,146.2845656836633,inf,600.0
water1-abs.bch,unsolved,smearmaxrel,both,timeout,0,31922,600.0398240000002,141.2517612097745,inf,600.0
water1-abs.bch,unsolved,smearsum,both,timeout,0,20246,600.0262970000003,146.60975496115302,200240.24744521308,600.0
water1-abs.bch,unsolved,smearsumrel,both,timeout,0,25458,600.0278000000002,158.42748459134054,23158.023885172082,600.0
water1-abs.bch,unsolved,largestfirst,xtaylor,timeout,0,52254,600.0477960000002,141.251761208514,inf,600.0
water1-abs.bch,unsolved,lsmear,xtaylor,timeout,0,24512,600.0544300000001,156.3749593195557,50592.48148544645,600.0
water1-abs.bch,unsolved,lsmear-box,xtaylor,timeout,0,19328,600.0044260000002,214.87171842480228,inf,600.0
water1-abs.bch,unsolved,roundrobin,xtaylor,timeout,0,37518,600.0351050000002,145.5040587765914,88131.14921171029,600.0
water1-abs.bch,unsolved,smearmax,xtaylor,timeout,0,21732,600.0587950000003,146.40399181325157,inf,600.0
water1-abs.bch,unsolved,smearmaxrel,xtaylor,timeout,0,31284,600.0088960000002,141.25176120977397,inf,600.0
water1-abs.bch,unsolved,smearsum,xtaylor,timeout,0,22262,600.1664520000003,147.40478421888753,246194.13312169735,600.0
water1-abs.bch,unsolved,smearsumrel,xtaylor,timeout,0,30026,600.0149190000002,158.39457632612033,28201.941601013157,600.0
water1.bch,unsolved,largestfirst,both,timeout,0,47750,600.0165320000002,141.25176120977446,inf,600.0
water1.bch,unsolved,lsmear,both,timeout,0,47336,600.0013420000002,141.25176120977446,inf,600.0
water1.bch,unsolved,lsmear-box,both,timeout,0,47610,600.0165320000003,141.25176120977446,inf,600.0
water1.bch,unsolved,roundrobin,both,timeout,0,28600,600.0429910000004,504.9115736554173,2190.53327377702,600.0
water1.bch,unsolved,smearmax,both,timeout,0,47752,600.0003250000003,141.25176120977446,inf,600.0
water1.bch,unsolved,smearmaxrel,both,timeout,0,47604,600.0227060000003,141.25176120977446,inf,600.0
water1.bch,unsolved,smearsum,both,timeout,0,47626,600.0345470000002,141.25176120977446,inf,600.0
water1.bch,unsolved,smearsumrel,both,timeout,0,47508,600.0124370000001,141.25176120977446,inf,600.0
water1.bch,unsolved,largestfirst,xtaylor,timeout,0,66866,600.0033070000003,141.25176120977437,inf,600.0
water1.bch,unsolved,lsmear,xtaylor,timeout,0,67436,600.0012590000002,141.25176120977437,inf,600.0
water1.bch,unsolved,lsmear-box,xtaylor,timeout,0,67542,600.0013520000002,141.25176120977437,inf,600.0
water1.bch,unsolved,roundrobin,xtaylor,timeout,0,32116,600.0624370000002,512.4048602682435,1546.9544464568119,600.0
water1.bch,unsolved,smearmax,xtaylor,timeout,0,66130,600.0086780000001,141.25176120977437,inf,600.0
water1.bch,unsolved,smearmaxrel,xtaylor,timeout,0,67356,600.0246690000002,141.25176120977437,inf,600.0
water1.bch,unsolved,smearsum,xtaylor,timeout,0,67698,600.0031840000003,141.25176120977437,inf,600.0
water1.bch,unsolved,smearsumrel,xtaylor,timeout,0,67726,600.0086060000003,141.25176120977437,inf,600.0
