instance,set,rule,relax,status,nodes,time,loup,uplo,timeout
3pk-borne.bch,coconutbenchmark-library2,lsmear,xtaylor,timeout,1532,10.000312000000003,20964.183909804597,-401438.3314108563,10
3pk-borne.bch,coconutbenchmark-library2,lsmear-box,xtaylor,timeout,1542,10.008278000000008,20964.183909804597,-392914.2243951686,10
3pk-borne.bch,coconutbenchmark-library2,smearsumrel,xtaylor,timeout,1564,10.005388000000004,20964.183909804597,-392914.2243951686,10
3pk-borne.bch,coconutbenchmark-library2,smearsum,xtaylor,timeout,1544,10.009118000000003,20964.183909804597,-392914.2243951686,10
3pk-borne.bch,coconutbenchmark-library2,smearmax,xtaylor,timeout,1566,10.005533000000002,20964.183909804597,-392914.2243951686,10
3pk-borne.bch,coconutbenchmark-library2,smearmaxrel,xtaylor,timeout,1562,10.000762000000003,20964.183909804597,-392914.2243951686,10
3pk-borne.bch,coconutbenchmark-library2,largestfirst,xtaylor,timeout,1952,10.001486000000002,27506.673494299408,-2221143.036823218,10
3pk-borne.bch,coconutbenchmark-library2,roundrobin,xtaylor,timeout,1870,10.002691000000004,48470.38514009036,-1233064.9106597574,10
3pk.bch,coconutbenchmark-library2,lsmear,xtaylor,unbounded,62,0.017764999999999975,5.270870301420892e+23,-inf,10
3pk.bch,coconutbenchmark-library2,lsmear-box,xtaylor,unbounded,62,0.017757999999999996,5.270870301420892e+23,-inf,10
3pk.bch,coconutbenchmark-library2,smearsumrel,xtaylor,unbounded,62,0.01805899999999999,5.270870301420892e+23,-inf,10
3pk.bch,coconutbenchmark-library2,smearsum,xtaylor,unbounded,62,0.018054000000000014,5.270870301420892e+23,-inf,10
3pk.bch,coconutbenchmark-library2,smearmax,xtaylor,unbounded,62,0.018127000000000004,5.270870301420892e+23,-inf,10
3pk.bch,coconutbenchmark-library2,smearmaxrel,xtaylor,unbounded,62,0.018011,5.270870301420892e+23,-inf,10
3pk.bch,coconutbenchmark-library2,largestfirst,xtaylor,unbounded,62,0.01691999999999999,5.270870301420892e+23,-inf,10
3pk.bch,coconutbenchmark-library2,roundrobin,xtaylor,unbounded,62,0.01630200000000004,5.270870301420892e+23,-inf,10
abel.bch,unsolved,lsmear,xtaylor,timeout,2038,10.011275000000005,1140603.4791027897,-4216947.631927881,10
abel.bch,unsolved,lsmear-box,xtaylor,timeout,1930,10.006505000000002,1287875.132599686,-4216947.631927881,10
abel.bch,unsolved,smearsumrel,xtaylor,timeout,1464,10.007319000000004,544711.9667713759,-38816881.214431524,10
abel.bch,unsolved,smearsum,xtaylor,timeout,2082,10.004993000000002,2496327.315173618,-4872403.560802707,10
abel.bch,unsolved,smearmax,xtaylor,timeout,2084,10.013615000000003,2496327.315173618,-4872403.560802707,10
abel.bch,unsolved,smearmaxrel,xtaylor,timeout,1700,10.002895000000002,745884.3361372539,-10462053.612351777,10
abel.bch,unsolved,largestfirst,xtaylor,timeout,2320,10.003538000000002,1810465.9338373912,-42023714.86683727,10
abel.bch,unsolved,roundrobin,xtaylor,timeout,1448,10.001519000000004,107440.39720631042,-14791345.602183538,10
abelbis-1.bch,unsolved,lsmear,xtaylor,timeout,1092,10.002392000000004,44224.36394751643,-140419.03076453728,10
abelbis-1.bch,unsolved,lsmear-box,xtaylor,timeout,1046,10.007705000000003,43830.73281177598,-140419.03076453728,10
abelbis-1.bch,unsolved,smearsumrel,xtaylor,timeout,1582,10.013377000000004,583875.2177683968,-2813559.163161691,10
abelbis-1.bch,unsolved,smearsum,xtaylor,timeout,1148,10.002332000000003,12703.99744778626,-1063285.3729435494,10
abelbis-1.bch,unsolved,smearmax,xtaylor,timeout,1166,10.011849000000003,12706.816957471827,-1063280.5695383346,10
abelbis-1.bch,unsolved,smearmaxrel,xtaylor,timeout,2086,10.001023000000002,513768.3941076388,-2841007.2195870616,10
abelbis-1.bch,unsolved,largestfirst,xtaylor,timeout,2862,10.002943000000002,1161698.6119168038,-2969474.9820935484,10
abelbis-1.bch,unsolved,roundrobin,xtaylor,timeout,1306,10.011072000000004,110038.38969962366,-2340597.792763725,10
abelbis.bch,unsolved,lsmear,xtaylor,timeout,2016,10.012796000000003,inf,-35876570934664492,10
abelbis.bch,unsolved,lsmear-box,xtaylor,timeout,2026,10.004025000000004,inf,-35876570934664492,10
abelbis.bch,unsolved,smearsumrel,xtaylor,timeout,2110,10.009036000000002,inf,-35876570934664492,10
abelbis.bch,unsolved,smearsum,xtaylor,timeout,1892,10.002515000000002,inf,-11238555971142134,10
abelbis.bch,unsolved,smearmax,xtaylor,timeout,1888,10.011028000000003,inf,-11238555971142134,10
abelbis.bch,unsolved,smearmaxrel,xtaylor,timeout,2616,10.002477000000003,inf,-34995187146356776,10
abelbis.bch,unsolved,largestfirst,xtaylor,timeout,2066,10.003478000000003,inf,-35858836291267720,10
abelbis.bch,unsolved,roundrobin,xtaylor,timeout,1490,10.005660000000004,344428029350362.8,-35439508405086328,10
abelter-1.bch,unsolved,lsmear,xtaylor,timeout,1550,10.008500000000003,263.4791878093135,29.717937503131022,10
abelter-1.bch,unsolved,lsmear-box,xtaylor,timeout,1538,10.005749000000003,282.9732900129955,22.38548530531523,10
abelter-1.bch,unsolved,smearsumrel,xtaylor,timeout,1670,10.006434000000006,269.25148350067167,12.982969491172454,10
abelter-1.bch,unsolved,smearsum,xtaylor,timeout,1674,10.000430000000003,263.682194119605,27.484463517983897,10
abelter-1.bch,unsolved,smearmax,xtaylor,timeout,1736,10.004481000000004,270.68604128077095,29.918975649346777,10
abelter-1.bch,unsolved,smearmaxrel,xtaylor,timeout,1884,10.005144000000003,304.49272875692725,3.4682073161038462,10
abelter-1.bch,unsolved,largestfirst,xtaylor,timeout,2640,10.001042000000002,304.6321443838857,0,10
abelter-1.bch,unsolved,roundrobin,xtaylor,timeout,1452,10.003520000000004,278.0423647638858,26.411032333231546,10
ackley_5.bch,easy,lsmear,xtaylor,complete,126,0.044378000000000015,-8.284590364837641e-07,-8.284590578000461e-07,10
ackley_5.bch,easy,lsmear-box,xtaylor,complete,126,0.04389600000000001,-8.284590364837641e-07,-8.284590578000461e-07,10
ackley_5.bch,easy,smearsumrel,xtaylor,complete,126,0.04358400000000001,-8.284590364837641e-07,-8.284590578000461e-07,10
ackley_5.bch,easy,smearsum,xtaylor,complete,126,0.043361000000000004,-8.284590364837641e-07,-8.284590578000461e-07,10
ackley_5.bch,easy,smearmax,xtaylor,complete,126,0.043527,-8.284590364837641e-07,-8.284590578000461e-07,10
ackley_5.bch,easy,smearmaxrel,xtaylor,complete,126,0.043615000000000015,-8.284590364837641e-07,-8.284590578000461e-07,10
ackley_5.bch,easy,largestfirst,xtaylor,complete,366,0.12709200000000004,-7.734256293190356e-07,-8.284590578000461e-07,10
ackley_5.bch,easy,roundrobin,xtaylor,complete,12,0.002764,-8.284590364837641e-07,-8.284590578000461e-07,10
aircraftb.bch,coconutbenchmark-library2,lsmear,xtaylor,complete,4436,3.2049200000000004,7.837958004128884e-08,0,10
aircraftb.bch,coconutbenchmark-library2,lsmear-box,xtaylor,complete,4436,3.166747000000001,7.837958004128884e-08,0,10
aircraftb.bch,coconutbenchmark-library2,smearsumrel,xtaylor,complete,4436,3.023626000000001,7.837958004128884e-08,0,10
aircraftb.bch,coconutbenchmark-library2,smearsum,xtaylor,complete,4436,3.011499000000001,7.837958004128884e-08,0,10
aircraftb.bch,coconutbenchmark-library2,smearmax,xtaylor,complete,4436,2.985766000000001,7.837958004128884e-08,0,10
aircraftb.bch,coconutbenchmark-library2,smearmaxrel,xtaylor,complete,4436,3.009738000000001,7.837958004128884e-08,0,10
aircraftb.bch,coconutbenchmark-library2,largestfirst,xtaylor,timeout,20666,10.000026000000005,1.7945516388875313e-05,0,10
aircraftb.bch,coconutbenchmark-library2,roundrobin,xtaylor,complete,958,0.5332420000000001,4.571373389228182e-08,0,10
alkyl.bch,medium,lsmear,xtaylor,complete,54,0.2370700000000001,-1.7649670196605722,-1.7650549973490683,10
alkyl.bch,medium,lsmear-box,xtaylor,complete,54,0.23742500000000005,-1.7649670196605722,-1.7650549973490683,10
alkyl.bch,medium,smearsumrel,xtaylor,complete,156,0.4671010000000001,-1.7633110154071279,-1.7650760914986263,10
alkyl.bch,medium,smearsum,xtaylor,complete,210,0.6092250000000002,-1.764585957297406,-1.7663523096070128,10
alkyl.bch,medium,smearmax,xtaylor,complete,224,0.6454840000000002,-1.7634392587685639,-1.7652044632317956,10
alkyl.bch,medium,smearmaxrel,xtaylor,complete,318,0.9370770000000003,-1.7646125610801917,-1.7663789400202117,10
alkyl.bch,medium,largestfirst,xtaylor,complete,1656,3.6818110000000006,-1.764240947260867,-1.766006954215082,10
alkyl.bch,medium,roundrobin,xtaylor,complete,148,0.48079800000000017,-1.764500329337947,-1.7662665959338808,10
alkylbis.bch,medium,lsmear,xtaylor,complete,48,0.21566500000000002,-1.7649615298007149,-1.7650600494037825,10
alkylbis.bch,medium,lsmear-box,xtaylor,complete,48,0.21666200000000005,-1.7649615298007149,-1.7650600494037825,10
alkylbis.bch,medium,smearsumrel,xtaylor,complete,186,0.5843340000000001,-1.7648291061589676,-1.7665957018608283,10
alkylbis.bch,medium,smearsum,xtaylor,complete,278,0.8181540000000003,-1.7642322360633909,-1.7659982342976883,10
alkylbis.bch,medium,smearmax,xtaylor,complete,266,0.8133170000000001,-1.7635018229375081,-1.7652670900275356,10
alkylbis.bch,medium,smearmaxrel,xtaylor,complete,288,0.9152720000000002,-1.764847444238013,-1.7666140582963092,10
alkylbis.bch,medium,largestfirst,xtaylor,complete,1530,3.334333000000001,-1.7635059382026261,-1.765271209412038,10
alkylbis.bch,medium,roundrobin,xtaylor,complete,176,0.5461280000000002,-1.7648360955027762,-1.766602698200977,10
avgasa.bch,coconutbenchmark-library2,lsmear,xtaylor,complete,1010,2.1357640000000004,-4.411143689078467,-4.415559248326793,10
avgasa.bch,coconutbenchmark-library2,lsmear-box,xtaylor,complete,1010,2.1297140000000008,-4.411143689078467,-4.415559248326793,10
avgasa.bch,coconutbenchmark-library2,smearsumrel,xtaylor,complete,1226,2.821198000000001,-4.41153536214765,-4.41595131346111,10
avgasa.bch,coconutbenchmark-library2,smearsum,xtaylor,complete,866,2.2667080000000004,-4.41124703816094,-4.415662700861801,10
avgasa.bch,coconutbenchmark-library2,smearmax,xtaylor,complete,1054,2.5059770000000006,-4.4114121286533425,-4.415827956609951,10
avgasa.bch,coconutbenchmark-library2,smearmaxrel,xtaylor,timeout,5188,10.003172000000003,-4.410033796347838,-4.590779484203294,10
avgasa.bch,coconutbenchmark-library2,largestfirst,xtaylor,timeout,8658,10.000332000000006,-4.390879597113717,-8.890278888783868,10
avgasa.bch,coconutbenchmark-library2,roundrobin,xtaylor,complete,1446,3.252973000000001,-4.4114477861948,-4.415863649844644,10
avgasb.bch,coconutbenchmark-library2,lsmear,xtaylor,complete,352,0.8401140000000002,-4.4820559571498535,-4.486542499649502,10
avgasb.bch,coconutbenchmark-library2,lsmear-box,xtaylor,complete,352,0.8492310000000003,-4.4820559571498535,-4.486542499649502,10
avgasb.bch,coconutbenchmark-library2,smearsumrel,xtaylor,complete,230,0.7209340000000003,-4.4810801796904975,-4.485565745435933,10
avgasb.bch,coconutbenchmark-library2,smearsum,xtaylor,complete,192,0.6351840000000003,-4.4825376155002274,-4.487024640140367,10
avgasb.bch,coconutbenchmark-library2,smearmax,xtaylor,complete,240,0.7247960000000002,-4.481252535172838,-4.485738273446284,10
avgasb.bch,coconutbenchmark-library2,smearmaxrel,xtaylor,complete,268,0.8360150000000001,-4.482457299964757,-4.486944244208965,10
avgasb.bch,coconutbenchmark-library2,largestfirst,xtaylor,timeout,7540,10.001577000000003,-4.477359007469706,-7.91902763361334,10
avgasb.bch,coconutbenchmark-library2,roundrobin,xtaylor,complete,334,0.9251580000000001,-4.482717469657763,-4.487204674332094,10
avion2.bch,coconutbenchmark-library2,lsmear,xtaylor,timeout,1696,10.011616000000005,253621470.89285997,94552248.23987706,10
avion2.bch,coconutbenchmark-library2,lsmear-box,xtaylor,timeout,1818,10.006592000000005,253621470.89285997,94552248.23987706,10
avion2.bch,coconutbenchmark-library2,smearsumrel,xtaylor,timeout,2026,10.003152000000004,236609593.40175545,94552248.23987706,10
avion2.bch,coconutbenchmark-library2,smearsum,xtaylor,timeout,1610,10.015272000000005,253621470.89285997,94552248.23987706,10
avion2.bch,coconutbenchmark-library2,smearmax,xtaylor,timeout,1700,10.003180000000002,253621470.89285997,94552248.23987706,10
avion2.bch,coconutbenchmark-library2,smearmaxrel,xtaylor,timeout,1968,10.004489000000005,253621470.89285997,94552248.23987706,10
avion2.bch,coconutbenchmark-library2,largestfirst,xtaylor,timeout,1868,10.003633000000002,253621470.89285997,94552248.23987706,10
avion2.bch,coconutbenchmark-library2,roundrobin,xtaylor,complete,722,4.370507000000001,94774355.97295538,94679676.29665874,10
batch.bch,coconutbenchmark-library2,lsmear,xtaylor,timeout,580,10.012271000000004,299646.2905351944,185864.4605309253,10
batch.bch,coconutbenchmark-library2,lsmear-box,xtaylor,timeout,658,10.016393000000003,290157.64457457076,206344.33747536544,10
batch.bch,coconutbenchmark-library2,smearsumrel,xtaylor,timeout,592,10.013750000000003,279264.2541520846,136169.73857452613,10
batch.bch,coconutbenchmark-library2,smearsum,xtaylor,timeout,616,10.022116000000002,299864.35825550626,195749.30436504076,10
batch.bch,coconutbenchmark-library2,smearmax,xtaylor,timeout,618,10.009284000000003,304887.4123827416,196119.30279196647,10
batch.bch,coconutbenchmark-library2,smearmaxrel,xtaylor,timeout,528,10.010134000000003,283674.3571506767,152174.90257185313,10
batch.bch,coconutbenchmark-library2,largestfirst,xtaylor,timeout,908,10.011180000000005,387478.1825840223,137638.30835983492,10
batch.bch,coconutbenchmark-library2,roundrobin,xtaylor,timeout,590,10.061856000000004,274291.03568718926,172999.15027257032,10
bearing.bch,medium,lsmear,xtaylor,timeout,1508,10.005706000000004,inf,1.9510659752065158,10
bearing.bch,medium,lsmear-box,xtaylor,timeout,1598,10.006262000000005,inf,1.951065974035672,10
bearing.bch,medium,smearsumrel,xtaylor,timeout,2342,10.002711000000003,3.4193286575006545,1.2883380458971998,10
bearing.bch,medium,smearsum,xtaylor,timeout,2026,10.006926000000004,3.537744477663243,1.5305989993048146,10
bearing.bch,medium,smearmax,xtaylor,timeout,2210,10.006381000000005,2.9179744998117405,1.4371535518429184,10
bearing.bch,medium,smearmaxrel,xtaylor,timeout,2714,10.005700000000003,inf,0.3573539940373976,10
bearing.bch,medium,largestfirst,xtaylor,timeout,5080,10.004458000000003,inf,0.05594078818800134,10
bearing.bch,medium,roundrobin,xtaylor,timeout,1986,10.005053000000004,5.533508391437024,1.7703622400100205,10
brownal.bch,coconutbenchmark-library2,lsmear,xtaylor,timeout,253516,10.000011000000002,3.4060331638127953e+21,0,10
brownal.bch,coconutbenchmark-library2,lsmear-box,xtaylor,timeout,256284,10.000064000000004,3.4060331638127953e+21,0,10
brownal.bch,coconutbenchmark-library2,smearsumrel,xtaylor,timeout,257012,10.000137000000006,3.4060331638127953e+21,0,10
brownal.bch,coconutbenchmark-library2,smearsum,xtaylor,timeout,259290,10.000053000000005,3.4060331638127953e+21,0,10
brownal.bch,coconutbenchmark-library2,smearmax,xtaylor,timeout,258436,10.000046000000005,3.4060331638127953e+21,0,10
brownal.bch,coconutbenchmark-library2,smearmaxrel,xtaylor,timeout,254058,10.000057000000004,3.4060331638127953e+21,0,10
brownal.bch,coconutbenchmark-library2,largestfirst,xtaylor,timeout,282412,10.000078000000004,3.4060331638127953e+21,0,10
brownal.bch,coconutbenchmark-library2,roundrobin,xtaylor,timeout,289244,10.000025000000003,1.2180865918345067e+21,0,10
catena.bch,coconutbenchmark-library2,lsmear,xtaylor,timeout,1562,10.011080000000003,-5661.256996047489,-26977.50013488753,10
catena.bch,coconutbenchmark-library2,lsmear-box,xtaylor,timeout,1564,10.012887000000005,-5661.256996047489,-26977.50013488753,10
catena.bch,coconutbenchmark-library2,smearsumrel,xtaylor,timeout,1592,10.006687000000003,-5661.256996047489,-26977.50013488753,10
catena.bch,coconutbenchmark-library2,smearsum,xtaylor,timeout,1532,10.008281000000004,-6015.41738847034,-25328.96804394643,10
catena.bch,coconutbenchmark-library2,smearmax,xtaylor,timeout,1656,10.011065000000004,-6015.41738847034,-25019.868276894973,10
catena.bch,coconutbenchmark-library2,smearmaxrel,xtaylor,timeout,2190,10.009795000000002,-7489.569724494053,-26977.50013488753,10
catena.bch,coconutbenchmark-library2,largestfirst,xtaylor,timeout,3622,10.004383000000004,-10375.67123027457,-26977.50013488753,10
catena.bch,coconutbenchmark-library2,roundrobin,xtaylor,timeout,1770,10.002775000000003,-12404.014569951027,-26976.582824615856,10
chakra-1.bch,unsolved,lsmear,xtaylor,timeout,242,10.044540000000003,inf,-220.1943987446711,10
chakra-1.bch,unsolved,lsmear-box,xtaylor,timeout,288,10.049103000000004,inf,-217.5723549249814,10
chakra-1.bch,unsolved,smearsumrel,xtaylor,timeout,512,10.003925000000004,-175.06574436441264,-218.3626690334821,10
chakra-1.bch,unsolved,smearsum,xtaylor,timeout,392,10.000036000000003,-165.33492402346596,-218.87307327119768,10
chakra-1.bch,unsolved,smearmax,xtaylor,timeout,268,10.007669000000003,inf,-218.87307327119768,10
chakra-1.bch,unsolved,smearmaxrel,xtaylor,timeout,596,10.021113000000003,inf,-226.9357296724984,10
chakra-1.bch,unsolved,largestfirst,xtaylor,timeout,604,10.015423000000002,inf,-224.26848034250747,10
chakra-1.bch,unsolved,roundrobin,xtaylor,timeout,388,10.036759000000004,inf,-218.37039299694644,10
chakra.bch,unsolved,lsmear,xtaylor,timeout,248,10.089227000000003,inf,-222.1655396205129,10
chakra.bch,unsolved,lsmear-box,xtaylor,timeout,308,10.015092000000005,inf,-220.39885446173983,10
chakra.bch,unsolved,smearsumrel,xtaylor,timeout,446,10.009401000000004,-170.6804101597604,-220.27729101021288,10
chakra.bch,unsolved,smearsum,xtaylor,timeout,338,10.037194000000005,inf,-220.6384124302837,10
chakra.bch,unsolved,smearmax,xtaylor,timeout,254,10.051347000000003,inf,-220.55701445011638,10
chakra.bch,unsolved,smearmaxrel,xtaylor,timeout,570,10.004435000000003,inf,-231.5004706656992,10
chakra.bch,unsolved,largestfirst,xtaylor,timeout,522,10.023572000000003,inf,-228.55001291826667,10
chakra.bch,unsolved,roundrobin,xtaylor,timeout,344,10.014040000000003,inf,-220.16012707914516,10
chance.bch,easy,lsmear,xtaylor,complete,12,0.016262000000000006,29.901888379986367,29.87201636362275,10
chance.bch,easy,lsmear-box,xtaylor,complete,12,0.01570000000000001,29.901888379986367,29.87201636362275,10
chance.bch,easy,smearsumrel,xtaylor,complete,14,0.017809000000000002,29.895148203813626,29.87646803266639,10
chance.bch,easy,smearsum,xtaylor,complete,14,0.017921000000000006,29.895148203813626,29.87646803266639,10
chance.bch,easy,smearmax,xtaylor,complete,14,0.017910000000000006,29.895148203813626,29.87646803266639,10
chance.bch,easy,smearmaxrel,xtaylor,complete,14,0.017716000000000006,29.895148203813626,29.87646803266639,10
chance.bch,easy,largestfirst,xtaylor,complete,8,0.017169000000000004,29.89949795537895,29.869628327051903,10
chance.bch,easy,roundrobin,xtaylor,complete,12,0.013473000000000006,29.91459617925953,29.88471146779174,10
chem-1.bch,hard,lsmear,xtaylor,timeout,4430,10.003738000000004,-47.47141069264233,-108.62282408917162,10
chem-1.bch,hard,lsmear-box,xtaylor,timeout,4468,10.002245000000004,-47.46198607764642,-107.92387942755452,10
chem-1.bch,hard,smearsumrel,xtaylor,timeout,5468,10.000993000000003,-47.36186966470623,-88.8933372601772,10
chem-1.bch,hard,smearsum,xtaylor,timeout,4594,10.003082000000004,-47.44288090503827,-107.89783611540757,10
chem-1.bch,hard,smearmax,xtaylor,timeout,4568,10.000332000000004,-47.44288090503827,-107.05819802849416,10
chem-1.bch,hard,smearmaxrel,xtaylor,timeout,4388,10.000583000000004,-47.46412834170982,-107.30523752263859,10
chem-1.bch,hard,largestfirst,xtaylor,timeout,7274,10.002655000000004,-47.49080161862051,-194.34396170077758,10
chem-1.bch,hard,roundrobin,xtaylor,timeout,5868,10.002953000000003,-47.61591053474173,-84.51751987616196,10
chem.bch,hard,lsmear,xtaylor,timeout,4400,10.003577000000002,-47.47141069264233,-108.65017276199877,10
chem.bch,hard,lsmear-box,xtaylor,timeout,4406,10.006315000000003,-47.46198607764642,-108.10459014899331,10
chem.bch,hard,smearsumrel,xtaylor,timeout,5406,10.001547000000002,-47.36186966470623,-88.89333726017722,10
chem.bch,hard,smearsum,xtaylor,timeout,4562,10.001363000000005,-47.44288090503827,-108.07876359376633,10
chem.bch,hard,smearmax,xtaylor,timeout,4588,10.005912000000004,-47.44288090503827,-107.05819802849416,10
chem.bch,hard,smearmaxrel,xtaylor,timeout,4350,10.000187000000004,-47.46412834170982,-107.78129746765732,10
chem.bch,hard,largestfirst,xtaylor,timeout,7218,10.001020000000002,-47.49080161862051,-194.34396170077758,10
chem.bch,hard,roundrobin,xtaylor,timeout,5758,10.002139000000001,-47.61591053474173,-84.68100169825193,10
chembis.bch,hard,lsmear,xtaylor,timeout,4766,10.000283000000005,-47.514945461763666,-89.17562754228882,10
chembis.bch,hard,lsmear-box,xtaylor,timeout,4916,10.000578000000006,-47.52085526780572,-88.00560000707398,10
chembis.bch,hard,smearsumrel,xtaylor,timeout,4932,10.003227000000004,-47.66116606475185,-87.85030327723467,10
chembis.bch,hard,smearsum,xtaylor,timeout,5066,10.003010000000003,-47.51494546176366,-87.14608539470147,10
chembis.bch,hard,smearmax,xtaylor,timeout,5390,10.000311000000004,-47.514945461763666,-86.03457704778793,10
chembis.bch,hard,smearmaxrel,xtaylor,timeout,4736,10.001152000000005,-47.46412834609737,-92.76277008543413,10
chembis.bch,hard,largestfirst,xtaylor,timeout,7104,10.002330000000002,-47.561383212594855,-176.92965974444985,10
chembis.bch,hard,roundrobin,xtaylor,timeout,5704,10.005092000000001,-47.53697874757222,-81.06143447602285,10
chenery-1.bch,unsolved,lsmear,xtaylor,timeout,386,10.050807000000004,inf,-1436.1585805122238,10
chenery-1.bch,unsolved,lsmear-box,xtaylor,timeout,460,10.041922000000003,inf,-1415.3183247361835,10
chenery-1.bch,unsolved,smearsumrel,xtaylor,timeout,504,10.068188000000005,inf,-1756.8004176163226,10
chenery-1.bch,unsolved,smearsum,xtaylor,timeout,282,10.044311000000004,inf,-1579.6749743462585,10
chenery-1.bch,unsolved,smearmax,xtaylor,timeout,292,10.007502000000004,inf,-1529.5060503118962,10
chenery-1.bch,unsolved,smearmaxrel,xtaylor,timeout,440,10.004087000000004,inf,-1877.6179709069302,10
chenery-1.bch,unsolved,largestfirst,xtaylor,timeout,790,10.000094000000002,-236.5897733807516,-2092.830613618587,10
chenery-1.bch,unsolved,roundrobin,xtaylor,timeout,338,10.002405000000005,inf,-1610.575276765338,10
chenery.bch,unsolved,lsmear,xtaylor,timeout,606,10.026921000000003,inf,-1145.0923279169021,10
chenery.bch,unsolved,lsmear-box,xtaylor,timeout,566,10.000488,inf,-1132.770437824965,10
chenery.bch,unsolved,smearsumrel,xtaylor,timeout,594,10.005886000000004,inf,-1267.626679490069,10
chenery.bch,unsolved,smearsum,xtaylor,timeout,388,10.033676000000003,-1017.9596897739029,-1259.199205563772,10
chenery.bch,unsolved,smearmax,xtaylor,timeout,424,10.007206000000004,inf,-1222.6296448473527,10
chenery.bch,unsolved,smearmaxrel,xtaylor,timeout,466,10.067867000000003,inf,-1228.3336088741755,10
chenery.bch,unsolved,largestfirst,xtaylor,timeout,854,10.004408000000003,inf,-1434.9307408640384,10
chenery.bch,unsolved,roundrobin,xtaylor,timeout,334,10.060402000000002,-1025.892918880186,-1308.3277603785214,10
concon.bch,coconutbenchmark-library2,lsmear,xtaylor,timeout,58342,10.002567000000004,inf,-42003638.92000001,10
concon.bch,coconutbenchmark-library2,lsmear-box,xtaylor,timeout,58392,10.000323000000005,inf,-42003638.92000001,10
concon.bch,coconutbenchmark-library2,smearsumrel,xtaylor,timeout,70246,10.000489000000002,inf,-42003638.92000001,10
concon.bch,coconutbenchmark-library2,smearsum,xtaylor,timeout,60662,10.000229000000004,inf,-42003638.92000001,10
concon.bch,coconutbenchmark-library2,smearmax,xtaylor,timeout,68214,10.000595000000002,inf,-42003638.92000001,10
concon.bch,coconutbenchmark-library2,smearmaxrel,xtaylor,timeout,78124,10.000748000000003,inf,-42003638.92000001,10
concon.bch,coconutbenchmark-library2,largestfirst,xtaylor,timeout,54378,10.000102000000004,inf,-42003638.91999964,10
concon.bch,coconutbenchmark-library2,roundrobin,xtaylor,timeout,13950,10.000034000000005,inf,-9027638.920000002,10
cresc4.bch,coconutbenchmark-library2,lsmear,xtaylor,timeout,6666,10.002572000000002,5187761.2900390625,-1.483632916401483e+17,10
cresc4.bch,coconutbenchmark-library2,lsmear-box,xtaylor,timeout,7260,10.000472000000004,5187761.2900390625,-1.483632916401483e+17,10
cresc4.bch,coconutbenchmark-library2,smearsumrel,xtaylor,timeout,7696,10.002465000000004,5187761.2900390625,-1.483632916401483e+17,10
cresc4.bch,coconutbenchmark-library2,smearsum,xtaylor,timeout,7798,10.001298000000004,5188637.375,-1.483632916401483e+17,10
cresc4.bch,coconutbenchmark-library2,smearmax,xtaylor,timeout,7824,10.000161000000004,5191029.44921875,-1.483632916401483e+17,10
cresc4.bch,coconutbenchmark-library2,smearmaxrel,xtaylor,timeout,7398,10.000540000000004,5189938.59375,-1.483632916401483e+17,10
cresc4.bch,coconutbenchmark-library2,largestfirst,xtaylor,timeout,8538,10.000817000000003,175924.11328125,-1.4836331768193613e+17,10
cresc4.bch,coconutbenchmark-library2,roundrobin,xtaylor,timeout,7150,10.000482000000003,20311110.89074707,-1.2370026268919281e+28,10
dipigri.bch,coconutbenchmark-library2,lsmear,xtaylor,complete,2678,4.5740690000000015,680.9215291195343,680.2412878317027,10
dipigri.bch,coconutbenchmark-library2,lsmear-box,xtaylor,complete,2464,4.197500000000002,680.9193817834374,680.2391426407968,10
dipigri.bch,coconutbenchmark-library2,smearsumrel,xtaylor,complete,3616,5.819380000000002,680.7786097534383,680.0985112421963,10
dipigri.bch,coconutbenchmark-library2,smearsum,xtaylor,complete,3562,5.6962670000000015,680.8118393971448,680.1317076894554,10
dipigri.bch,coconutbenchmark-library2,smearmax,xtaylor,complete,2934,4.856637000000002,680.8940543273466,680.2138404868598,10
dipigri.bch,coconutbenchmark-library2,smearmaxrel,xtaylor,complete,4858,7.796169000000002,680.821953483239,680.1418116715676,10
dipigri.bch,coconutbenchmark-library2,largestfirst,xtaylor,timeout,12116,10.001805000000003,725.4405361137191,468.34207992655126,10
dipigri.bch,coconutbenchmark-library2,roundrobin,xtaylor,complete,3400,5.377208000000002,680.7987548711112,680.1186362348765,10
disc2.bch,coconutbenchmark-library2,lsmear,xtaylor,complete,236,2.2452830000000006,1.5624999910193413,1.5609390519673743,10
disc2.bch,coconutbenchmark-library2,lsmear-box,xtaylor,complete,236,2.2366050000000004,1.5624999910193413,1.5609390519673743,10
disc2.bch,coconutbenchmark-library2,smearsumrel,xtaylor,complete,236,2.167893000000001,1.5624999910193413,1.5609390519673743,10
disc2.bch,coconutbenchmark-library2,smearsum,xtaylor,complete,348,3.959547000000001,1.5625220050369892,1.5609610439929964,10
disc2.bch,coconutbenchmark-library2,smearmax,xtaylor,timeout,900,10.012549000000003,1.619606901258098,0.9000000000000001,10
disc2.bch,coconutbenchmark-library2,smearmaxrel,xtaylor,complete,688,8.536904000000002,1.5626337758842723,1.5610727031810914,10
disc2.bch,coconutbenchmark-library2,largestfirst,xtaylor,timeout,438,10.035489000000002,inf,1.5483000183105469,10
disc2.bch,coconutbenchmark-library2,roundrobin,xtaylor,timeout,836,10.002512000000005,1.5938615385847121,1.0711011198348561,10
discs.bch,coconutbenchmark-library2,lsmear,xtaylor,timeout,636,10.010617000000003,inf,-1108333333.3333335,10
discs.bch,coconutbenchmark-library2,lsmear-box,xtaylor,timeout,640,10.027727000000006,inf,-1108333333.3333335,10
discs.bch,coconutbenchmark-library2,smearsumrel,xtaylor,timeout,672,10.016167000000005,inf,-1108333333.3333335,10
discs.bch,coconutbenchmark-library2,smearsum,xtaylor,timeout,726,10.031107000000004,inf,-1180000000,10
discs.bch,coconutbenchmark-library2,smearmax,xtaylor,timeout,758,10.002903000000003,inf,-1180000000,10
discs.bch,coconutbenchmark-library2,smearmaxrel,xtaylor,timeout,696,10.006369000000005,inf,-1121000000,10
discs.bch,coconutbenchmark-library2,largestfirst,xtaylor,timeout,1354,10.001540000000004,inf,-1180000000,10
discs.bch,coconutbenchmark-library2,roundrobin,xtaylor,timeout,1044,10.006481000000003,inf,-1180000000,10
dixchlng.bch,coconutbenchmark-library2,lsmear,xtaylor,complete,1958,6.9365450000000015,5.47293213027785e-08,-4.527067869722149e-08,10
dixchlng.bch,coconutbenchmark-library2,lsmear-box,xtaylor,complete,2244,7.391658000000002,3.787998972320866e-08,-6.212001027679132e-08,10
dixchlng.bch,coconutbenchmark-library2,smearsumrel,xtaylor,complete,2308,6.700841000000001,9.053706553852344e-08,-9.462934461476554e-09,10
dixchlng.bch,coconutbenchmark-library2,smearsum,xtaylor,complete,1808,4.848941000000002,5.076936370700707e-08,-4.923063629299292e-08,10
dixchlng.bch,coconutbenchmark-library2,smearmax,xtaylor,complete,3048,9.023649000000002,4.0641365053202596e-08,-3.2418270086753425e-08,10
dixchlng.bch,coconutbenchmark-library2,smearmaxrel,xtaylor,timeout,5752,10.001287000000003,710.1230887289651,-3007.957042703496,10
dixchlng.bch,coconutbenchmark-library2,largestfirst,xtaylor,timeout,6386,10.000787000000004,1503.2296791393906,-4089.6752737190227,10
dixchlng.bch,coconutbenchmark-library2,roundrobin,xtaylor,complete,1380,4.667322000000001,3.515184025023933e-08,-6.484815974976064e-08,10
dnieper.bch,coconutbenchmark-library2,lsmear,xtaylor,timeout,718,10.005701,inf,18043.9368063249,10
dnieper.bch,coconutbenchmark-library2,lsmear-box,xtaylor,timeout,722,10.014864000000003,inf,18043.9368063249,10
dnieper.bch,coconutbenchmark-library2,smearsumrel,xtaylor,timeout,202,10.008544000000006,inf,18126.413092813513,10
dnieper.bch,coconutbenchmark-library2,smearsum,xtaylor,timeout,434,10.002314000000002,inf,18717.24337776161,10
dnieper.bch,coconutbenchmark-library2,smearmax,xtaylor,timeout,610,10.017725000000002,inf,18716.343804347875,10
dnieper.bch,coconutbenchmark-library2,smearmaxrel,xtaylor,timeout,254,10.046257000000002,inf,18033.84560264909,10
dnieper.bch,coconutbenchmark-library2,largestfirst,xtaylor,timeout,444,10.023112000000003,inf,9983.88971695835,10
dnieper.bch,coconutbenchmark-library2,roundrobin,xtaylor,timeout,282,10.042060000000003,inf,11113.559043885582,10
dualc1.bch,others,lsmear,xtaylor,timeout,856,10.008691000000002,6155.9224206336185,6085.252592165876,10
dualc1.bch,others,lsmear-box,xtaylor,timeout,864,10.018795000000003,6155.9224206336185,6087.121461696263,10
dualc1.bch,others,smearsumrel,xtaylor,timeout,582,10.003118,6155.993747205096,6101.348542570763,10
dualc1.bch,others,smearsum,xtaylor,timeout,446,10.005482000000002,6158.378991779823,5940.658811771531,10
dualc1.bch,others,smearmax,xtaylor,timeout,470,10.005413000000004,6156.353758736402,6032.773588362846,10
dualc1.bch,others,smearmaxrel,xtaylor,timeout,484,10.002507,6155.949194288385,5999.561038230496,10
dualc1.bch,others,largestfirst,xtaylor,timeout,1330,10.001564000000002,6162.7178848182175,-2848.7888486906386,10
dualc1.bch,others,roundrobin,xtaylor,timeout,1176,10.004385000000005,6156.500867448723,6059.4897943823635,10
dualc1__coconut.bch,coconutbenchmark-library2,lsmear,xtaylor,complete,1028,3.2835950000000005,6155.564771310212,6149.415355954258,10
dualc1__coconut.bch,coconutbenchmark-library2,lsmear-box,xtaylor,complete,1028,3.2286200000000007,6155.564771310212,6149.415355954258,10
dualc1__coconut.bch,coconutbenchmark-library2,smearsumrel,xtaylor,complete,668,2.6358170000000007,6156.033603461009,6149.883719741269,10
dualc1__coconut.bch,coconutbenchmark-library2,smearsum,xtaylor,complete,758,2.809923000000001,6156.875489654892,6150.724764890003,10
dualc1__coconut.bch,coconutbenchmark-library2,smearmax,xtaylor,complete,694,2.6490170000000006,6155.518289729253,6149.368920808446,10
dualc1__coconut.bch,coconutbenchmark-library2,smearmaxrel,xtaylor,complete,724,2.587394000000001,6155.371080008659,6149.221858150509,10
dualc1__coconut.bch,coconutbenchmark-library2,largestfirst,xtaylor,timeout,5500,10.000482000000003,6171.660256782196,-2770.984424620199,10
dualc1__coconut.bch,coconutbenchmark-library2,roundrobin,xtaylor,complete,1748,4.341787000000002,6155.867595275786,6149.717877398389,10
dualc2.bch,coconutbenchmark-library2,lsmear,xtaylor,complete,286,0.6509540000000003,3552.057716121794,3548.5092069148795,10
dualc2.bch,coconutbenchmark-library2,lsmear-box,xtaylor,complete,286,0.6481340000000003,3552.057716121794,3548.5092069148795,10
dualc2.bch,coconutbenchmark-library2,smearsumrel,xtaylor,complete,162,0.4629250000000001,3552.1584183492096,3548.6098085406693,10
dualc2.bch,coconutbenchmark-library2,smearsum,xtaylor,complete,230,0.5685820000000003,3551.805985754056,3548.2577280260307,10
dualc2.bch,coconutbenchmark-library2,smearmax,xtaylor,complete,242,0.6076850000000004,3552.663457565475,3549.114343222253,10
dualc2.bch,coconutbenchmark-library2,smearmaxrel,xtaylor,complete,196,0.5470350000000003,3552.835533367804,3549.286247120684,10
dualc2.bch,coconutbenchmark-library2,largestfirst,xtaylor,timeout,6238,10.001552000000002,4386.425524495208,-27864.975574896034,10
dualc2.bch,coconutbenchmark-library2,roundrobin,xtaylor,complete,252,0.5869060000000003,3553.5141923640167,3549.964228135881,10
dualc5.bch,coconutbenchmark-library2,lsmear,xtaylor,timeout,6198,10.001951000000002,470.8955450495177,-6.0056796228971905,10
dualc5.bch,coconutbenchmark-library2,lsmear-box,xtaylor,timeout,6198,10.003197000000002,470.8955450495177,-6.0056796228971905,10
dualc5.bch,coconutbenchmark-library2,smearsumrel,xtaylor,timeout,5496,10.001471000000002,432.2206765715505,-334.49362893852185,10
dualc5.bch,coconutbenchmark-library2,smearsum,xtaylor,timeout,5812,10.000852000000004,446.4460378557751,-174.30229639505973,10
dualc5.bch,coconutbenchmark-library2,smearmax,xtaylor,timeout,5978,10.001616000000004,460.832267810174,-170.8553214282573,10
dualc5.bch,coconutbenchmark-library2,smearmaxrel,xtaylor,timeout,5326,10.001400000000004,441.2181594943131,-323.54160777138225,10
dualc5.bch,coconutbenchmark-library2,largestfirst,xtaylor,timeout,8726,10.002530000000005,460.82124741702177,-26942.462333751686,10
dualc5.bch,coconutbenchmark-library2,roundrobin,xtaylor,timeout,5752,10.001905000000002,443.83883395576254,-276.0271718224239,10
dualc8.bch,coconutbenchmark-library2,lsmear,xtaylor,timeout,4882,10.002219000000004,18371.487718377728,11190.949659220303,10
dualc8.bch,coconutbenchmark-library2,lsmear-box,xtaylor,timeout,4938,10.004082000000004,18370.703211903416,11587.793729205718,10
dualc8.bch,coconutbenchmark-library2,smearsumrel,xtaylor,timeout,4234,10.005005000000004,18310.683784179193,7839.039872443664,10
dualc8.bch,coconutbenchmark-library2,smearsum,xtaylor,timeout,4280,10.002485000000004,18355.64343302148,7677.42750130069,10
dualc8.bch,coconutbenchmark-library2,smearmax,xtaylor,timeout,4334,10.004471000000002,18601.054714152957,8488.4895094626,10
dualc8.bch,coconutbenchmark-library2,smearmaxrel,xtaylor,timeout,4248,10.000741000000005,18335.81483438365,8195.786647671914,10
dualc8.bch,coconutbenchmark-library2,largestfirst,xtaylor,timeout,7468,10.002116000000003,19346.298125548026,-493972.14829615084,10
dualc8.bch,coconutbenchmark-library2,roundrobin,xtaylor,timeout,4278,10.003073000000006,18348.39255067486,2242.4178457854723,10
eigencco.bch,coconutbenchmark-library2,lsmear,xtaylor,timeout,1130,10.001018000000004,4.002302987445028,0,10
eigencco.bch,coconutbenchmark-library2,lsmear-box,xtaylor,timeout,1234,10.007493000000002,3.0117698402321014,0,10
eigencco.bch,coconutbenchmark-library2,smearsumrel,xtaylor,timeout,978,10.027335000000003,3.9999999730126996,0,10
eigencco.bch,coconutbenchmark-library2,smearsum,xtaylor,timeout,1126,10.022490000000005,inf,0,10
eigencco.bch,coconutbenchmark-library2,smearmax,xtaylor,timeout,1142,10.003285000000004,inf,0,10
eigencco.bch,coconutbenchmark-library2,smearmaxrel,xtaylor,timeout,1404,10.027279000000004,inf,0,10
eigencco.bch,coconutbenchmark-library2,largestfirst,xtaylor,timeout,1750,10.002927000000003,inf,0,10
eigencco.bch,coconutbenchmark-library2,roundrobin,xtaylor,timeout,1066,10.010112000000001,3.6626375921273238,0,10
eigmaxc.bch,coconutbenchmark-library2,lsmear,xtaylor,complete,298,1.8276970000000003,-10.746194195856656,-10.756951147003658,10
eigmaxc.bch,coconutbenchmark-library2,lsmear-box,xtaylor,complete,298,1.8030240000000004,-10.746194195856656,-10.756951147003658,10
eigmaxc.bch,coconutbenchmark-library2,smearsumrel,xtaylor,complete,298,1.7494950000000005,-10.746194195856656,-10.756951147003658,10
eigmaxc.bch,coconutbenchmark-library2,smearsum,xtaylor,complete,296,1.7760240000000003,-10.746194195403177,-10.756951146549726,10
eigmaxc.bch,coconutbenchmark-library2,smearmax,xtaylor,complete,116,1.7592660000000007,0,0,10
eigmaxc.bch,coconutbenchmark-library2,smearmaxrel,xtaylor,complete,36,0.5882220000000001,0,0,10
eigmaxc.bch,coconutbenchmark-library2,largestfirst,xtaylor,timeout,1050,10.016066000000006,inf,-10.747747875733552,10
eigmaxc.bch,coconutbenchmark-library2,roundrobin,xtaylor,complete,68,0.8461500000000003,-10.746194197993226,-10.756951149142367,10
eigminc.bch,coconutbenchmark-library2,lsmear,xtaylor,complete,6,0.21206900000000006,-1,-1,10
eigminc.bch,coconutbenchmark-library2,lsmear-box,xtaylor,complete,6,0.21133500000000005,-1,-1,10
eigminc.bch,coconutbenchmark-library2,smearsumrel,xtaylor,complete,6,0.21139400000000003,-1,-1,10
eigminc.bch,coconutbenchmark-library2,smearsum,xtaylor,complete,8,0.24608400000000002,-1,-1,10
eigminc.bch,coconutbenchmark-library2,smearmax,xtaylor,complete,10,0.3617400000000001,-1,-1,10
eigminc.bch,coconutbenchmark-library2,smearmaxrel,xtaylor,complete,10,0.2542430000000001,-1,-1,10
eigminc.bch,coconutbenchmark-library2,largestfirst,xtaylor,complete,110,1.0836080000000001,-1,-1,10
eigminc.bch,coconutbenchmark-library2,roundrobin,xtaylor,complete,6,0.17796700000000004,-1,-1,10
ex14_1_1.bch,easy,lsmear,xtaylor,complete,26,0.020305,1.0013678775067092e-09,-9.899863212249327e-08,10
ex14_1_1.bch,easy,lsmear-box,xtaylor,complete,26,0.020324000000000005,1.0013678775067092e-09,-9.899863212249327e-08,10
ex14_1_1.bch,easy,smearsumrel,xtaylor,complete,26,0.019018000000000004,1.0013678775067092e-09,-9.899863212249327e-08,10
ex14_1_1.bch,easy,smearsum,xtaylor,complete,26,0.019964000000000006,1.0000462680181954e-09,-9.899995373198179e-08,10
ex14_1_1.bch,easy,smearmax,xtaylor,complete,26,0.020206000000000005,5.9582546896308486e-08,-4.04174531036915e-08,10
ex14_1_1.bch,easy,smearmaxrel,xtaylor,complete,26,0.018371000000000005,1.0013678775067092e-09,-9.899863212249327e-08,10
ex14_1_1.bch,easy,largestfirst,xtaylor,complete,36,0.020555000000000007,1.0003873285313603e-09,-9.899961267146862e-08,10
ex14_1_1.bch,easy,roundrobin,xtaylor,complete,28,0.01677200000000001,1.9756008338045646e-09,-9.802439916619542e-08,10
ex14_1_2.bch,easy,lsmear,xtaylor,complete,124,0.3150630000000001,2.8306749340345494e-09,-9.716932506596543e-08,10
ex14_1_2.bch,easy,lsmear-box,xtaylor,complete,124,0.3139190000000001,2.8306749340345494e-09,-9.716932506596543e-08,10
ex14_1_2.bch,easy,smearsumrel,xtaylor,complete,124,0.30006000000000005,2.8306749340345494e-09,-9.716932506596543e-08,10
ex14_1_2.bch,easy,smearsum,xtaylor,complete,130,0.3146540000000001,3.577836493219577e-09,-1.798743279976928e-11,10
ex14_1_2.bch,easy,smearmax,xtaylor,complete,156,0.34532300000000005,2.123619841087887e-08,-7.876380158912111e-08,10
ex14_1_2.bch,easy,smearmaxrel,xtaylor,complete,230,0.45941300000000007,9.8295379568486e-08,-1.7046204315139987e-09,10
ex14_1_2.bch,easy,largestfirst,xtaylor,complete,462,0.7031670000000002,5.391441499816947e-09,-3.065150418327431e-10,10
ex14_1_2.bch,easy,roundrobin,xtaylor,complete,236,0.4367860000000001,2.7134146956623033e-08,-7.286585304337695e-08,10
ex14_1_3.bch,easy,lsmear,xtaylor,complete,16,0.008658000000000002,2.693760889696528e-09,-2.033763425048184e-09,10
ex14_1_3.bch,easy,lsmear-box,xtaylor,complete,16,0.008504000000000003,2.693760889696528e-09,-2.033763425048184e-09,10
ex14_1_3.bch,easy,smearsumrel,xtaylor,complete,16,0.0073320000000000034,2.693760889696528e-09,-2.033763425048184e-09,10
ex14_1_3.bch,easy,smearsum,xtaylor,complete,16,0.006716000000000001,5.77320307445367e-09,-3.921983091988005e-09,10
ex14_1_3.bch,easy,smearmax,xtaylor,complete,16,0.006858000000000001,6.161538712405601e-08,-3.838461287594398e-08,10
ex14_1_3.bch,easy,smearmaxrel,xtaylor,complete,16,0.007517000000000004,2.693760889696528e-09,-2.033763425048184e-09,10
ex14_1_3.bch,easy,largestfirst,xtaylor,complete,16,0.007021000000000002,1.8676564687153396e-09,-2.663013985163986e-09,10
ex14_1_3.bch,easy,roundrobin,xtaylor,complete,14,0.005012,9.137020851122252e-08,-8.629791488777477e-09,10
ex14_1_4.bch,easy,lsmear,xtaylor,complete,16,0.015328000000000005,1.17935841648098e-09,-9.8820641583519e-08,10
ex14_1_4.bch,easy,lsmear-box,xtaylor,complete,16,0.015182000000000005,1.17935841648098e-09,-9.8820641583519e-08,10
ex14_1_4.bch,easy,smearsumrel,xtaylor,complete,16,0.014295000000000004,1.17935841648098e-09,-9.8820641583519e-08,10
ex14_1_4.bch,easy,smearsum,xtaylor,complete,14,0.012332000000000003,3.0180504206889225e-09,-9.698194957931106e-08,10
ex14_1_4.bch,easy,smearmax,xtaylor,complete,14,0.012317000000000003,3.0180504206889225e-09,-9.698194957931106e-08,10
ex14_1_4.bch,easy,smearmaxrel,xtaylor,complete,14,0.012355000000000005,3.0182878913494627e-09,-9.698171210865052e-08,10
ex14_1_4.bch,easy,largestfirst,xtaylor,complete,14,0.011567000000000004,1.000742988477299e-09,-9.899925701152268e-08,10
ex14_1_4.bch,easy,roundrobin,xtaylor,complete,18,0.014133000000000007,1.0254469773318675e-09,-9.897455302266811e-08,10
ex14_1_5.bch,easy,lsmear,xtaylor,complete,12,0.03741700000000001,6.029458488043815e-09,-9.397054151195617e-08,10
ex14_1_5.bch,easy,lsmear-box,xtaylor,complete,12,0.03792,6.029458488043815e-09,-9.397054151195617e-08,10
ex14_1_5.bch,easy,smearsumrel,xtaylor,complete,12,0.03624000000000001,6.029458488043815e-09,-9.397054151195617e-08,10
ex14_1_5.bch,easy,smearsum,xtaylor,complete,16,0.041093000000000005,3.270499049357056e-08,-6.729500950642942e-08,10
ex14_1_5.bch,easy,smearmax,xtaylor,complete,16,0.04097900000000001,3.270499049357056e-08,-6.729500950642942e-08,10
ex14_1_5.bch,easy,smearmaxrel,xtaylor,complete,16,0.04135600000000001,3.270499049357056e-08,-6.729500950642942e-08,10
ex14_1_5.bch,easy,largestfirst,xtaylor,complete,8,0.023036000000000004,6.023609167016275e-09,-9.397639083298371e-08,10
ex14_1_5.bch,easy,roundrobin,xtaylor,complete,8,0.02006200000000001,5.165924132910504e-09,-9.483407586708948e-08,10
ex14_1_6.bch,others,lsmear,xtaylor,complete,90,0.18841200000000005,1.0000001438164565e-09,-9.899999985618352e-08,10
ex14_1_6.bch,others,lsmear-box,xtaylor,complete,90,0.18821400000000008,1.0000001438164565e-09,-9.899999985618352e-08,10
ex14_1_6.bch,others,smearsumrel,xtaylor,complete,90,0.18432400000000004,1.0000001438164565e-09,-9.899999985618352e-08,10
ex14_1_6.bch,others,smearsum,xtaylor,complete,50,0.10267100000000003,2.2771790133180227e-08,-7.722820986681975e-08,10
ex14_1_6.bch,others,smearmax,xtaylor,complete,42,0.08591600000000002,7.13767261839056e-08,-2.8623273816094393e-08,10
ex14_1_6.bch,others,smearmaxrel,xtaylor,complete,40,0.09222900000000003,6.66778342983161e-08,-3.332216570168389e-08,10
ex14_1_6.bch,others,largestfirst,xtaylor,timeout,9658,10.000162000000005,0.0008574410384942577,-7.420208378263231e-15,10
ex14_1_6.bch,others,roundrobin,xtaylor,complete,34,0.05704000000000001,8.167293982800836e-08,-1.8327060171991633e-08,10
ex14_1_7.bch,medium,lsmear,xtaylor,timeout,2364,10.007448000000002,2.069702255113693,-3.051300895088149,10
ex14_1_7.bch,medium,lsmear-box,xtaylor,timeout,2380,10.007936000000006,1.9699569932982115,-3.051300895088149,10
ex14_1_7.bch,medium,smearsumrel,xtaylor,timeout,2480,10.000295000000005,1.574979469779933,-2.921135175967509,10
ex14_1_7.bch,medium,smearsum,xtaylor,timeout,2828,10.000148000000005,3.0375563305195215,-10.224877161970065,10
ex14_1_7.bch,medium,smearmax,xtaylor,timeout,3182,10.000968000000004,4.10529712221372,-15.07920370385475,10
ex14_1_7.bch,medium,smearmaxrel,xtaylor,timeout,2702,10.003924000000003,4.1280516049011675,-8.870864419977147,10
ex14_1_7.bch,medium,largestfirst,xtaylor,timeout,3758,10.005211000000005,7.04274948504964,-7.5253867355843385,10
ex14_1_7.bch,medium,roundrobin,xtaylor,timeout,2778,10.007647000000002,1.418281268446897,-1.3889229505493437,10
ex14_1_8.bch,easy,lsmear,xtaylor,complete,12,0.009278000000000002,2.732541304339975e-09,-9.726745869566001e-08,10
ex14_1_8.bch,easy,lsmear-box,xtaylor,complete,12,0.009263,2.732541304339975e-09,-9.726745869566001e-08,10
ex14_1_8.bch,easy,smearsumrel,xtaylor,complete,12,0.008508000000000003,2.732541304339975e-09,-9.726745869566001e-08,10
ex14_1_8.bch,easy,smearsum,xtaylor,complete,12,0.007775000000000002,6.63925376898078e-08,-3.360746231019219e-08,10
ex14_1_8.bch,easy,smearmax,xtaylor,complete,12,0.007768000000000004,6.63925376898078e-08,-3.360746231019219e-08,10
ex14_1_8.bch,easy,smearmaxrel,xtaylor,complete,12,0.007824000000000001,6.63925376898078e-08,-3.360746231019219e-08,10
ex14_1_8.bch,easy,largestfirst,xtaylor,complete,28,0.014832000000000001,1.0034781894319167e-09,-9.899652181056807e-08,10
ex14_1_8.bch,easy,roundrobin,xtaylor,complete,24,0.010821000000000006,1.0000746897276258e-09,-9.899992531027236e-08,10
ex14_1_9.bch,easy,lsmear,xtaylor,complete,16,0.008282000000000001,1.0277716455675545e-09,-9.897222835443243e-08,10
ex14_1_9.bch,easy,lsmear-box,xtaylor,complete,16,0.008229000000000002,1.0277716455675545e-09,-9.897222835443243e-08,10
ex14_1_9.bch,easy,smearsumrel,xtaylor,complete,16,0.007523000000000001,1.0277716455675545e-09,-9.897222835443243e-08,10
ex14_1_9.bch,easy,smearsum,xtaylor,complete,16,0.007728000000000001,1.0277716455675545e-09,-9.897222835443243e-08,10
ex14_1_9.bch,easy,smearmax,xtaylor,complete,16,0.007969,1.0277716455675545e-09,-9.897222835443243e-08,10
ex14_1_9.bch,easy,smearmaxrel,xtaylor,complete,16,0.007851000000000002,1.0277716455675545e-09,-9.897222835443243e-08,10
ex14_1_9.bch,easy,largestfirst,xtaylor,complete,16,0.006950000000000001,1.0277716455675545e-09,-9.897222835443243e-08,10
ex14_1_9.bch,easy,roundrobin,xtaylor,complete,24,0.008907000000000003,1.7634320670367742e-08,-8.236567932963224e-08,10
ex14_2_1.bch,easy,lsmear,xtaylor,complete,198,0.41089000000000003,4.844029954931273e-09,0,10
ex14_2_1.bch,easy,lsmear-box,xtaylor,complete,198,0.3944530000000001,4.844029954931273e-09,0,10
ex14_2_1.bch,easy,smearsumrel,xtaylor,complete,198,0.3848980000000001,4.844029954931273e-09,0,10
ex14_2_1.bch,easy,smearsum,xtaylor,complete,268,0.49602000000000007,1.9602153202707973e-08,0,10
ex14_2_1.bch,easy,smearmax,xtaylor,complete,222,0.39468200000000014,3.135008197485689e-09,0,10
ex14_2_1.bch,easy,smearmaxrel,xtaylor,complete,212,0.4313020000000001,1.4308603885071491e-09,0,10
ex14_2_1.bch,easy,largestfirst,xtaylor,complete,2576,6.045385000000001,4.976238567044877e-09,0,10
ex14_2_1.bch,easy,roundrobin,xtaylor,complete,170,0.26053100000000007,1.0017817530377782e-09,0,10
ex14_2_2.bch,easy,lsmear,xtaylor,complete,16,0.015843000000000006,9.390385840072311e-08,0,10
ex14_2_2.bch,easy,lsmear-box,xtaylor,complete,16,0.015859000000000005,9.390385840072311e-08,0,10
ex14_2_2.bch,easy,smearsumrel,xtaylor,complete,16,0.014553000000000007,9.390385840072311e-08,0,10
ex14_2_2.bch,easy,smearsum,xtaylor,complete,16,0.015139000000000005,9.390385840072311e-08,0,10
ex14_2_2.bch,easy,smearmax,xtaylor,complete,14,0.014767000000000002,1.6007643900467407e-09,0,10
ex14_2_2.bch,easy,smearmaxrel,xtaylor,complete,16,0.015384000000000002,9.390385840072311e-08,0,10
ex14_2_2.bch,easy,largestfirst,xtaylor,complete,20,0.015218,5.02646457789524e-09,0,10
ex14_2_2.bch,easy,roundrobin,xtaylor,complete,18,0.014210000000000002,1.0000640315865894e-09,0,10
ex14_2_3.bch,medium,lsmear,xtaylor,complete,486,1.5723010000000004,6.576449161632691e-08,0,10
ex14_2_3.bch,medium,lsmear-box,xtaylor,complete,486,1.5485050000000005,6.576449161632691e-08,0,10
ex14_2_3.bch,medium,smearsumrel,xtaylor,complete,486,1.4899150000000005,6.576449161632691e-08,0,10
ex14_2_3.bch,medium,smearsum,xtaylor,complete,508,1.5160700000000003,5.7234745554080035e-09,0,10
ex14_2_3.bch,medium,smearmax,xtaylor,complete,608,1.6666780000000005,3.478497946390206e-09,0,10
ex14_2_3.bch,medium,smearmaxrel,xtaylor,complete,646,1.9313780000000005,2.85142044212372e-08,0,10
ex14_2_3.bch,medium,largestfirst,xtaylor,timeout,4430,10.008033000000003,0.02006619627483354,0,10
ex14_2_3.bch,medium,roundrobin,xtaylor,complete,592,1.3990720000000003,1.3878406368572627e-08,0,10
ex14_2_4.bch,easy,lsmear,xtaylor,complete,166,0.42732600000000015,2.0587354043755113e-09,0,10
ex14_2_4.bch,easy,lsmear-box,xtaylor,complete,166,0.4235800000000001,2.0587354043755113e-09,0,10
ex14_2_4.bch,easy,smearsumrel,xtaylor,complete,166,0.41479900000000014,2.0587354043755113e-09,0,10
ex14_2_4.bch,easy,smearsum,xtaylor,complete,176,0.4390710000000001,1.1289758294896757e-09,0,10
ex14_2_4.bch,easy,smearmax,xtaylor,complete,174,0.44596000000000013,1.0607725908847631e-09,0,10
ex14_2_4.bch,easy,smearmaxrel,xtaylor,complete,176,0.46841800000000006,2.5640945366944834e-08,0,10
ex14_2_4.bch,easy,largestfirst,xtaylor,complete,396,0.8544660000000002,1.018869218266433e-09,0,10
ex14_2_4.bch,easy,roundrobin,xtaylor,complete,150,0.3160110000000001,5.067478492382094e-08,0,10
ex14_2_5.bch,easy,lsmear,xtaylor,complete,414,0.3042380000000001,5.649213596914393e-09,0,10
ex14_2_5.bch,easy,lsmear-box,xtaylor,complete,414,0.3014120000000001,5.649213596914393e-09,0,10
ex14_2_5.bch,easy,smearsumrel,xtaylor,complete,414,0.27923300000000006,5.649213596914393e-09,0,10
ex14_2_5.bch,easy,smearsum,xtaylor,complete,512,0.34958300000000014,4.54366005163298e-08,0,10
ex14_2_5.bch,easy,smearmax,xtaylor,complete,464,0.3327670000000001,1.9022657351310688e-08,0,10
ex14_2_5.bch,easy,smearmaxrel,xtaylor,complete,146,0.10320800000000004,3.049450425507416e-08,0,10
ex14_2_5.bch,easy,largestfirst,xtaylor,complete,94,0.08133700000000002,1.0000466573603836e-09,0,10
ex14_2_5.bch,easy,roundrobin,xtaylor,complete,230,0.16308600000000004,7.753830439799118e-08,0,10
ex14_2_6.bch,easy,lsmear,xtaylor,complete,172,0.41928200000000004,3.4796813014326133e-08,0,10
ex14_2_6.bch,easy,lsmear-box,xtaylor,complete,172,0.45562800000000003,3.4796813014326133e-08,0,10
ex14_2_6.bch,easy,smearsumrel,xtaylor,complete,172,0.4045750000000001,3.4796813014326133e-08,0,10
ex14_2_6.bch,easy,smearsum,xtaylor,complete,200,0.47027500000000017,8.056145192614217e-08,0,10
ex14_2_6.bch,easy,smearmax,xtaylor,complete,422,0.9603120000000002,1.8318012010021256e-08,0,10
ex14_2_6.bch,easy,smearmaxrel,xtaylor,complete,270,0.6469290000000002,3.24737093465588e-09,0,10
ex14_2_6.bch,easy,largestfirst,xtaylor,timeout,6530,10.000407000000004,0.08681454875056416,0,10
ex14_2_6.bch,easy,roundrobin,xtaylor,complete,614,0.9763680000000001,5.055727770458818e-08,0,10
ex14_2_7.bch,medium,lsmear,xtaylor,timeout,2618,10.010182000000004,0.10012851323907368,0,10
ex14_2_7.bch,medium,lsmear-box,xtaylor,timeout,2636,10.001129000000004,0.10012851323907368,0,10
ex14_2_7.bch,medium,smearsumrel,xtaylor,timeout,2704,10.000131000000003,0.08624884960691759,0,10
ex14_2_7.bch,medium,smearsum,xtaylor,timeout,2798,10.002174000000004,0.11720395628917014,0,10
ex14_2_7.bch,medium,smearmax,xtaylor,timeout,2788,10.002168000000003,0.10868202560354367,0,10
ex14_2_7.bch,medium,smearmaxrel,xtaylor,timeout,2880,10.000447000000005,0.11743651037540905,0,10
ex14_2_7.bch,medium,largestfirst,xtaylor,timeout,4034,10.002771000000005,0.5914438186355815,0,10
ex14_2_7.bch,medium,roundrobin,xtaylor,timeout,3872,10.002476000000001,0.31113781743155555,0,10
ex14_2_8.bch,easy,lsmear,xtaylor,complete,48,0.08551900000000001,1.0032270569837465e-09,0,10
ex14_2_8.bch,easy,lsmear-box,xtaylor,complete,48,0.08581500000000002,1.0032270569837465e-09,0,10
ex14_2_8.bch,easy,smearsumrel,xtaylor,complete,48,0.07987100000000001,1.0032270569837465e-09,0,10
ex14_2_8.bch,easy,smearsum,xtaylor,complete,72,0.11543600000000004,1.4043450846656924e-09,0,10
ex14_2_8.bch,easy,smearmax,xtaylor,complete,68,0.10494600000000003,1.94399019104452e-08,0,10
ex14_2_8.bch,easy,smearmaxrel,xtaylor,complete,52,0.09427800000000001,1.1481241513067175e-08,0,10
ex14_2_8.bch,easy,largestfirst,xtaylor,complete,44,0.08116400000000001,5.990692441290926e-08,0,10
ex14_2_8.bch,easy,roundrobin,xtaylor,complete,64,0.08778200000000001,1.0040054343463112e-09,0,10
ex14_2_9.bch,easy,lsmear,xtaylor,complete,52,0.11018600000000003,1.0271922201710026e-09,0,10
ex14_2_9.bch,easy,lsmear-box,xtaylor,complete,52,0.10930700000000003,1.0271922201710026e-09,0,10
ex14_2_9.bch,easy,smearsumrel,xtaylor,complete,52,0.10576700000000001,1.0271922201710026e-09,0,10
ex14_2_9.bch,easy,smearsum,xtaylor,complete,54,0.11134800000000004,1.346885702259795e-09,0,10
ex14_2_9.bch,easy,smearmax,xtaylor,complete,64,0.11766500000000005,3.469379595080497e-09,0,10
ex14_2_9.bch,easy,smearmaxrel,xtaylor,complete,42,0.08500700000000003,6.567158816750407e-09,0,10
ex14_2_9.bch,easy,largestfirst,xtaylor,complete,94,0.11638900000000003,1.0011022011369164e-09,0,10
ex14_2_9.bch,easy,roundrobin,xtaylor,complete,22,0.032456000000000006,1.010762029629575e-09,0,10
ex2_1_1.bch,easy,lsmear,xtaylor,complete,166,0.13186600000000004,-17,-17.017017017017015,10
ex2_1_1.bch,easy,lsmear-box,xtaylor,complete,166,0.13134900000000002,-17,-17.017017017017015,10
ex2_1_1.bch,easy,smearsumrel,xtaylor,complete,114,0.09946200000000004,-17,-17.017017017017015,10
ex2_1_1.bch,easy,smearsum,xtaylor,complete,114,0.10199600000000004,-17,-17.017017017017015,10
ex2_1_1.bch,easy,smearmax,xtaylor,complete,154,0.11421800000000006,-17,-17.017017017017015,10
ex2_1_1.bch,easy,smearmaxrel,xtaylor,complete,128,0.10955700000000004,-17,-17.017017017017015,10
ex2_1_1.bch,easy,largestfirst,xtaylor,timeout,18898,10.000759000000004,-16.90778158856174,-117.86851702238388,10
ex2_1_1.bch,easy,roundrobin,xtaylor,complete,110,0.11394900000000004,-17,-17.017017017017015,10
ex2_1_10.bch,easy,lsmear,xtaylor,complete,52,0.41651000000000016,49318.017960067955,49268.7492108571,10
ex2_1_10.bch,easy,lsmear-box,xtaylor,complete,52,0.4208860000000002,49318.017960067955,49268.7492108571,10
ex2_1_10.bch,easy,smearsumrel,xtaylor,complete,20,0.25593400000000005,49318.01796006877,49268.74921085792,10
ex2_1_10.bch,easy,smearsum,xtaylor,complete,20,0.25258500000000006,49318.01796006865,49268.7492108578,10
ex2_1_10.bch,easy,smearmax,xtaylor,complete,20,0.2492930000000001,49318.01796006865,49268.7492108578,10
ex2_1_10.bch,easy,smearmaxrel,xtaylor,complete,20,0.2523160000000001,49318.01796006865,49268.7492108578,10
ex2_1_10.bch,easy,largestfirst,xtaylor,timeout,2372,10.002234000000003,49318.01796006842,-576821.046976102,10
ex2_1_10.bch,easy,roundrobin,xtaylor,complete,20,0.21736100000000003,49318.01796006877,49268.74921085792,10
ex2_1_2.bch,easy,lsmear,xtaylor,complete,2,0.00024300000000000016,-212.99999999000002,-213.2132132032032,10
ex2_1_2.bch,easy,lsmear-box,xtaylor,complete,2,0.00020899999999999998,-212.99999999000002,-213.2132132032032,10
ex2_1_2.bch,easy,smearsumrel,xtaylor,complete,2,0.0009559999999999994,-212.99999999000002,-213.2132132032032,10
ex2_1_2.bch,easy,smearsum,xtaylor,complete,2,0.0008839999999999994,-212.99999999000002,-213.2132132032032,10
ex2_1_2.bch,easy,smearmax,xtaylor,complete,2,0.0009579999999999997,-212.99999999000002,-213.2132132032032,10
ex2_1_2.bch,easy,smearmaxrel,xtaylor,complete,2,0.000967,-212.99999999000002,-213.2132132032032,10
ex2_1_2.bch,easy,largestfirst,xtaylor,complete,2,3.899999999999997e-05,-212.99999999000002,-213.2132132032032,10
ex2_1_2.bch,easy,roundrobin,xtaylor,complete,2,4.19999999999995e-05,-212.99999999000002,-213.2132132032032,10
ex2_1_3.bch,easy,lsmear,xtaylor,complete,122,0.19691500000000006,-14.999999997999998,-15.01501501301301,10
ex2_1_3.bch,easy,lsmear-box,xtaylor,complete,122,0.19662500000000005,-14.999999997999998,-15.01501501301301,10
ex2_1_3.bch,easy,smearsumrel,xtaylor,complete,124,0.23231800000000005,-14.999999997999998,-15.000000000000007,10
ex2_1_3.bch,easy,smearsum,xtaylor,complete,94,0.21300100000000005,-14.999999997999998,-15.01501501301301,10
ex2_1_3.bch,easy,smearmax,xtaylor,complete,52,0.12415000000000004,-14.9999999985,-15.015015013513512,10
ex2_1_3.bch,easy,smearmaxrel,xtaylor,complete,82,0.19014000000000003,-14.999999997999998,-15.01501501301301,10
ex2_1_3.bch,easy,largestfirst,xtaylor,timeout,7014,10.002321000000004,-14.695323037787634,-22.20701868349442,10
ex2_1_3.bch,easy,roundrobin,xtaylor,complete,64,0.17534400000000006,-14.999999997999998,-15,10
ex2_1_4.bch,easy,lsmear,xtaylor,complete,0,2.0000000000002655e-06,-10.999999999499998,-11.011011010510506,10
ex2_1_4.bch,easy,lsmear-box,xtaylor,complete,0,2.0000000000002655e-06,-10.999999999499998,-11.011011010510506,10
ex2_1_4.bch,easy,smearsumrel,xtaylor,complete,0,1.000000000001e-06,-10.999999999499998,-11.011011010510506,10
ex2_1_4.bch,easy,smearsum,xtaylor,complete,0,1.000000000001e-06,-10.999999999499998,-11.011011010510506,10
ex2_1_4.bch,easy,smearmax,xtaylor,complete,0,1.9999999999985307e-06,-10.999999999499998,-11.011011010510506,10
ex2_1_4.bch,easy,smearmaxrel,xtaylor,complete,0,9.999999999992654e-07,-10.999999999499998,-11.011011010510506,10
ex2_1_4.bch,easy,largestfirst,xtaylor,complete,0,9.999999999992654e-07,-10.999999999499998,-11.011011010510506,10
ex2_1_4.bch,easy,roundrobin,xtaylor,complete,0,9.999999999992654e-07,-10.999999999499998,-11.011011010510506,10
ex2_1_5.bch,easy,lsmear,xtaylor,complete,2,0.006665999999999998,-268.0146315264109,-268.2829144408517,10
ex2_1_5.bch,easy,lsmear-box,xtaylor,complete,2,0.006723,-268.0146315264109,-268.2829144408517,10
ex2_1_5.bch,easy,smearsumrel,xtaylor,complete,2,0.020373000000000016,-268.0146315264109,-268.2829144408517,10
ex2_1_5.bch,easy,smearsum,xtaylor,complete,2,0.020791000000000025,-268.0146315264109,-268.2829144408517,10
ex2_1_5.bch,easy,smearmax,xtaylor,complete,2,0.020765000000000013,-268.0146315264109,-268.2829144408517,10
ex2_1_5.bch,easy,smearmaxrel,xtaylor,complete,2,0.020482000000000014,-268.0146315264109,-268.2829144408517,10
ex2_1_5.bch,easy,largestfirst,xtaylor,complete,2,0.007941999999999998,-268.0146315264109,-268.2829144408517,10
ex2_1_5.bch,easy,roundrobin,xtaylor,complete,2,0.007935999999999999,-268.0146315264109,-268.2829144408517,10
ex2_1_5bis.bch,easy,lsmear,xtaylor,complete,2,0.0066820000000000004,-268.0146315264109,-268.2829144408517,10
ex2_1_5bis.bch,easy,lsmear-box,xtaylor,complete,2,0.0066940000000000055,-268.0146315264109,-268.2829144408517,10
ex2_1_5bis.bch,easy,smearsumrel,xtaylor,complete,2,0.02073300000000001,-268.0146315264109,-268.2829144408517,10
ex2_1_5bis.bch,easy,smearsum,xtaylor,complete,2,0.020786000000000013,-268.0146315264109,-268.2829144408517,10
ex2_1_5bis.bch,easy,smearmax,xtaylor,complete,2,0.020855000000000012,-268.0146315264109,-268.2829144408517,10
ex2_1_5bis.bch,easy,smearmaxrel,xtaylor,complete,2,0.020554000000000024,-268.0146315264109,-268.2829144408517,10
ex2_1_5bis.bch,easy,largestfirst,xtaylor,complete,2,0.007955000000000004,-268.0146315264109,-268.2829144408517,10
ex2_1_5bis.bch,easy,roundrobin,xtaylor,complete,2,0.007940000000000003,-268.0146315264109,-268.2829144408517,10
ex2_1_6.bch,easy,lsmear,xtaylor,complete,640,1.3926630000000002,-39,-39.03903903903903,10
ex2_1_6.bch,easy,lsmear-box,xtaylor,complete,640,1.3983260000000004,-39,-39.03903903903903,10
ex2_1_6.bch,easy,smearsumrel,xtaylor,complete,314,0.7904680000000003,-39,-39.03903903903903,10
ex2_1_6.bch,easy,smearsum,xtaylor,complete,488,1.0665300000000002,-39,-39.03903903903903,10
ex2_1_6.bch,easy,smearmax,xtaylor,complete,614,1.2105550000000005,-39,-39.03903903903903,10
ex2_1_6.bch,easy,smearmaxrel,xtaylor,complete,378,0.9139470000000003,-39,-39.03903903903903,10
ex2_1_6.bch,easy,largestfirst,xtaylor,timeout,7960,10.001653000000003,-30.499999998666624,-224.97370823351517,10
ex2_1_6.bch,easy,roundrobin,xtaylor,complete,472,1.0261240000000003,-39,-39.03903903903903,10
ex2_1_7.bch,blowup,lsmear,xtaylor,timeout,1934,10.006167000000003,-4150.410133654566,-5222.28853651445,10
ex2_1_7.bch,blowup,lsmear-box,xtaylor,timeout,1922,10.015981000000004,-4150.410133654566,-5222.28853651445,10
ex2_1_7.bch,blowup,smearsumrel,xtaylor,complete,858,5.313923000000002,-4150.410133654567,-4154.56469835292,10
ex2_1_7.bch,blowup,smearsum,xtaylor,complete,1146,6.617401000000002,-4150.410133654565,-4154.564698352917,10
ex2_1_7.bch,blowup,smearmax,xtaylor,complete,1306,7.348818000000002,-4150.4101336545655,-4154.564698352918,10
ex2_1_7.bch,blowup,smearmaxrel,xtaylor,complete,1538,8.276912000000003,-4150.410133654565,-4154.564698352917,10
ex2_1_7.bch,blowup,largestfirst,xtaylor,timeout,2710,10.000733000000004,-3046.8350459839903,-19917.291971827508,10
ex2_1_7.bch,blowup,roundrobin,xtaylor,complete,1300,6.958300000000002,-4150.410133654566,-4154.564698352919,10
ex2_1_7__coconut.bch,coconutbenchmark-library2,lsmear,xtaylor,timeout,1906,10.007379000000004,-4150.410133654566,-5222.28853651445,10
ex2_1_7__coconut.bch,coconutbenchmark-library2,lsmear-box,xtaylor,timeout,1906,10.000627000000007,-4150.410133654566,-5222.28853651445,10
ex2_1_7__coconut.bch,coconutbenchmark-library2,smearsumrel,xtaylor,complete,858,5.3511570000000015,-4150.410133654567,-4154.56469835292,10
ex2_1_7__coconut.bch,coconutbenchmark-library2,smearsum,xtaylor,complete,1146,6.7111040000000015,-4150.410133654565,-4154.564698352917,10
ex2_1_7__coconut.bch,coconutbenchmark-library2,smearmax,xtaylor,complete,1306,7.369897000000002,-4150.4101336545655,-4154.564698352918,10
ex2_1_7__coconut.bch,coconutbenchmark-library2,smearmaxrel,xtaylor,complete,1538,8.386950000000004,-4150.410133654565,-4154.564698352917,10
ex2_1_7__coconut.bch,coconutbenchmark-library2,largestfirst,xtaylor,timeout,2626,10.003546000000002,-3046.8350459839903,-19917.291971827508,10
ex2_1_7__coconut.bch,coconutbenchmark-library2,roundrobin,xtaylor,complete,1300,7.0958270000000025,-4150.410133654566,-4154.564698352919,10
ex2_1_8.bch,medium,lsmear,xtaylor,timeout,1496,10.010773000000004,16250.999984988013,14415.748789495103,10
ex2_1_8.bch,medium,lsmear-box,xtaylor,timeout,1496,10.011182000000003,16250.999984988013,14415.748789495103,10
ex2_1_8.bch,medium,smearsumrel,xtaylor,complete,382,3.7357210000000016,15638.999981676016,15623.376605070946,10
ex2_1_8.bch,medium,smearsum,xtaylor,complete,1066,8.211169000000003,15638.999985744013,15623.376609134879,10
ex2_1_8.bch,medium,smearmax,xtaylor,complete,1014,7.869295000000002,15638.99998574401,15623.376609134879,10
ex2_1_8.bch,medium,smearmaxrel,xtaylor,complete,418,4.0335040000000015,15638.999981676014,15623.376605070944,10
ex2_1_8.bch,medium,largestfirst,xtaylor,timeout,2808,10.001339000000007,15990.999982358013,-15272.614367610753,10
ex2_1_8.bch,medium,roundrobin,xtaylor,timeout,1140,10.001738000000003,15638.999984275015,2937.999963919936,10
ex2_1_8__coconut.bch,coconutbenchmark-library2,lsmear,xtaylor,timeout,1492,10.012218000000004,15638.999985744016,14325.838700340268,10
ex2_1_8__coconut.bch,coconutbenchmark-library2,lsmear-box,xtaylor,timeout,1496,10.000192000000002,15638.999985744016,14325.838700340268,10
ex2_1_8__coconut.bch,coconutbenchmark-library2,smearsumrel,xtaylor,complete,384,3.7171720000000006,15638.99998574402,15623.376609134886,10
ex2_1_8__coconut.bch,coconutbenchmark-library2,smearsum,xtaylor,complete,1064,8.204392000000004,15638.999985744018,15623.376609134884,10
ex2_1_8__coconut.bch,coconutbenchmark-library2,smearmax,xtaylor,complete,1094,8.000174000000003,15638.999985744018,15623.376609134884,10
ex2_1_8__coconut.bch,coconutbenchmark-library2,smearmaxrel,xtaylor,complete,404,4.102232000000001,15638.999981676032,15623.376605070962,10
ex2_1_8__coconut.bch,coconutbenchmark-library2,largestfirst,xtaylor,timeout,2732,10.003819000000004,15990.999982358015,-15389.47858141405,10
ex2_1_8__coconut.bch,coconutbenchmark-library2,roundrobin,xtaylor,timeout,1160,10.013950000000005,15638.99998574402,2884.8878125234783,10
ex2_1_9.bch,medium,lsmear,xtaylor,complete,5010,9.374170000000003,-0.37500000675000006,-0.3753753821321321,10
ex2_1_9.bch,medium,lsmear-box,xtaylor,complete,4958,9.265307000000004,-0.37500000675000006,-0.3753753821321321,10
ex2_1_9.bch,medium,smearsumrel,xtaylor,complete,2648,6.188941000000002,-0.37500000675000006,-0.3753753821321321,10
ex2_1_9.bch,medium,smearsum,xtaylor,complete,2590,6.146162000000001,-0.37500000675000006,-0.3753753821321321,10
ex2_1_9.bch,medium,smearmax,xtaylor,complete,2664,6.2647090000000025,-0.37500000675000006,-0.3753753821321321,10
ex2_1_9.bch,medium,smearmaxrel,xtaylor,complete,2734,6.253352000000003,-0.37500000675000006,-0.3753753821321321,10
ex2_1_9.bch,medium,largestfirst,xtaylor,timeout,9884,10.000073000000004,-0.2918561674987721,-2.20797233710524,10
ex2_1_9.bch,medium,roundrobin,xtaylor,complete,4252,8.295186000000003,-0.37497694897077893,-0.37535230127205094,10
ex2_1_9bis.bch,blowup,lsmear,xtaylor,timeout,6830,10.003052000000004,-0.37499999924999994,-0.6244935663856874,10
ex2_1_9bis.bch,blowup,lsmear-box,xtaylor,timeout,6762,10.000334000000002,-0.37499999924999994,-0.6244935663856873,10
ex2_1_9bis.bch,blowup,smearsumrel,xtaylor,timeout,6572,10.000311000000004,-0.37499999925,-0.7207725837410528,10
ex2_1_9bis.bch,blowup,smearsum,xtaylor,timeout,6594,10.000688000000004,-0.37499999925,-0.7500000000000004,10
ex2_1_9bis.bch,blowup,smearmax,xtaylor,timeout,7076,10.002796000000004,-0.37499999924999994,-0.6419015210805737,10
ex2_1_9bis.bch,blowup,smearmaxrel,xtaylor,timeout,7096,10.000622000000003,-0.37499999925,-0.6930666766740144,10
ex2_1_9bis.bch,blowup,largestfirst,xtaylor,timeout,10374,10.001318000000005,-0.33310124121414547,-6.640625,10
ex2_1_9bis.bch,blowup,roundrobin,xtaylor,timeout,7058,10.000286000000004,-0.37499999925,-0.7381859756097562,10
ex2_1_9fact.bch,medium,lsmear,xtaylor,complete,5186,9.394465000000002,-0.37500000675000006,-0.3753753821321321,10
ex2_1_9fact.bch,medium,lsmear-box,xtaylor,complete,5122,9.294228000000002,-0.37500000675000006,-0.3753753821321321,10
ex2_1_9fact.bch,medium,smearsumrel,xtaylor,complete,2604,5.926758000000002,-0.37500000675000006,-0.3753753821321321,10
ex2_1_9fact.bch,medium,smearsum,xtaylor,complete,2580,5.982475000000003,-0.37500000675000006,-0.3753753821321321,10
ex2_1_9fact.bch,medium,smearmax,xtaylor,complete,2652,6.036949000000002,-0.37500000675000006,-0.3753753821321321,10
ex2_1_9fact.bch,medium,smearmaxrel,xtaylor,complete,2672,6.119010000000001,-0.37500000675000006,-0.3753753821321321,10
ex2_1_9fact.bch,medium,largestfirst,xtaylor,timeout,10120,10.000339000000004,-0.29764288733300936,-2.217038977002359,10
ex2_1_9fact.bch,medium,roundrobin,xtaylor,complete,4296,8.288793000000004,-0.3749996351605801,-0.3753750101707508,10
ex3_1_1.bch,easy,lsmear,xtaylor,complete,96,0.26855000000000007,7055.345392158304,7048.297095063242,10
ex3_1_1.bch,easy,lsmear-box,xtaylor,complete,96,0.2720320000000001,7055.345392158304,7048.297095063242,10
ex3_1_1.bch,easy,smearsumrel,xtaylor,complete,104,0.3099310000000001,7051.9487454046275,7044.903841563066,10
ex3_1_1.bch,easy,smearsum,xtaylor,complete,100,0.2753770000000001,7050.159202407671,7043.11608632135,10
ex3_1_1.bch,easy,smearmax,xtaylor,complete,104,0.27627700000000005,7050.39082582714,7043.347478348793,10
ex3_1_1.bch,easy,smearmaxrel,xtaylor,complete,204,0.6047980000000002,7054.723412210617,7047.675736474144,10
ex3_1_1.bch,easy,largestfirst,xtaylor,timeout,3370,10.009344000000006,7054.309284818177,3328.4409260686916,10
ex3_1_1.bch,easy,roundrobin,xtaylor,complete,108,0.3109210000000001,7050.737963760307,7043.6942694908175,10
ex3_1_2.bch,easy,lsmear,xtaylor,complete,4,0.004489999999999999,-30662.193207387114,-30692.886093480593,10
ex3_1_2.bch,easy,lsmear-box,xtaylor,complete,4,0.004543999999999999,-30662.193207387114,-30692.886093480593,10
ex3_1_2.bch,easy,smearsumrel,xtaylor,complete,4,0.007778000000000002,-30664.960798756987,-30695.656455212196,10
ex3_1_2.bch,easy,smearsum,xtaylor,complete,6,0.0073950000000000005,-30653.02929604652,-30683.713009055573,10
ex3_1_2.bch,easy,smearmax,xtaylor,complete,6,0.007487000000000004,-30653.02929604652,-30683.713009055573,10
ex3_1_2.bch,easy,smearmaxrel,xtaylor,complete,4,0.007805000000000003,-30664.960798756987,-30695.656455212196,10
ex3_1_2.bch,easy,largestfirst,xtaylor,complete,6,0.0063580000000000025,-30660.257496649498,-30690.94844509459,10
ex3_1_2.bch,easy,roundrobin,xtaylor,complete,6,0.006406,-30664.12502447613,-30694.819844320446,10
ex3_1_3.bch,easy,lsmear,xtaylor,complete,4,0.002528,-309.9999998420001,-310.0070370196633,10
ex3_1_3.bch,easy,lsmear-box,xtaylor,complete,4,0.002739,-309.9999998420001,-310.0070370196633,10
ex3_1_3.bch,easy,smearsumrel,xtaylor,complete,4,0.0032660000000000015,-309.9999998420001,-310.0070370196633,10
ex3_1_3.bch,easy,smearsum,xtaylor,complete,4,0.0033700000000000006,-309.9999998420001,-310.0070370196633,10
ex3_1_3.bch,easy,smearmax,xtaylor,complete,4,0.0032970000000000013,-309.9999998420001,-310.0070370196633,10
ex3_1_3.bch,easy,smearmaxrel,xtaylor,complete,4,0.0033110000000000023,-309.9999998420001,-310.0070370196633,10
ex3_1_3.bch,easy,largestfirst,xtaylor,complete,4,0.002208,-309.9999998420001,-310.0070370196633,10
ex3_1_3.bch,easy,roundrobin,xtaylor,complete,4,0.002156999999999999,-309.9999998420001,-310.0070370196633,10
ex3_1_3bis.bch,easy,lsmear,xtaylor,complete,4,0.0027930000000000003,-309.9999998420001,-310.0070370196633,10
ex3_1_3bis.bch,easy,lsmear-box,xtaylor,complete,4,0.002569000000000001,-309.9999998420001,-310.0070370196633,10
ex3_1_3bis.bch,easy,smearsumrel,xtaylor,complete,4,0.0032650000000000014,-309.9999998420001,-310.0070370196633,10
ex3_1_3bis.bch,easy,smearsum,xtaylor,complete,4,0.003268000000000002,-309.9999998420001,-310.0070370196633,10
ex3_1_3bis.bch,easy,smearmax,xtaylor,complete,4,0.003289000000000002,-309.9999998420001,-310.0070370196633,10
ex3_1_3bis.bch,easy,smearmaxrel,xtaylor,complete,4,0.003353000000000001,-309.9999998420001,-310.0070370196633,10
ex3_1_3bis.bch,easy,largestfirst,xtaylor,complete,4,0.0022010000000000007,-309.9999998420001,-310.0070370196633,10
ex3_1_3bis.bch,easy,roundrobin,xtaylor,complete,4,0.002145,-309.9999998420001,-310.0070370196633,10
ex3_1_4.bch,easy,lsmear,xtaylor,complete,18,0.01719100000000001,-3.9999999995000004,-4.0040040035035025,10
ex3_1_4.bch,easy,lsmear-box,xtaylor,complete,18,0.016606000000000006,-3.9999999995000004,-4.0040040035035025,10
ex3_1_4.bch,easy,smearsumrel,xtaylor,complete,22,0.016468000000000003,-3.9987157300263028,-4.002718448474776,10
ex3_1_4.bch,easy,smearsum,xtaylor,complete,18,0.015964000000000006,-3.9999999995000004,-4.0040040035035025,10
ex3_1_4.bch,easy,smearmax,xtaylor,complete,18,0.0165,-3.9999999995000004,-4.0040040035035025,10
ex3_1_4.bch,easy,smearmaxrel,xtaylor,complete,28,0.022506000000000005,-3.9977194556688533,-4.001721176845698,10
ex3_1_4.bch,easy,largestfirst,xtaylor,complete,56,0.039229000000000014,-3.999349846400433,-4.003353199600032,10
ex3_1_4.bch,easy,roundrobin,xtaylor,complete,36,0.023746000000000007,-3.9999999995000004,-4.0040040035035025,10
ex4_1_5.bch,easy,lsmear,xtaylor,complete,196,0.08390800000000002,5.172842981102998e-09,-9.482715701889698e-08,10
ex4_1_5.bch,easy,lsmear-box,xtaylor,complete,196,0.08722600000000003,5.172842981102998e-09,-9.482715701889698e-08,10
ex4_1_5.bch,easy,smearsumrel,xtaylor,complete,196,0.07604800000000002,5.172842981102998e-09,-9.482715701889698e-08,10
ex4_1_5.bch,easy,smearsum,xtaylor,complete,196,0.07593700000000003,5.172842981102998e-09,-9.482715701889698e-08,10
ex4_1_5.bch,easy,smearmax,xtaylor,complete,196,0.07868900000000002,5.172842981102998e-09,-9.482715701889698e-08,10
ex4_1_5.bch,easy,smearmaxrel,xtaylor,complete,144,0.05408900000000001,5.9219617217731855e-08,-4.0780382782268134e-08,10
ex4_1_5.bch,easy,largestfirst,xtaylor,complete,218,0.10653900000000004,6.315912468324267e-09,-9.36840875316757e-08,10
ex4_1_5.bch,easy,roundrobin,xtaylor,complete,86,0.02488600000000001,8.242475110424705e-08,-1.757524889575294e-08,10
ex4_1_8.bch,easy,lsmear,xtaylor,complete,2,0.0007560000000000002,-16.728499638388143,-16.74524488327141,10
ex4_1_8.bch,easy,lsmear-box,xtaylor,complete,2,0.0006640000000000001,-16.728499638388143,-16.74524488327141,10
ex4_1_8.bch,easy,smearsumrel,xtaylor,complete,2,0.0008899999999999997,-16.728499638388143,-16.74524488327141,10
ex4_1_8.bch,easy,smearsum,xtaylor,complete,2,0.0007659999999999998,-16.728499638388143,-16.74524488327141,10
ex4_1_8.bch,easy,smearmax,xtaylor,complete,2,0.0011459999999999999,-16.728499638388143,-16.74524488327141,10
ex4_1_8.bch,easy,smearmaxrel,xtaylor,complete,2,0.0007770000000000003,-16.728499638388143,-16.74524488327141,10
ex4_1_8.bch,easy,largestfirst,xtaylor,complete,2,0.0005570000000000002,-16.728499638388143,-16.74524488327141,10
ex4_1_8.bch,easy,roundrobin,xtaylor,complete,2,0.000497,-16.728499638388143,-16.74524488327141,10
ex4_1_9.bch,easy,lsmear,xtaylor,complete,30,0.014741000000000006,-5.502632720106646,-5.508140860967613,10
ex4_1_9.bch,easy,lsmear-box,xtaylor,complete,30,0.014606000000000004,-5.502632720106646,-5.508140860967613,10
ex4_1_9.bch,easy,smearsumrel,xtaylor,complete,30,0.012663000000000002,-5.502632720106646,-5.508140860967613,10
ex4_1_9.bch,easy,smearsum,xtaylor,complete,30,0.013127000000000003,-5.502632720106646,-5.508140860967613,10
ex4_1_9.bch,easy,smearmax,xtaylor,complete,30,0.012609000000000004,-5.502632720106646,-5.508140860967613,10
ex4_1_9.bch,easy,smearmaxrel,xtaylor,complete,30,0.012907000000000004,-5.502632720106646,-5.508140860967613,10
ex4_1_9.bch,easy,largestfirst,xtaylor,complete,30,0.012318000000000003,-5.502632720106646,-5.508140860967613,10
ex4_1_9.bch,easy,roundrobin,xtaylor,complete,112,0.03892800000000001,-5.507886022065673,-5.51339942148716,10
ex5_2_2_case1.bch,easy,lsmear,xtaylor,complete,74,0.14368600000000004,-399.82749167723046,-400.22771939662704,10
ex5_2_2_case1.bch,easy,lsmear-box,xtaylor,complete,74,0.14306200000000008,-399.82749167723046,-400.22771939662704,10
ex5_2_2_case1.bch,easy,smearsumrel,xtaylor,complete,14,0.03638700000000002,-400.00000048499896,-400.4004008858848,10
ex5_2_2_case1.bch,easy,smearsum,xtaylor,complete,96,0.21379000000000004,-399.80826676149684,-400.00000059002934,10
ex5_2_2_case1.bch,easy,smearmax,xtaylor,complete,74,0.16412900000000005,-399.9673208614048,-400.3676885499547,10
ex5_2_2_case1.bch,easy,smearmaxrel,xtaylor,complete,42,0.09007800000000003,-399.7853442121011,-400.00000062704817,10
ex5_2_2_case1.bch,easy,largestfirst,xtaylor,timeout,3464,10.008748000000002,-324.2057449569338,-1718.8622348805934,10
ex5_2_2_case1.bch,easy,roundrobin,xtaylor,complete,92,0.21721600000000002,-399.8054333911913,-400.20563903022145,10
ex5_2_2_case2.bch,easy,lsmear,xtaylor,complete,36,0.09160200000000004,-599.6288077569636,-600.2290367937572,10
ex5_2_2_case2.bch,easy,lsmear-box,xtaylor,complete,36,0.09228900000000002,-599.6288077569636,-600.2290367937572,10
ex5_2_2_case2.bch,easy,smearsumrel,xtaylor,complete,18,0.058470000000000015,-599.7986822034882,-600.0000007128251,10
ex5_2_2_case2.bch,easy,smearsum,xtaylor,complete,30,0.07322200000000002,-599.5265065027463,-600.0000008273219,10
ex5_2_2_case2.bch,easy,smearmax,xtaylor,complete,80,0.20616000000000007,-599.6794241985126,-600.0000007399611,10
ex5_2_2_case2.bch,easy,smearmaxrel,xtaylor,complete,34,0.08433900000000003,-599.6974663124284,-600.2977640765048,10
ex5_2_2_case2.bch,easy,largestfirst,xtaylor,timeout,6994,10.000431000000003,-449.5693080868598,-2693.897152247023,10
ex5_2_2_case2.bch,easy,roundrobin,xtaylor,complete,122,0.28767300000000007,-599.7366615782694,-600.3369985768461,10
ex5_2_2_case3.bch,medium,lsmear,xtaylor,complete,22,0.04274600000000002,-750.0000003761324,-750.7507511272596,10
ex5_2_2_case3.bch,medium,lsmear-box,xtaylor,complete,22,0.042640000000000004,-750.0000003761324,-750.7507511272596,10
ex5_2_2_case3.bch,medium,smearsumrel,xtaylor,complete,8,0.025402000000000015,-750.0000003731961,-750.7507511243203,10
ex5_2_2_case3.bch,medium,smearsum,xtaylor,complete,42,0.08555000000000001,-750.0000004017156,-750.7507511528684,10
ex5_2_2_case3.bch,medium,smearmax,xtaylor,complete,80,0.18300900000000003,-749.8559937249934,-750.0000004550028,10
ex5_2_2_case3.bch,medium,smearmaxrel,xtaylor,complete,20,0.040623000000000006,-750.0000003603182,-750.7507511114295,10
ex5_2_2_case3.bch,medium,largestfirst,xtaylor,complete,50,0.21518500000000004,-750.0000004015469,-750.7507511526995,10
ex5_2_2_case3.bch,medium,roundrobin,xtaylor,complete,42,0.11357500000000004,-750.0000004018505,-750.0000026876593,10
ex5_2_4.bch,easy,lsmear,xtaylor,complete,50,0.10972400000000003,-450.00001888949987,-450.4504693588587,10
ex5_2_4.bch,easy,lsmear-box,xtaylor,complete,50,0.10801300000000003,-450.00001888949987,-450.4504693588587,10
ex5_2_4.bch,easy,smearsumrel,xtaylor,complete,42,0.12030900000000003,-449.98831632003896,-450.43875507511405,10
ex5_2_4.bch,easy,smearsum,xtaylor,complete,24,0.07916400000000004,-450.00001888949987,-450.4504693588587,10
ex5_2_4.bch,easy,smearmax,xtaylor,complete,28,0.07892600000000002,-450.00001888649956,-450.4504693558554,10
ex5_2_4.bch,easy,smearmaxrel,xtaylor,complete,36,0.09302300000000002,-450.00001888949987,-450.4504693588587,10
ex5_2_4.bch,easy,largestfirst,xtaylor,timeout,6926,10.003798000000007,-448.35846098721584,-1059.7727735665912,10
ex5_2_4.bch,easy,roundrobin,xtaylor,complete,56,0.12494900000000002,-449.98759752059175,-450.43803555614784,10
ex5_2_5.bch,unsolved,lsmear,xtaylor,timeout,1006,10.010925000000004,-3150.000071362996,-18196.80519953053,10
ex5_2_5.bch,unsolved,lsmear-box,xtaylor,timeout,994,10.002458000000004,-3150.000071362996,-18265.628890922777,10
ex5_2_5.bch,unsolved,smearsumrel,xtaylor,timeout,1436,10.003172000000003,-1339.245069278858,-26025.00000000001,10
ex5_2_5.bch,unsolved,smearsum,xtaylor,timeout,994,10.000556000000005,inf,-16457.954595090927,10
ex5_2_5.bch,unsolved,smearmax,xtaylor,timeout,962,10.001729000000003,-3100.0000981481385,-15608.749957812503,10
ex5_2_5.bch,unsolved,smearmaxrel,xtaylor,timeout,902,10.011175000000001,inf,-24990.277817444457,10
ex5_2_5.bch,unsolved,largestfirst,xtaylor,timeout,1476,10.003675000000005,inf,-30855.00000000001,10
ex5_2_5.bch,unsolved,roundrobin,xtaylor,timeout,978,10.002580000000004,inf,-24328.421184821087,10
ex5_3_2.bch,medium,lsmear,xtaylor,complete,54,0.6338390000000003,1.8641594575944034,1.8641594508499941,10
ex5_3_2.bch,medium,lsmear-box,xtaylor,complete,54,0.6416230000000002,1.8641594575944034,1.8641594508499941,10
ex5_3_2.bch,medium,smearsumrel,xtaylor,complete,72,0.6969110000000001,1.8650173200934572,1.8641594506986268,10
ex5_3_2.bch,medium,smearsum,xtaylor,complete,68,0.6887710000000001,1.8641594521536726,1.8641594510091388,10
ex5_3_2.bch,medium,smearmax,xtaylor,complete,134,1.3208820000000003,1.864159452455971,1.8641594501520473,10
ex5_3_2.bch,medium,smearmaxrel,xtaylor,complete,54,0.5071140000000001,1.8641594790684575,1.862297181886571,10
ex5_3_2.bch,medium,largestfirst,xtaylor,timeout,1708,10.002648000000004,inf,1.617342224706442,10
ex5_3_2.bch,medium,roundrobin,xtaylor,complete,168,1.8877000000000004,1.864159452312003,1.8622971551568464,10
ex5_3_3.bch,unsolved,lsmear,xtaylor,timeout,178,10.043173000000005,inf,1.773765330253977,10
ex5_3_3.bch,unsolved,lsmear-box,xtaylor,timeout,178,10.089728000000003,inf,1.773765330253977,10
ex5_3_3.bch,unsolved,smearsumrel,xtaylor,timeout,186,10.024465000000003,inf,1.77428168581094,10
ex5_3_3.bch,unsolved,smearsum,xtaylor,timeout,208,10.087695000000004,inf,1.7252138764992528,10
ex5_3_3.bch,unsolved,smearmax,xtaylor,timeout,184,10.058309000000005,inf,1.6668671351662367,10
ex5_3_3.bch,unsolved,smearmaxrel,xtaylor,timeout,394,10.041141000000003,inf,1.631317999999999,10
ex5_3_3.bch,unsolved,largestfirst,xtaylor,timeout,394,10.040875000000003,inf,1.631317999999999,10
ex5_3_3.bch,unsolved,roundrobin,xtaylor,timeout,294,10.049126000000003,inf,1.6660188094400015,10
ex5_4_2.bch,easy,lsmear,xtaylor,complete,34,0.06738200000000003,7517.7609734928665,7510.250722770097,10
ex5_4_2.bch,easy,lsmear-box,xtaylor,complete,34,0.06788200000000004,7517.7609734928665,7510.250722770097,10
ex5_4_2.bch,easy,smearsumrel,xtaylor,complete,50,0.10141400000000005,7512.356156523117,7504.8513052179,10
ex5_4_2.bch,easy,smearsum,xtaylor,complete,56,0.11070200000000004,7514.009850164001,7506.503346817185,10
ex5_4_2.bch,easy,smearmax,xtaylor,complete,32,0.05376700000000001,7516.30859998118,7508.799800181,10
ex5_4_2.bch,easy,smearmaxrel,xtaylor,complete,48,0.11230800000000002,7513.894864241943,7506.388475766177,10
ex5_4_2.bch,easy,largestfirst,xtaylor,complete,1754,4.451278000000002,7514.065749749327,7506.559190558769,10
ex5_4_2.bch,easy,roundrobin,xtaylor,complete,30,0.05451300000000001,7515.574491939258,7508.066425513745,10
ex5_4_2bis.bch,easy,lsmear,xtaylor,complete,34,0.06377400000000001,7518.708788190234,7511.197590599635,10
ex5_4_2bis.bch,easy,lsmear-box,xtaylor,complete,34,0.06457400000000002,7518.708788190234,7511.197590599635,10
ex5_4_2bis.bch,easy,smearsumrel,xtaylor,complete,28,0.05064200000000001,7512.546491858136,7505.041450407729,10
ex5_4_2bis.bch,easy,smearsum,xtaylor,complete,44,0.08714800000000002,7512.737589298546,7505.232356941605,10
ex5_4_2bis.bch,easy,smearmax,xtaylor,complete,52,0.08978000000000001,7517.363132131986,7509.853278853134,10
ex5_4_2bis.bch,easy,smearmaxrel,xtaylor,complete,30,0.05010300000000001,7515.651991207116,7508.143847359757,10
ex5_4_2bis.bch,easy,largestfirst,xtaylor,complete,46,0.08068400000000003,7515.730572772856,7508.222350422435,10
ex5_4_2bis.bch,easy,roundrobin,xtaylor,complete,36,0.06427100000000002,7519.592241414432,7512.0801612531795,10
ex5_4_3.bch,easy,lsmear,xtaylor,complete,6,0.04970600000000001,4845.462003818675,4840.621382436239,10
ex5_4_3.bch,easy,lsmear-box,xtaylor,complete,6,0.04938300000000002,4845.462003818675,4840.621382436239,10
ex5_4_3.bch,easy,smearsumrel,xtaylor,complete,6,0.047982000000000004,4845.462003818675,4840.621382436239,10
ex5_4_3.bch,easy,smearsum,xtaylor,complete,28,0.18084500000000003,4846.492672736959,4841.651021715245,10
ex5_4_3.bch,easy,smearmax,xtaylor,complete,26,0.17979700000000004,4846.842051771624,4842.000051719905,10
ex5_4_3.bch,easy,smearmaxrel,xtaylor,complete,24,0.13335800000000006,4845.461991013331,4840.621369643688,10
ex5_4_3.bch,easy,largestfirst,xtaylor,timeout,3518,10.004315000000002,5937.437346503752,3848.889562585995,10
ex5_4_3.bch,easy,roundrobin,xtaylor,complete,46,0.26545200000000013,4845.461988651439,4840.621367284156,10
ex5_4_4.bch,hard,lsmear,xtaylor,timeout,638,10.011239000000003,10668.826167145879,5283.282239132309,10
ex5_4_4.bch,hard,lsmear-box,xtaylor,timeout,592,10.025064000000002,10589.098823381446,5446.594993490484,10
ex5_4_4.bch,hard,smearsumrel,xtaylor,timeout,564,10.012611000000003,10887.365532427488,5384.570395782763,10
ex5_4_4.bch,hard,smearsum,xtaylor,timeout,700,10.000684000000003,11780.776798469895,6830.212957819511,10
ex5_4_4.bch,hard,smearmax,xtaylor,timeout,722,10.021038000000003,12138.44801821671,7056.5448789770035,10
ex5_4_4.bch,hard,smearmaxrel,xtaylor,timeout,1026,10.000832000000004,inf,5520.153225944212,10
ex5_4_4.bch,hard,largestfirst,xtaylor,timeout,1404,10.002027000000004,11887.919320565448,4026.7991038856485,10
ex5_4_4.bch,hard,roundrobin,xtaylor,timeout,680,10.017230000000005,10923.088316290225,5370.707162360014,10
ex6_1_1.bch,blowup,lsmear,xtaylor,timeout,3046,10.001822000000004,-0.020130001721871044,-0.04476564338437222,10
ex6_1_1.bch,blowup,lsmear-box,xtaylor,timeout,3212,10.000035000000002,-0.020157410086184796,-0.040807432680524704,10
ex6_1_1.bch,blowup,smearsumrel,xtaylor,timeout,3298,10.010459000000003,-0.020157409903973723,-0.037412911048870894,10
ex6_1_1.bch,blowup,smearsum,xtaylor,timeout,2976,10.005363000000004,-0.020166525411816492,-0.041699107691653144,10
ex6_1_1.bch,blowup,smearmax,xtaylor,timeout,3122,10.005902000000004,-0.020167618052376924,-0.042400541000208965,10
ex6_1_1.bch,blowup,smearmaxrel,xtaylor,timeout,3352,10.000314000000005,-0.0201868036271303,-0.13485707333244445,10
ex6_1_1.bch,blowup,largestfirst,xtaylor,timeout,6232,10.001174000000002,-0.017577567860997553,-3.253535104205321,10
ex6_1_1.bch,blowup,roundrobin,xtaylor,timeout,3400,10.008295000000004,-0.020183225897161733,-0.06845951330053257,10
ex6_1_2.bch,easy,lsmear,xtaylor,complete,30,0.040190000000000003,-0.03245514537407122,-0.03248763300707829,10
ex6_1_2.bch,easy,lsmear-box,xtaylor,complete,30,0.036392000000000015,-0.03245514537407122,-0.03248763300707829,10
ex6_1_2.bch,easy,smearsumrel,xtaylor,complete,30,0.033062000000000015,-0.03245514537407122,-0.03248763300707829,10
ex6_1_2.bch,easy,smearsum,xtaylor,complete,30,0.033151000000000014,-0.03245514537407122,-0.03248763300707829,10
ex6_1_2.bch,easy,smearmax,xtaylor,complete,30,0.03336900000000002,-0.03245514537407122,-0.03248763300707829,10
ex6_1_2.bch,easy,smearmaxrel,xtaylor,complete,52,0.05727700000000002,-0.03246218660373992,-0.03249468128502494,10
ex6_1_2.bch,easy,largestfirst,xtaylor,complete,30,0.03201100000000002,-0.03245514537407122,-0.03248763300707829,10
ex6_1_2.bch,easy,roundrobin,xtaylor,complete,30,0.03508300000000001,-0.03245400433042567,-0.032486490821246904,10
ex6_1_3.bch,hard,lsmear,xtaylor,timeout,2112,10.000260000000004,-0.32258256292701865,-1.2768703234412613,10
ex6_1_3.bch,hard,lsmear-box,xtaylor,timeout,2112,10.007110000000003,-0.3165503661654766,-1.2768703234412613,10
ex6_1_3.bch,hard,smearsumrel,xtaylor,timeout,1976,10.007248000000002,-0.35236204401370863,-1.2756250408824297,10
ex6_1_3.bch,hard,smearsum,xtaylor,timeout,2084,10.001160000000006,-0.352171258152217,-1.24230373491008,10
ex6_1_3.bch,hard,smearmax,xtaylor,timeout,2104,10.006982000000002,-0.3518718744423242,-1.2611155784134278,10
ex6_1_3.bch,hard,smearmaxrel,xtaylor,timeout,2028,10.002726000000003,-0.33101803898031434,-3.0161549897366373,10
ex6_1_3.bch,hard,largestfirst,xtaylor,timeout,7912,10.003253000000003,inf,-9.633873647603268,10
ex6_1_3.bch,hard,roundrobin,xtaylor,timeout,1970,10.004968000000003,-0.3510872948573862,-1.6833779516012777,10
ex6_1_3bis.bch,medium,lsmear,xtaylor,timeout,7400,10.000438000000003,-0.3507945479775052,-0.4987990252158121,10
ex6_1_3bis.bch,medium,lsmear-box,xtaylor,timeout,7646,10.000924000000005,-0.3507945479775052,-0.478599081791481,10
ex6_1_3bis.bch,medium,smearsumrel,xtaylor,timeout,7930,10.000812000000002,-0.3507945479775052,-0.4649767234934939,10
ex6_1_3bis.bch,medium,smearsum,xtaylor,timeout,7778,10.001355000000006,-0.3509934142793504,-0.4705382674696653,10
ex6_1_3bis.bch,medium,smearmax,xtaylor,timeout,7862,10.001108000000004,-0.3507945479775052,-0.4771347905833545,10
ex6_1_3bis.bch,medium,smearmaxrel,xtaylor,timeout,12920,10.000199000000004,-0.3507945479775052,-7.928784227720665,10
ex6_1_3bis.bch,medium,largestfirst,xtaylor,timeout,15594,10.000293000000003,-0.30283102438873544,-11.876644637046251,10
ex6_1_3bis.bch,medium,roundrobin,xtaylor,timeout,10784,10.000589000000003,-0.351886515141666,-0.4685582510133685,10
ex6_1_4.bch,medium,lsmear,xtaylor,complete,156,0.29032900000000006,-0.294385267315867,-0.29467994726313007,10
ex6_1_4.bch,medium,lsmear-box,xtaylor,complete,190,0.3106180000000001,-0.29443436001016726,-0.2947290890992665,10
ex6_1_4.bch,medium,smearsumrel,xtaylor,complete,188,0.2984340000000001,-0.29441401164964487,-0.29470872037001483,10
ex6_1_4.bch,medium,smearsum,xtaylor,complete,184,0.30809700000000007,-0.2945385944589508,-0.2948334278868376,10
ex6_1_4.bch,medium,smearmax,xtaylor,complete,170,0.3016190000000001,-0.2943895034294142,-0.2946841876170312,10
ex6_1_4.bch,medium,smearmaxrel,xtaylor,complete,170,0.2658390000000001,-0.2943817049061119,-0.2946763812873992,10
ex6_1_4.bch,medium,largestfirst,xtaylor,complete,988,2.606979000000001,-0.2945074407317569,-0.29480224297473157,10
ex6_1_4.bch,medium,roundrobin,xtaylor,complete,714,1.3161000000000003,-0.2944057442725336,-0.29470044471725076,10
ex6_2_10.bch,hard,lsmear,xtaylor,timeout,5526,10.000193000000003,-3.0506544131154585,-22.027447091565207,10
ex6_2_10.bch,hard,lsmear-box,xtaylor,timeout,5830,10.001468000000003,-3.0506544131154585,-21.388412495128602,10
ex6_2_10.bch,hard,smearsumrel,xtaylor,timeout,5618,10.001839000000004,-3.0506544131154585,-23.970009016821205,10
ex6_2_10.bch,hard,smearsum,xtaylor,timeout,5868,10.000979000000005,-3.0506544131154585,-21.723011384095866,10
ex6_2_10.bch,hard,smearmax,xtaylor,timeout,5844,10.001856000000004,-3.0506544131154585,-21.723011384095866,10
ex6_2_10.bch,hard,smearmaxrel,xtaylor,timeout,7586,10.001642000000004,-3.0510509251657942,-56.56086096012462,10
ex6_2_10.bch,hard,largestfirst,xtaylor,timeout,6980,10.001307000000004,-3.0471815003911025,-280.01424028083323,10
ex6_2_10.bch,hard,roundrobin,xtaylor,timeout,8494,10.002124000000004,-3.0464437219757126,-20.56254224646645,10
ex6_2_11.bch,medium,lsmear,xtaylor,timeout,10222,10.000676000000002,-2.580937418006357e-06,-0.020163805181882974,10
ex6_2_11.bch,medium,lsmear-box,xtaylor,timeout,10536,10.001146000000004,1.6324442828619112e-06,-0.018041480258738186,10
ex6_2_11.bch,medium,smearsumrel,xtaylor,timeout,11784,10.001190000000003,1.5249087042784604e-05,-0.03227546946317675,10
ex6_2_11.bch,medium,smearsum,xtaylor,timeout,11126,10.001960000000002,-2.5809236273988123e-06,-0.009805887937108841,10
ex6_2_11.bch,medium,smearmax,xtaylor,timeout,11186,10.001059000000003,-2.5809236273988123e-06,-0.01242354796620926,10
ex6_2_11.bch,medium,smearmaxrel,xtaylor,timeout,10792,10.001879000000002,-2.5870204194144986e-06,-0.016863415453327223,10
ex6_2_11.bch,medium,largestfirst,xtaylor,timeout,13012,10.001493000000002,0.0019284553391433978,-217.15636289947196,10
ex6_2_11.bch,medium,roundrobin,xtaylor,timeout,17354,10.000986000000005,5.685275695999081e-06,-0.645374984483419,10
ex6_2_12.bch,medium,lsmear,xtaylor,complete,7840,7.538916000000001,0.2891957085268364,0.28890680172511135,10
ex6_2_12.bch,medium,lsmear-box,xtaylor,complete,7976,7.467284000000001,0.28919569688628377,0.28890679009618764,10
ex6_2_12.bch,medium,smearsumrel,xtaylor,complete,6738,6.376395000000002,0.2891957471575152,0.2889068403171981,10
ex6_2_12.bch,medium,smearsum,xtaylor,complete,6542,6.237592000000003,0.28919915241031563,0.28891024216814754,10
ex6_2_12.bch,medium,smearmax,xtaylor,complete,6796,6.386451000000002,0.2891959821396479,0.2889070750645834,10
ex6_2_12.bch,medium,smearmaxrel,xtaylor,timeout,10784,10.001216000000005,0.2892110342291309,0.08227950763106283,10
ex6_2_12.bch,medium,largestfirst,xtaylor,timeout,13300,10.000050000000003,0.31225680742547296,-46.16729064164164,10
ex6_2_12.bch,medium,roundrobin,xtaylor,timeout,16174,10.001504000000004,0.2892020668469043,0.2544584040903374,10
ex6_2_13.bch,blowup,lsmear,xtaylor,timeout,6362,10.001976000000004,-0.2162094723117548,-3.5966930428387234,10
ex6_2_13.bch,blowup,lsmear-box,xtaylor,timeout,6736,10.000661000000001,-0.2162094723117548,-3.502943768488338,10
ex6_2_13.bch,blowup,smearsumrel,xtaylor,timeout,6384,10.001391000000003,-0.2162094723117548,-3.977629538834038,10
ex6_2_13.bch,blowup,smearsum,xtaylor,timeout,6536,10.000050000000003,-0.2162094723117548,-3.698218006227955,10
ex6_2_13.bch,blowup,smearmax,xtaylor,timeout,6822,10.002283000000004,-0.2162094723117548,-3.581427349414756,10
ex6_2_13.bch,blowup,smearmaxrel,xtaylor,timeout,11230,10.001292000000005,-0.21620947473368457,-24.65712267709585,10
ex6_2_13.bch,blowup,largestfirst,xtaylor,timeout,9330,10.001013000000004,-0.216209391322368,-82.33092970421552,10
ex6_2_13.bch,blowup,roundrobin,xtaylor,timeout,9628,10.000569000000006,-0.21620947231175403,-4.552649042539128,10
ex6_2_14.bch,medium,lsmear,xtaylor,complete,1084,1.1141050000000003,-0.6953539154209768,-0.6960499653863631,10
ex6_2_14.bch,medium,lsmear-box,xtaylor,complete,1098,1.0997610000000004,-0.6953558297613248,-0.6960518816429677,10
ex6_2_14.bch,medium,smearsumrel,xtaylor,complete,1002,0.9845390000000003,-0.6953539154209768,-0.6960499653863631,10
ex6_2_14.bch,medium,smearsum,xtaylor,complete,952,0.9504450000000003,-0.6953539154209768,-0.6960499653863631,10
ex6_2_14.bch,medium,smearmax,xtaylor,complete,990,0.9801050000000002,-0.6953539154209768,-0.6960499653863631,10
ex6_2_14.bch,medium,smearmaxrel,xtaylor,timeout,11710,10.000875000000004,-0.6953539154094285,-2.381406548283229,10
ex6_2_14.bch,medium,largestfirst,xtaylor,timeout,12730,10.000531000000002,-0.6952749239242896,-29.98837294063371,10
ex6_2_14.bch,medium,roundrobin,xtaylor,complete,5994,3.669423000000001,-0.6953573106765486,-0.696053364040589,10
ex6_2_5.bch,unsolved,lsmear,xtaylor,timeout,5000,10.001089000000004,-70.30055825396711,-55903.59953606756,10
ex6_2_5.bch,unsolved,lsmear-box,xtaylor,timeout,4342,10.001676000000003,-70.30055825397346,-28481.336422409615,10
ex6_2_5.bch,unsolved,smearsumrel,xtaylor,timeout,4260,10.002666000000003,-70.3020096384671,-32473.3309306836,10
ex6_2_5.bch,unsolved,smearsum,xtaylor,timeout,5292,10.001578000000004,-70.30055825396688,-55875.73248634003,10
ex6_2_5.bch,unsolved,smearmax,xtaylor,timeout,5294,10.001604000000002,-70.30055825396688,-55875.73248634003,10
ex6_2_5.bch,unsolved,smearmaxrel,xtaylor,timeout,4662,10.002372000000003,-70.53586929267999,-37133.502290033575,10
ex6_2_5.bch,unsolved,largestfirst,xtaylor,timeout,6486,10.000259000000003,-69.26603786629326,-59560.57254481703,10
ex6_2_5.bch,unsolved,roundrobin,xtaylor,timeout,5250,10.003710000000002,-70.26697831285503,-23875.95086756283,10
ex6_2_6.bch,medium,lsmear,xtaylor,timeout,9344,10.000772000000005,9.013237140920172e-06,-0.2435335384491389,10
ex6_2_6.bch,medium,lsmear-box,xtaylor,timeout,9442,10.000918000000004,5.895178606607487e-06,-0.24280601842968738,10
ex6_2_6.bch,medium,smearsumrel,xtaylor,timeout,10506,10.001025000000004,-2.5816693233760013e-06,-0.4466791193419743,10
ex6_2_6.bch,medium,smearsum,xtaylor,timeout,9874,10.000031000000002,9.013237140920172e-06,-0.19227070270283347,10
ex6_2_6.bch,medium,smearmax,xtaylor,timeout,10082,10.000562000000004,9.013237140920172e-06,-0.18385661608345258,10
ex6_2_6.bch,medium,smearmaxrel,xtaylor,timeout,9968,10.001383000000004,-2.6012439023892497e-06,-0.30072099677967523,10
ex6_2_6.bch,medium,largestfirst,xtaylor,timeout,11420,10.001582000000004,0.0060233757386525255,-298.23194321202806,10
ex6_2_6.bch,medium,roundrobin,xtaylor,timeout,15658,10.000660000000003,7.603225136321168e-06,-1.8281041410400263,10
ex6_2_7.bch,unsolved,lsmear,xtaylor,timeout,3774,10.000421000000005,-0.13659012863896391,-327.21302980864493,10
ex6_2_7.bch,unsolved,lsmear-box,xtaylor,timeout,3838,10.000534000000004,-0.13659012863896347,-327.2130298086447,10
ex6_2_7.bch,unsolved,smearsumrel,xtaylor,timeout,3672,10.000739000000003,-0.13329206104497526,-370.47577335820057,10
ex6_2_7.bch,unsolved,smearsum,xtaylor,timeout,4040,10.002936000000004,-0.13659012863896391,-321.99829789516497,10
ex6_2_7.bch,unsolved,smearmax,xtaylor,timeout,4000,10.004168000000005,-0.13659012863896391,-327.21302980864465,10
ex6_2_7.bch,unsolved,smearmaxrel,xtaylor,timeout,4760,10.002475000000006,-0.12719709499251142,-739.3839629940459,10
ex6_2_7.bch,unsolved,largestfirst,xtaylor,timeout,5674,10.002531000000005,-0.1278845421263135,-872.8008509119745,10
ex6_2_7.bch,unsolved,roundrobin,xtaylor,timeout,5058,10.002551000000004,-0.13833371565403807,-212.09581689365132,10
ex6_2_8.bch,medium,lsmear,xtaylor,timeout,9782,10.000563000000003,-0.026983201213827357,-0.31310711353442017,10
ex6_2_8.bch,medium,lsmear-box,xtaylor,timeout,9822,10.001297000000003,-0.026971843115149774,-0.3088739983470272,10
ex6_2_8.bch,medium,smearsumrel,xtaylor,timeout,10392,10.000482000000003,-0.026972448839096774,-0.5109379023899648,10
ex6_2_8.bch,medium,smearsum,xtaylor,timeout,9984,10.001928000000005,-0.026972195607831928,-0.26673123996981213,10
ex6_2_8.bch,medium,smearmax,xtaylor,timeout,10494,10.002018000000001,-0.02698189437033971,-0.2421667200903765,10
ex6_2_8.bch,medium,smearmaxrel,xtaylor,timeout,9670,10.000642000000004,-0.026972441874635766,-0.3759691140565252,10
ex6_2_8.bch,medium,largestfirst,xtaylor,timeout,12620,10.000683000000006,0.0010186965991768604,-323.9679752500905,10
ex6_2_8.bch,medium,roundrobin,xtaylor,timeout,15700,10.000476000000003,-0.026993912451003688,-1.4743099555536,10
ex6_2_9.bch,medium,lsmear,xtaylor,timeout,8632,10.000205000000005,-0.03404300693163487,-0.27729644798695446,10
ex6_2_9.bch,medium,lsmear-box,xtaylor,timeout,8698,10.001668000000004,-0.034063439584441246,-0.2975546835836245,10
ex6_2_9.bch,medium,smearsumrel,xtaylor,timeout,8816,10.000061000000006,-0.03404616804794269,-0.21983538010802114,10
ex6_2_9.bch,medium,smearsum,xtaylor,timeout,9278,10.000706000000003,-0.034063825394304637,-0.20679485784299928,10
ex6_2_9.bch,medium,smearmax,xtaylor,timeout,9516,10.000622000000005,-0.034047928342649136,-0.20091135650025255,10
ex6_2_9.bch,medium,smearmaxrel,xtaylor,timeout,9058,10.000616000000003,-0.03396985866028013,-3.141286489664742,10
ex6_2_9.bch,medium,largestfirst,xtaylor,timeout,11110,10.000240000000003,-0.03398434217065627,-150.4603844315442,10
ex6_2_9.bch,medium,roundrobin,xtaylor,timeout,13130,10.000786000000007,-0.033957268771071636,-0.5974890268950697,10
ex7_2_1.bch,easy,lsmear,xtaylor,complete,22,0.07144600000000002,1228.337695597535,1227.1105850125227,10
ex7_2_1.bch,easy,lsmear-box,xtaylor,complete,24,0.08274700000000001,1227.3086217381872,1226.0825391989883,10
ex7_2_1.bch,easy,smearsumrel,xtaylor,complete,46,0.11267400000000002,1227.6500909213191,1226.4236672540653,10
ex7_2_1.bch,easy,smearsum,xtaylor,complete,32,0.10839700000000003,1227.5057164237962,1226.2794369868097,10
ex7_2_1.bch,easy,smearmax,xtaylor,complete,32,0.10870800000000003,1227.5057164237962,1226.2794369868097,10
ex7_2_1.bch,easy,smearmaxrel,xtaylor,complete,44,0.12707800000000002,1227.4458287803254,1226.2196091711546,10
ex7_2_1.bch,easy,largestfirst,xtaylor,complete,224,0.6754410000000003,1227.2316913780917,1226.0056856923995,10
ex7_2_1.bch,easy,roundrobin,xtaylor,complete,34,0.08796100000000003,1227.5124507379785,1226.2861645734054,10
ex7_2_10.bch,easy,lsmear,xtaylor,complete,14,0.023483000000000007,0.1,0.09999999999999999,10
ex7_2_10.bch,easy,lsmear-box,xtaylor,complete,14,0.023497000000000004,0.1,0.09999999999999999,10
ex7_2_10.bch,easy,smearsumrel,xtaylor,complete,14,0.02209600000000001,0.1,0.09999999999999999,10
ex7_2_10.bch,easy,smearsum,xtaylor,complete,18,0.029301000000000008,0.1,0.09999999999999999,10
ex7_2_10.bch,easy,smearmax,xtaylor,complete,22,0.03272100000000001,0.1,0.09999999999999999,10
ex7_2_10.bch,easy,smearmaxrel,xtaylor,complete,24,0.03668500000000001,0.1,0.09999999999999999,10
ex7_2_10.bch,easy,largestfirst,xtaylor,complete,42,0.07177100000000003,0.10009981723299254,0.09999999999999999,10
ex7_2_10.bch,easy,roundrobin,xtaylor,complete,14,0.021557000000000007,0.1,0.09999999999999999,10
ex7_2_1bis.bch,easy,lsmear,xtaylor,complete,22,0.06268400000000002,1227.261456973978,1226.035421552426,10
ex7_2_1bis.bch,easy,lsmear-box,xtaylor,complete,26,0.08508000000000002,1227.3849351317704,1226.1587763554153,10
ex7_2_1bis.bch,easy,smearsumrel,xtaylor,complete,42,0.10604100000000004,1227.4552100687115,1226.228981087624,10
ex7_2_1bis.bch,easy,smearsum,xtaylor,complete,26,0.08752700000000002,1227.715711228639,1226.4892220066326,10
ex7_2_1bis.bch,easy,smearmax,xtaylor,complete,26,0.08798800000000002,1227.715711228639,1226.4892220066326,10
ex7_2_1bis.bch,easy,smearmaxrel,xtaylor,complete,42,0.10570200000000002,1227.578389105927,1226.3520370688584,10
ex7_2_1bis.bch,easy,largestfirst,xtaylor,complete,454,0.9111720000000003,1227.6361230544053,1226.4097133410644,10
ex7_2_1bis.bch,easy,roundrobin,xtaylor,complete,44,0.10853700000000004,1228.4487746798213,1227.221553126695,10
ex7_2_2.bch,easy,lsmear,xtaylor,complete,32,0.07021700000000003,-0.3885918583358378,-0.3889808391750128,10
ex7_2_2.bch,easy,lsmear-box,xtaylor,complete,32,0.06939400000000003,-0.3885918583358378,-0.3889808391750128,10
ex7_2_2.bch,easy,smearsumrel,xtaylor,complete,32,0.06638800000000002,-0.3885918583358378,-0.3889808391750128,10
ex7_2_2.bch,easy,smearsum,xtaylor,complete,24,0.052235000000000004,-0.38881099064871805,-0.38920019083955754,10
ex7_2_2.bch,easy,smearmax,xtaylor,complete,44,0.08200700000000002,-0.38845034100900705,-0.3888391801891962,10
ex7_2_2.bch,easy,smearmaxrel,xtaylor,complete,28,0.048439,-0.38878100628595674,-0.38917017646241914,10
ex7_2_2.bch,easy,largestfirst,xtaylor,complete,32,0.06545900000000003,-0.3885918583358378,-0.3889808391750128,10
ex7_2_2.bch,easy,roundrobin,xtaylor,complete,22,0.03995700000000001,-0.38878827601203475,-0.3891774534655002,10
ex7_2_3.bch,easy,lsmear,xtaylor,timeout,14282,10.001368000000001,7267.802536560379,4851.261553969978,10
ex7_2_3.bch,easy,lsmear-box,xtaylor,timeout,12322,10.001561000000004,7067.7677830508865,6486.687074696622,10
ex7_2_3.bch,easy,smearsumrel,xtaylor,complete,11508,9.059141000000004,7049.743166609593,7042.70046614345,10
ex7_2_3.bch,easy,smearsum,xtaylor,timeout,11346,10.000221000000005,7056.507812835121,6886.579547931011,10
ex7_2_3.bch,easy,smearmax,xtaylor,timeout,10954,10.001378000000004,7055.146769702762,6909.375,10
ex7_2_3.bch,easy,smearmaxrel,xtaylor,timeout,18808,10.001210000000004,20988.522134477185,2113.6357925000025,10
ex7_2_3.bch,easy,largestfirst,xtaylor,timeout,12154,10.001519000000004,inf,2100.0000000000005,10
ex7_2_3.bch,easy,roundrobin,xtaylor,complete,3004,3.9863160000000013,7050.532868279609,7043.489378900709,10
ex7_2_3bis.bch,easy,lsmear,xtaylor,complete,308,0.7606380000000001,7051.79658859422,7044.751836757464,10
ex7_2_3bis.bch,easy,lsmear-box,xtaylor,complete,318,0.7781610000000002,7051.671465955704,7044.626839116588,10
ex7_2_3bis.bch,easy,smearsumrel,xtaylor,complete,368,0.9215820000000003,7052.303551995432,7045.258293701731,10
ex7_2_3bis.bch,easy,smearsum,xtaylor,complete,364,0.8512440000000003,7050.499220082645,7043.455764318327,10
ex7_2_3bis.bch,easy,smearmax,xtaylor,complete,288,0.7059290000000001,7050.975071453941,7043.931140313629,10
ex7_2_3bis.bch,easy,smearmaxrel,xtaylor,complete,474,1.1439660000000003,7052.471427784233,7045.426001782452,10
ex7_2_3bis.bch,easy,largestfirst,xtaylor,timeout,7078,10.000035000000002,7084.893254396741,2481.8482673925146,10
ex7_2_3bis.bch,easy,roundrobin,xtaylor,complete,656,1.3154180000000004,7052.984087221073,7045.9381490720025,10
ex7_2_4.bch,medium,lsmear,xtaylor,complete,2320,5.489969000000001,3.918532952561436,3.914618334227209,10
ex7_2_4.bch,medium,lsmear-box,xtaylor,complete,1448,2.746394000000001,3.918294831710927,3.914380451259668,10
ex7_2_4.bch,medium,smearsumrel,xtaylor,complete,2848,5.4383440000000025,3.91957784699067,3.9156621848058646,10
ex7_2_4.bch,medium,smearsum,xtaylor,complete,2902,5.983819000000002,3.919767250933835,3.9158513995343007,10
ex7_2_4.bch,medium,smearmax,xtaylor,complete,2396,5.027202000000003,3.9195755786763513,3.9156599187575942,10
ex7_2_4.bch,medium,smearmaxrel,xtaylor,timeout,7174,10.002082000000003,3.942943958190198,0.4417373138368351,10
ex7_2_4.bch,medium,largestfirst,xtaylor,timeout,10166,10.001536000000007,3.9231237485226984,2.7660225826353395,10
ex7_2_4.bch,medium,roundrobin,xtaylor,complete,3496,6.346540000000003,3.9193803485089918,3.9154648836253667,10
ex7_2_5.bch,easy,lsmear,xtaylor,complete,12,0.019932000000000002,10123.025796588767,10112.912883705063,10
ex7_2_5.bch,easy,lsmear-box,xtaylor,complete,12,0.02271600000000001,10123.025796588767,10112.912883705063,10
ex7_2_5.bch,easy,smearsumrel,xtaylor,complete,10,0.015392000000000003,10122.90552053266,10112.792727804857,10
ex7_2_5.bch,easy,smearsum,xtaylor,complete,14,0.015616000000000003,10131.37136463928,10121.250114524759,10
ex7_2_5.bch,easy,smearmax,xtaylor,complete,14,0.015574999999999999,10131.37136463928,10121.250114524759,10
ex7_2_5.bch,easy,smearmaxrel,xtaylor,complete,10,0.015411000000000005,10122.90552053266,10112.792727804857,10
ex7_2_5.bch,easy,largestfirst,xtaylor,complete,230,0.18524800000000005,10124.514961297124,10114.400560736389,10
ex7_2_5.bch,easy,roundrobin,xtaylor,complete,18,0.018848000000000004,10124.167868427634,10114.053814613024,10
ex7_2_6.bch,easy,lsmear,xtaylor,complete,18,0.012229000000000004,-83.24758342790855,-83.3309143422508,10
ex7_2_6.bch,easy,lsmear-box,xtaylor,complete,18,0.011854000000000002,-83.24758342790855,-83.3309143422508,10
ex7_2_6.bch,easy,smearsumrel,xtaylor,complete,28,0.015892000000000003,-83.2332455573789,-83.31656211949837,10
ex7_2_6.bch,easy,smearsum,xtaylor,complete,22,0.017229000000000005,-83.23732248495425,-83.32064312808231,10
ex7_2_6.bch,easy,smearmax,xtaylor,complete,22,0.016576000000000004,-83.23732248495425,-83.32064312808231,10
ex7_2_6.bch,easy,smearmaxrel,xtaylor,complete,24,0.014701000000000004,-83.24256854447655,-83.32589443891545,10
ex7_2_6.bch,easy,largestfirst,xtaylor,complete,24,0.013513000000000004,-83.2232033003304,-83.30650981014053,10
ex7_2_6.bch,easy,roundrobin,xtaylor,complete,28,0.014683000000000002,-83.2399796943999,-83.32330299739729,10
ex7_2_7.bch,easy,lsmear,xtaylor,complete,46,0.049285000000000016,-5.736667447728818,-5.742409857586404,10
ex7_2_7.bch,easy,lsmear-box,xtaylor,complete,40,0.04032200000000001,-5.735512257739142,-5.741253511250392,10
ex7_2_7.bch,easy,smearsumrel,xtaylor,complete,54,0.05174000000000001,-5.737434709897242,-5.743177887785026,10
ex7_2_7.bch,easy,smearsum,xtaylor,complete,44,0.04328300000000001,-5.739224112137318,-5.744969081218536,10
ex7_2_7.bch,easy,smearmax,xtaylor,complete,38,0.039079000000000017,-5.739634053361055,-5.745379432793848,10
ex7_2_7.bch,easy,smearmaxrel,xtaylor,complete,32,0.03736400000000001,-5.737966558338897,-5.7437102686075034,10
ex7_2_7.bch,easy,largestfirst,xtaylor,complete,92,0.058541000000000024,-5.738788433437968,-5.744532966404371,10
ex7_2_7.bch,easy,roundrobin,xtaylor,complete,42,0.03989900000000001,-5.738739778652609,-5.744484262915524,10
ex7_2_8.bch,medium,lsmear,xtaylor,complete,1576,3.516412000000001,-6.081485065440696,-6.0875726380787745,10
ex7_2_8.bch,medium,lsmear-box,xtaylor,complete,1798,3.1688730000000005,-6.081299795219332,-6.0873871824017325,10
ex7_2_8.bch,medium,smearsumrel,xtaylor,complete,2180,4.166841000000001,-6.079610684860964,-6.085696381242205,10
ex7_2_8.bch,medium,smearsum,xtaylor,complete,2616,5.571574000000001,-6.078959902851647,-6.085044947799446,10
ex7_2_8.bch,medium,smearmax,xtaylor,complete,2412,5.109720000000001,-6.0780989411256074,-6.084183124249856,10
ex7_2_8.bch,medium,smearmaxrel,xtaylor,timeout,7188,10.001804000000003,-6.062372872419445,-7.460302798039263,10
ex7_2_8.bch,medium,largestfirst,xtaylor,timeout,11424,10.000861000000002,-5.923349507507708,-7.848943035514913,10
ex7_2_8.bch,medium,roundrobin,xtaylor,complete,2616,4.199808000000001,-6.0798382689337505,-6.085924193126877,10
ex7_2_9.bch,medium,lsmear,xtaylor,timeout,6438,10.004760000000005,1.145602244773491,1.1143890192741859,10
ex7_2_9.bch,medium,lsmear-box,xtaylor,timeout,8028,10.003148000000005,1.146396236318634,1.1054120933767901,10
ex7_2_9.bch,medium,smearsumrel,xtaylor,timeout,7494,10.000588000000002,1.1453267220649543,0.9269875981367126,10
ex7_2_9.bch,medium,smearsum,xtaylor,complete,2088,5.399634000000002,1.1439369941450355,1.1427941999450906,10
ex7_2_9.bch,medium,smearmax,xtaylor,complete,2078,5.225494000000002,1.1440812248001233,1.14293828651361,10
ex7_2_9.bch,medium,smearmaxrel,xtaylor,timeout,6206,10.001996000000004,1.1592822518255657,0.6671791369330117,10
ex7_2_9.bch,medium,largestfirst,xtaylor,timeout,11878,10.000417000000002,2.6967741597908064,0.0530855393573304,10
ex7_2_9.bch,medium,roundrobin,xtaylor,complete,4756,8.340251000000002,1.1439419024350177,1.1427991033316862,10
ex7_3_1.bch,easy,lsmear,xtaylor,complete,60,0.08441300000000004,0.3418421898100171,0.34150068912089626,10
ex7_3_1.bch,easy,lsmear-box,xtaylor,complete,60,0.08508000000000003,0.3418421898100171,0.34150068912089626,10
ex7_3_1.bch,easy,smearsumrel,xtaylor,complete,60,0.08173600000000002,0.3418421898100171,0.34150068912089626,10
ex7_3_1.bch,easy,smearsum,xtaylor,complete,114,0.09614500000000001,0.3418697713427375,0.3415282430996379,10
ex7_3_1.bch,easy,smearmax,xtaylor,complete,114,0.09700200000000002,0.3418697713427375,0.3415282430996379,10
ex7_3_1.bch,easy,smearmaxrel,xtaylor,complete,48,0.06001900000000002,0.3417459092165645,0.3414045047118527,10
ex7_3_1.bch,easy,largestfirst,xtaylor,complete,46,0.05284200000000002,0.3419639248847378,0.3416223025821557,10
ex7_3_1.bch,easy,roundrobin,xtaylor,complete,90,0.10510600000000002,0.34194452678282716,0.34160292385896823,10
ex7_3_2.bch,easy,lsmear,xtaylor,complete,84,0.05536200000000001,1.089890262805607,1.0888014613442631,10
ex7_3_2.bch,easy,lsmear-box,xtaylor,complete,84,0.05432400000000001,1.089890262805607,1.0888014613442631,10
ex7_3_2.bch,easy,smearsumrel,xtaylor,complete,84,0.05036000000000001,1.089890262805607,1.0888014613442631,10
ex7_3_2.bch,easy,smearsum,xtaylor,complete,76,0.058471000000000016,1.0898684146052777,1.0887796349703076,10
ex7_3_2.bch,easy,smearmax,xtaylor,complete,76,0.058657000000000015,1.0898684146052777,1.0887796349703076,10
ex7_3_2.bch,easy,smearmaxrel,xtaylor,complete,72,0.07572200000000003,1.0898662756284951,1.088777498130365,10
ex7_3_2.bch,easy,largestfirst,xtaylor,complete,258,0.15865100000000004,1.0898944071381762,1.0888056015366399,10
ex7_3_2.bch,easy,roundrobin,xtaylor,complete,80,0.053510000000000016,1.0900606980248801,1.0889717262985819,10
ex7_3_3.bch,easy,lsmear,xtaylor,complete,120,0.14866900000000005,0.8183201456765978,0.8175026430335643,10
ex7_3_3.bch,easy,lsmear-box,xtaylor,complete,120,0.14825700000000006,0.8183201456765978,0.8175026430335643,10
ex7_3_3.bch,easy,smearsumrel,xtaylor,complete,120,0.13898800000000003,0.8183201456765978,0.8175026430335643,10
ex7_3_3.bch,easy,smearsum,xtaylor,complete,80,0.08780600000000002,0.8179315560350511,0.8175207206810454,10
ex7_3_3.bch,easy,smearmax,xtaylor,complete,76,0.09464200000000003,0.817926595253768,0.8175287028794278,10
ex7_3_3.bch,easy,smearmaxrel,xtaylor,complete,104,0.11276600000000005,0.8177793280203307,0.8169623656546762,10
ex7_3_3.bch,easy,largestfirst,xtaylor,complete,404,0.5075240000000001,0.8177602194096196,0.8175285307125835,10
ex7_3_3.bch,easy,roundrobin,xtaylor,complete,106,0.11225500000000004,0.8178821701044359,0.8175257109652848,10
ex7_3_4.bch,medium,lsmear,xtaylor,complete,310,1.5128780000000004,6.276844966575432,6.270574392183249,10
ex7_3_4.bch,medium,lsmear-box,xtaylor,complete,310,1.5144610000000003,6.276844966575432,6.270574392183249,10
ex7_3_4.bch,medium,smearsumrel,xtaylor,complete,310,1.4585250000000005,6.276844966575432,6.270574392183249,10
ex7_3_4.bch,medium,smearsum,xtaylor,timeout,2388,10.009279000000003,9.626243179731118,2.0728851266468413,10
ex7_3_4.bch,medium,smearmax,xtaylor,timeout,2536,10.001598000000001,10.000008867167345,0,10
ex7_3_4.bch,medium,smearmaxrel,xtaylor,complete,2090,8.420208000000002,6.275002847059348,6.268734112946402,10
ex7_3_4.bch,medium,largestfirst,xtaylor,timeout,3274,10.007410000000004,497.9055298452785,3.3306690738754692e-15,10
ex7_3_4.bch,medium,roundrobin,xtaylor,complete,1796,7.945251000000002,6.274961743509941,6.268693050459483,10
ex7_3_4bis.bch,medium,lsmear,xtaylor,complete,830,1.2815340000000002,6.276368518657513,6.270098420237277,10
ex7_3_4bis.bch,medium,lsmear-box,xtaylor,complete,830,1.2691570000000003,6.276368518657513,6.270098420237277,10
ex7_3_4bis.bch,medium,smearsumrel,xtaylor,complete,830,1.1974760000000004,6.276368518657513,6.270098420237277,10
ex7_3_4bis.bch,medium,smearsum,xtaylor,complete,2458,4.215925000000001,6.27744663347708,6.271175458019062,10
ex7_3_4bis.bch,medium,smearmax,xtaylor,complete,1942,3.0735430000000012,6.272383156676506,6.26611703963687,10
ex7_3_4bis.bch,medium,smearmaxrel,xtaylor,timeout,9328,10.001646000000003,6.273630368815968,5.219092414643915,10
ex7_3_4bis.bch,medium,largestfirst,xtaylor,timeout,8464,10.000444000000005,685.7559335051469,7.105427357601002e-15,10
ex7_3_4bis.bch,medium,roundrobin,xtaylor,timeout,9654,10.000590000000003,6.273593700529425,6.056443677493113,10
ex7_3_5.bch,blowup,lsmear,xtaylor,complete,450,1.2912800000000006,1.2068962433446127,1.2067158301736312,10
ex7_3_5.bch,blowup,lsmear-box,xtaylor,complete,450,1.2935320000000003,1.2068962433446127,1.2067158301736312,10
ex7_3_5.bch,blowup,smearsumrel,xtaylor,complete,450,1.2232750000000006,1.2068962433446127,1.2067158301736312,10
ex7_3_5.bch,blowup,smearsum,xtaylor,complete,640,2.9978130000000007,1.2068962876646903,1.2056905970676228,10
ex7_3_5.bch,blowup,smearmax,xtaylor,complete,684,3.2148810000000014,1.206896329658674,1.2067076911073082,10
ex7_3_5.bch,blowup,smearmaxrel,xtaylor,timeout,3262,10.003383000000005,inf,1.2022851562499999,10
ex7_3_5.bch,blowup,largestfirst,xtaylor,timeout,2732,10.006022000000003,inf,0.34182617187500003,10
ex7_3_5.bch,blowup,roundrobin,xtaylor,complete,620,2.0731690000000005,1.2068962921368411,1.2056906015353062,10
ex7_3_5bis.bch,medium,lsmear,xtaylor,complete,4378,3.2459420000000008,1.206865993752073,1.2056603334186544,10
ex7_3_5bis.bch,medium,lsmear-box,xtaylor,complete,4378,3.223786000000001,1.206865993752073,1.2056603334186544,10
ex7_3_5bis.bch,medium,smearsumrel,xtaylor,complete,4378,2.9300280000000014,1.206865993752073,1.2056603334186544,10
ex7_3_5bis.bch,medium,smearsum,xtaylor,complete,6104,3.9430800000000006,1.206865547049194,1.2056598871620323,10
ex7_3_5bis.bch,medium,smearmax,xtaylor,complete,7488,4.938683000000002,1.2067710823011655,1.2055655167843813,10
ex7_3_5bis.bch,medium,smearmaxrel,xtaylor,complete,5370,3.723385000000001,1.2068166059952352,1.2056109950002352,10
ex7_3_5bis.bch,medium,largestfirst,xtaylor,timeout,24326,10.000781000000005,inf,3.7517881521815627e-14,10
ex7_3_5bis.bch,medium,roundrobin,xtaylor,timeout,13374,10.000069000000003,inf,0,10
ex7_3_6.bch,easy,lsmear,xtaylor,complete,0,1.0000000000287557e-06,inf,-inf,10
ex7_3_6.bch,easy,lsmear-box,xtaylor,complete,0,2.000000000002e-06,inf,-inf,10
ex7_3_6.bch,easy,smearsumrel,xtaylor,complete,0,2.9999999999752447e-06,inf,-inf,10
ex7_3_6.bch,easy,smearsum,xtaylor,complete,0,2.000000000002e-06,inf,-inf,10
ex7_3_6.bch,easy,smearmax,xtaylor,complete,0,2.000000000002e-06,inf,-inf,10
ex7_3_6.bch,easy,smearmaxrel,xtaylor,complete,0,2.000000000002e-06,inf,-inf,10
ex7_3_6.bch,easy,largestfirst,xtaylor,complete,0,2.000000000002e-06,inf,-inf,10
ex7_3_6.bch,easy,roundrobin,xtaylor,complete,0,2.000000000002e-06,inf,-inf,10
ex8_1_1.bch,easy,lsmear,xtaylor,complete,10,0.004423000000000001,-2.0202131318259875,-2.0220700037691373,10
ex8_1_1.bch,easy,lsmear-box,xtaylor,complete,10,0.006707000000000001,-2.0202131318259875,-2.0220700037691373,10
ex8_1_1.bch,easy,smearsumrel,xtaylor,complete,10,0.0039320000000000015,-2.0202131318259875,-2.0220700037691373,10
ex8_1_1.bch,easy,smearsum,xtaylor,complete,6,0.0029430000000000007,-2.0217987688299623,-2.0238225914213834,10
ex8_1_1.bch,easy,smearmax,xtaylor,complete,6,0.0020440000000000007,-2.0217987688299623,-2.0238225914213834,10
ex8_1_1.bch,easy,smearmaxrel,xtaylor,complete,20,0.007817000000000003,-2.019945753831919,-2.021967721553472,10
ex8_1_1.bch,easy,largestfirst,xtaylor,complete,20,0.007045000000000002,-2.019945753831919,-2.021967721553472,10
ex8_1_1.bch,easy,roundrobin,xtaylor,complete,10,0.0037860000000000007,-2.021806442702891,-2.0221646643605933,10
ex8_1_2.bch,easy,lsmear,xtaylor,complete,14,0.011403000000000005,-1.0708554328533617,-1.071927360213575,10
ex8_1_2.bch,easy,lsmear-box,xtaylor,complete,14,0.008072000000000001,-1.0708554328533617,-1.071927360213575,10
ex8_1_2.bch,easy,smearsumrel,xtaylor,complete,14,0.007653000000000001,-1.0708554328533617,-1.071927360213575,10
ex8_1_2.bch,easy,smearsum,xtaylor,complete,14,0.010462000000000003,-1.0708554328533617,-1.071927360213575,10
ex8_1_2.bch,easy,smearmax,xtaylor,complete,14,0.007591000000000002,-1.0708554328533617,-1.071927360213575,10
ex8_1_2.bch,easy,smearmaxrel,xtaylor,complete,14,0.007550000000000002,-1.0708554328533617,-1.071927360213575,10
ex8_1_2.bch,easy,largestfirst,xtaylor,complete,14,0.006861000000000002,-1.0708554328533617,-1.071927360213575,10
ex8_1_2.bch,easy,roundrobin,xtaylor,complete,14,0.008105000000000003,-1.0707877009614513,-1.071859560521973,10
ex8_1_4.bch,easy,lsmear,xtaylor,complete,32,0.014712000000000005,0,-9.999999999999998e-08,10
ex8_1_4.bch,easy,lsmear-box,xtaylor,complete,32,0.014436000000000008,0,-9.999999999999998e-08,10
ex8_1_4.bch,easy,smearsumrel,xtaylor,complete,32,0.016433000000000003,0,-9.999999999999998e-08,10
ex8_1_4.bch,easy,smearsum,xtaylor,complete,78,0.027652000000000006,3.932151278712275e-08,-6.067848721287722e-08,10
ex8_1_4.bch,easy,smearmax,xtaylor,complete,78,0.027829000000000007,3.932151278712275e-08,-6.067848721287722e-08,10
ex8_1_4.bch,easy,smearmaxrel,xtaylor,complete,32,0.013325000000000002,0,-9.999999999999998e-08,10
ex8_1_4.bch,easy,largestfirst,xtaylor,complete,164,0.07883400000000003,9.994331784562921e-08,-5.6682154370784835e-11,10
ex8_1_4.bch,easy,roundrobin,xtaylor,complete,46,0.015316000000000001,0,-9.999999999999998e-08,10
ex8_1_5.bch,easy,lsmear,xtaylor,complete,88,0.04708000000000001,-1.0313007126726759,-1.0323330457183941,10
ex8_1_5.bch,easy,lsmear-box,xtaylor,complete,88,0.04650500000000002,-1.0313007126726759,-1.0323330457183941,10
ex8_1_5.bch,easy,smearsumrel,xtaylor,complete,88,0.043012000000000015,-1.0313007126726759,-1.0323330457183941,10
ex8_1_5.bch,easy,smearsum,xtaylor,complete,152,0.06764000000000002,-1.0313822139640205,-1.0324146285926128,10
ex8_1_5.bch,easy,smearmax,xtaylor,complete,152,0.06832400000000001,-1.0313822139640205,-1.0324146285926128,10
ex8_1_5.bch,easy,smearmaxrel,xtaylor,complete,88,0.043079000000000006,-1.0313007126726759,-1.0323330457183941,10
ex8_1_5.bch,easy,largestfirst,xtaylor,complete,1704,0.5086590000000001,-1.0316013911883894,-1.0326340252136028,10
ex8_1_5.bch,easy,roundrobin,xtaylor,complete,146,0.05559700000000001,-1.0314383128249294,-1.0324707836085376,10
ex8_1_6.bch,easy,lsmear,xtaylor,complete,24,0.008514000000000002,-10.0858268597467,-10.088371356269668,10
ex8_1_6.bch,easy,lsmear-box,xtaylor,complete,24,0.008332000000000003,-10.0858268597467,-10.088371356269668,10
ex8_1_6.bch,easy,smearsumrel,xtaylor,complete,24,0.007863000000000002,-10.0858268597467,-10.088371356269668,10
ex8_1_6.bch,easy,smearsum,xtaylor,complete,24,0.007349000000000001,-10.0858268597467,-10.088371356269668,10
ex8_1_6.bch,easy,smearmax,xtaylor,complete,24,0.007345000000000002,-10.0858268597467,-10.088371356269668,10
ex8_1_6.bch,easy,smearmaxrel,xtaylor,complete,24,0.0073890000000000015,-10.0858268597467,-10.088371356269668,10
ex8_1_6.bch,easy,largestfirst,xtaylor,complete,44,0.017059000000000005,-10.078930179334781,-10.086268681523327,10
ex8_1_6.bch,easy,roundrobin,xtaylor,complete,20,0.005869000000000003,-10.086001224127688,-10.086312766941983,10
ex8_1_6bis.bch,easy,lsmear,xtaylor,complete,180,0.027595,-10.085218602531423,-10.086254281153735,10
ex8_1_6bis.bch,easy,lsmear-box,xtaylor,complete,180,0.02626700000000001,-10.085218602531423,-10.086254281153735,10
ex8_1_6bis.bch,easy,smearsumrel,xtaylor,complete,180,0.020632000000000005,-10.085218602531423,-10.086254281153735,10
ex8_1_6bis.bch,easy,smearsum,xtaylor,complete,180,0.021046000000000006,-10.085218602531423,-10.086254281153735,10
ex8_1_6bis.bch,easy,smearmax,xtaylor,complete,180,0.021111000000000005,-10.085218602531423,-10.086254281153735,10
ex8_1_6bis.bch,easy,smearmaxrel,xtaylor,complete,192,0.020905000000000007,-10.079498228137057,-10.088809847248893,10
ex8_1_6bis.bch,easy,largestfirst,xtaylor,complete,164,0.017996000000000005,-10.085556787310427,-10.087825203832756,10
ex8_1_6bis.bch,easy,roundrobin,xtaylor,complete,44,0.005982000000000002,-10.077260113522941,-10.086422332020772,10
ex8_1_7.bch,easy,lsmear,xtaylor,complete,378,0.5274780000000001,0.029316064196291538,0.02928677741887267,10
ex8_1_7.bch,easy,lsmear-box,xtaylor,complete,348,0.5232140000000001,0.029339664854614915,0.029310354500114804,10
ex8_1_7.bch,easy,smearsumrel,xtaylor,complete,250,0.3378520000000001,0.029317329920520444,0.029288041878641806,10
ex8_1_7.bch,easy,smearsum,xtaylor,complete,342,0.4660900000000001,0.02931634160917616,0.029287054554621543,10
ex8_1_7.bch,easy,smearmax,xtaylor,complete,384,0.5051630000000001,0.02931654995126942,0.029287262688580843,10
ex8_1_7.bch,easy,smearmaxrel,xtaylor,complete,1068,1.6150120000000003,0.0293186243264591,0.029289334991467637,10
ex8_1_7.bch,easy,largestfirst,xtaylor,timeout,6642,10.000927000000003,0.02931268676979786,0.027116000258276537,10
ex8_1_7.bch,easy,roundrobin,xtaylor,complete,328,0.4669430000000001,0.029329439622835837,0.02930013948335249,10
ex8_1_8.bch,easy,lsmear,xtaylor,complete,36,0.06754300000000002,-0.38881145656582455,-0.38920065722304753,10
ex8_1_8.bch,easy,lsmear-box,xtaylor,complete,36,0.06676100000000003,-0.38881145656582455,-0.38920065722304753,10
ex8_1_8.bch,easy,smearsumrel,xtaylor,complete,36,0.06315300000000001,-0.38881145656582455,-0.38920065722304753,10
ex8_1_8.bch,easy,smearsum,xtaylor,complete,36,0.06675700000000002,-0.3888110014262708,-0.38920020162789865,10
ex8_1_8.bch,easy,smearmax,xtaylor,complete,28,0.04636500000000002,-0.3886784502297091,-0.3890675177474565,10
ex8_1_8.bch,easy,smearmaxrel,xtaylor,complete,46,0.06670500000000003,-0.388699936808115,-0.3890890258339489,10
ex8_1_8.bch,easy,largestfirst,xtaylor,complete,34,0.05990100000000001,-0.38881145652994054,-0.3892006571871276,10
ex8_1_8.bch,easy,roundrobin,xtaylor,complete,40,0.06270400000000002,-0.3888104988207044,-0.3891996985192236,10
ex8_1_8bis.bch,easy,lsmear,xtaylor,complete,32,0.06968500000000002,-0.3885918583358378,-0.3889808391750128,10
ex8_1_8bis.bch,easy,lsmear-box,xtaylor,complete,32,0.06988200000000003,-0.3885918583358378,-0.3889808391750128,10
ex8_1_8bis.bch,easy,smearsumrel,xtaylor,complete,32,0.06644100000000001,-0.3885918583358378,-0.3889808391750128,10
ex8_1_8bis.bch,easy,smearsum,xtaylor,complete,24,0.052031000000000015,-0.38881099064871805,-0.38920019083955754,10
ex8_1_8bis.bch,easy,smearmax,xtaylor,complete,44,0.08074000000000003,-0.38845034100900705,-0.3888391801891962,10
ex8_1_8bis.bch,easy,smearmaxrel,xtaylor,complete,28,0.047776000000000006,-0.38878100628595674,-0.38917017646241914,10
ex8_1_8bis.bch,easy,largestfirst,xtaylor,complete,32,0.06433300000000002,-0.3885918583358378,-0.3889808391750128,10
ex8_1_8bis.bch,easy,roundrobin,xtaylor,complete,22,0.03677600000000001,-0.38878827601203475,-0.3891774534655002,10
ex8_2_1.bch,easy,lsmear,xtaylor,complete,12,0.257562,-979.1010755381094,-980.0811566948041,10
ex8_2_1.bch,easy,lsmear-box,xtaylor,complete,4,0.13098900000000013,-978.8946356576328,-979.8745101678005,10
ex8_2_1.bch,easy,smearsumrel,xtaylor,complete,12,0.4169500000000001,-978.7345396817037,-979.7142539356392,10
ex8_2_1.bch,easy,smearsum,xtaylor,complete,6,0.3532870000000001,-979.1540845227373,-980.1342187414787,10
ex8_2_1.bch,easy,smearmax,xtaylor,complete,6,0.3571690000000001,-979.1540845227373,-980.1342187414787,10
ex8_2_1.bch,easy,smearmaxrel,xtaylor,complete,16,0.5063030000000001,-979.0800822112025,-980.060142353556,10
ex8_2_1.bch,easy,largestfirst,xtaylor,complete,14,0.23706000000000021,-978.9922626985255,-979.9722349334588,10
ex8_2_1.bch,easy,roundrobin,xtaylor,complete,12,0.2649480000000001,-979.1764843419317,-980.1566409829145,10
ex8_2_4.bch,unsolved,lsmear,xtaylor,timeout,1372,10.002305000000002,-623402800.2437178,-1401792044.0975864,10
ex8_2_4.bch,unsolved,lsmear-box,xtaylor,timeout,1380,10.006042000000003,-623402800.2437178,-1401792044.0975864,10
ex8_2_4.bch,unsolved,smearsumrel,xtaylor,timeout,1388,10.008547000000004,-623402800.2437178,-1401792044.0975864,10
ex8_2_4.bch,unsolved,smearsum,xtaylor,timeout,1358,10.002176000000002,-623402800.2437178,-1401792044.0975864,10
ex8_2_4.bch,unsolved,smearmax,xtaylor,timeout,1376,10.014183000000004,-623402800.2437178,-1401792044.0975864,10
ex8_2_4.bch,unsolved,smearmaxrel,xtaylor,timeout,1388,10.008285000000003,-623402800.2437178,-1401792044.0975864,10
ex8_2_4.bch,unsolved,largestfirst,xtaylor,timeout,1386,10.002650000000003,-623402800.2437178,-1401792044.0975864,10
ex8_2_4.bch,unsolved,roundrobin,xtaylor,complete,968,7.217038000000001,-1398678974.4871135,-1400079053.540654,10
ex8_4_1.bch,unsolved,lsmear,xtaylor,timeout,1932,10.008950000000002,0.6967321065176065,0.07200349896248633,10
ex8_4_1.bch,unsolved,lsmear-box,xtaylor,timeout,1860,10.008473000000004,0.6755658085380515,0.06835254292411137,10
ex8_4_1.bch,unsolved,smearsumrel,xtaylor,timeout,2152,10.001663000000004,0.6424406394481763,0.16441788992482242,10
ex8_4_1.bch,unsolved,smearsum,xtaylor,timeout,2286,10.003446,0.6405193960788609,0.1404996077383581,10
ex8_4_1.bch,unsolved,smearmax,xtaylor,timeout,1594,10.008071000000005,0.6780713759859448,0.08229095724369578,10
ex8_4_1.bch,unsolved,smearmaxrel,xtaylor,timeout,1812,10.004379000000002,0.6798754667198882,0.08150603105114802,10
ex8_4_1.bch,unsolved,largestfirst,xtaylor,timeout,4170,10.006164000000004,0.6877515476040145,0,10
ex8_4_1.bch,unsolved,roundrobin,xtaylor,timeout,1692,10.013854000000004,0.6695493620250372,0.0744045855479515,10
ex8_4_1bis.bch,unsolved,lsmear,xtaylor,timeout,6482,10.003486000000006,0.6448230246949026,0.1850955438894773,10
ex8_4_1bis.bch,unsolved,lsmear-box,xtaylor,timeout,6616,10.001843000000003,0.6462354831860047,0.18326903817898027,10
ex8_4_1bis.bch,unsolved,smearsumrel,xtaylor,timeout,6784,10.000140000000004,0.6522406650756147,0.2085065385328819,10
ex8_4_1bis.bch,unsolved,smearsum,xtaylor,timeout,6770,10.001417000000004,0.6393583435657163,0.17937639754079754,10
ex8_4_1bis.bch,unsolved,smearmax,xtaylor,timeout,6680,10.001881000000004,0.6478141504485984,0.1326688899232092,10
ex8_4_1bis.bch,unsolved,smearmaxrel,xtaylor,timeout,6876,10.001947000000005,0.6438596343443841,0.12818069320019396,10
ex8_4_1bis.bch,unsolved,largestfirst,xtaylor,timeout,7088,10.000434000000006,0.7738029342102387,0,10
ex8_4_1bis.bch,unsolved,roundrobin,xtaylor,timeout,7170,10.002074000000004,0.6688556929712067,0.06943142684963019,10
ex8_4_2.bch,unsolved,lsmear,xtaylor,timeout,960,10.011898000000002,inf,0,10
ex8_4_2.bch,unsolved,lsmear-box,xtaylor,timeout,1088,10.006505000000004,1.9181671596184175,0,10
ex8_4_2.bch,unsolved,smearsumrel,xtaylor,timeout,1294,10.007196000000004,0.7210273096049739,0,10
ex8_4_2.bch,unsolved,smearsum,xtaylor,timeout,970,10.011292000000005,1.6430276283659817,0,10
ex8_4_2.bch,unsolved,smearmax,xtaylor,timeout,1026,10.010410000000004,1.5832756094696134,0,10
ex8_4_2.bch,unsolved,smearmaxrel,xtaylor,timeout,1226,10.037639000000004,1.1940299138606492,0,10
ex8_4_2.bch,unsolved,largestfirst,xtaylor,error:IbexError,0,0.0,inf,-inf,10
ex8_4_2.bch,unsolved,roundrobin,xtaylor,timeout,1454,10.001282000000005,1.3705848698445318,0,10
ex8_4_2bis.bch,unsolved,lsmear,xtaylor,timeout,4298,10.001328000000004,0.6947364256404527,0,10
ex8_4_2bis.bch,unsolved,lsmear-box,xtaylor,timeout,4838,10.002361000000006,0.6789978098028164,0,10
ex8_4_2bis.bch,unsolved,smearsumrel,xtaylor,timeout,3456,10.002374000000001,0.5540271705960368,0,10
ex8_4_2bis.bch,unsolved,smearsum,xtaylor,timeout,3796,10.003885000000002,0.8978258343320104,0,10
ex8_4_2bis.bch,unsolved,smearmax,xtaylor,timeout,3516,10.004241000000002,0.7668180831683205,0,10
ex8_4_2bis.bch,unsolved,smearmaxrel,xtaylor,timeout,2996,10.005080000000005,0.6788376549720588,0,10
ex8_4_2bis.bch,unsolved,largestfirst,xtaylor,error:IbexError,0,0.0,inf,-inf,10
ex8_4_2bis.bch,unsolved,roundrobin,xtaylor,timeout,3620,10.004441000000002,0.5764295232906331,0,10
ex8_4_3.bch,unsolved,lsmear,xtaylor,timeout,474,10.011883000000005,0.0071376775898839805,0,10
ex8_4_3.bch,unsolved,lsmear-box,xtaylor,timeout,460,10.012881000000004,0.008291781476150542,0,10
ex8_4_3.bch,unsolved,smearsumrel,xtaylor,timeout,564,10.037562000000003,0.008273538519699796,0,10
ex8_4_3.bch,unsolved,smearsum,xtaylor,timeout,540,10.031676000000003,0.012051034196744286,0,10
ex8_4_3.bch,unsolved,smearmax,xtaylor,timeout,400,10.061250000000005,0.024350702647253013,0,10
ex8_4_3.bch,unsolved,smearmaxrel,xtaylor,timeout,372,10.043666000000004,0.1135116148848996,0,10
ex8_4_3.bch,unsolved,largestfirst,xtaylor,timeout,544,10.000465000000002,0.8814976663678613,0,10
ex8_4_3.bch,unsolved,roundrobin,xtaylor,timeout,390,10.040192000000005,0.060367110412803876,0,10
ex8_4_4-1.bch,blowup,lsmear,xtaylor,timeout,1010,10.012688000000002,0.23381616903628397,0.11904206862545418,10
ex8_4_4-1.bch,blowup,lsmear-box,xtaylor,timeout,1024,10.012677000000004,0.23775814795315972,0.12791446044786053,10
ex8_4_4-1.bch,blowup,smearsumrel,xtaylor,timeout,1384,10.001667000000005,0.21298590889928323,0.1010304713049804,10
ex8_4_4-1.bch,blowup,smearsum,xtaylor,timeout,1236,10.008773000000003,0.21293624126515504,0.09294250705242277,10
ex8_4_4-1.bch,blowup,smearmax,xtaylor,timeout,1122,10.009899000000003,0.21306361919444466,0.08179369584827285,10
ex8_4_4-1.bch,blowup,smearmaxrel,xtaylor,timeout,1108,10.004570000000003,0.21297955847616415,0.08481319371477453,10
ex8_4_4-1.bch,blowup,largestfirst,xtaylor,timeout,2868,10.000567000000004,0.21484013819698863,2.0464135896245423e-08,10
ex8_4_4-1.bch,blowup,roundrobin,xtaylor,timeout,934,10.014292000000003,0.2130291534795835,0.10017567264616452,10
ex8_4_4-2.bch,blowup,lsmear,xtaylor,timeout,1000,10.021279000000003,0.23381616903628397,0.11888279902580821,10
ex8_4_4-2.bch,blowup,lsmear-box,xtaylor,timeout,1030,10.001642000000004,0.23775814795315972,0.12791446044786053,10
ex8_4_4-2.bch,blowup,smearsumrel,xtaylor,timeout,1392,10.010076000000003,0.21298590889928323,0.1010304713049804,10
ex8_4_4-2.bch,blowup,smearsum,xtaylor,timeout,1240,10.003536000000004,0.21293624126515504,0.09294250705242277,10
ex8_4_4-2.bch,blowup,smearmax,xtaylor,timeout,1120,10.004373000000003,0.21306361919444466,0.08179369584827285,10
ex8_4_4-2.bch,blowup,smearmaxrel,xtaylor,timeout,1116,10.009701000000002,0.21297955847616415,0.08481319371477453,10
ex8_4_4-2.bch,blowup,largestfirst,xtaylor,timeout,2880,10.004247000000003,0.21484013819698863,2.0464135896245423e-08,10
ex8_4_4-2.bch,blowup,roundrobin,xtaylor,timeout,932,10.009927000000005,0.2130291534795835,0.1000697076228322,10
ex8_4_4.bch,blowup,lsmear,xtaylor,timeout,1028,10.009542000000007,0.22754065014582883,0.1315489280505561,10
ex8_4_4.bch,blowup,lsmear-box,xtaylor,timeout,1030,10.020456000000003,0.22714461704433525,0.12299921751163695,10
ex8_4_4.bch,blowup,smearsumrel,xtaylor,timeout,1368,10.003364000000001,0.21289175041908862,0.09786452089480584,10
ex8_4_4.bch,blowup,smearsum,xtaylor,timeout,1310,10.011226000000002,0.2135536540693851,0.09114246068879814,10
ex8_4_4.bch,blowup,smearmax,xtaylor,timeout,1088,10.012203000000005,0.21323793098809649,0.08891150069563258,10
ex8_4_4.bch,blowup,smearmaxrel,xtaylor,timeout,1088,10.011740000000003,0.21406959192752006,0.09044314612407543,10
ex8_4_4.bch,blowup,largestfirst,xtaylor,timeout,2582,10.005734000000004,0.3401474373606061,1.5777218104420236e-30,10
ex8_4_4.bch,blowup,roundrobin,xtaylor,timeout,982,10.025781000000004,0.21659140221641918,0.07900855092678243,10
ex8_4_4bis.bch,medium,lsmear,xtaylor,timeout,10268,10.001211000000001,0.21280526962513938,0.14515600098074039,10
ex8_4_4bis.bch,medium,lsmear-box,xtaylor,timeout,10364,10.000666000000004,0.21280526962513938,0.14578344829249043,10
ex8_4_4bis.bch,medium,smearsumrel,xtaylor,timeout,10812,10.001047000000003,0.21280526962513938,0.14678931190255068,10
ex8_4_4bis.bch,medium,smearsum,xtaylor,timeout,10864,10.000419000000004,0.2130047172145414,0.14971924937313666,10
ex8_4_4bis.bch,medium,smearmax,xtaylor,timeout,10992,10.002778000000003,0.21301235420742967,0.1485087795706792,10
ex8_4_4bis.bch,medium,smearmaxrel,xtaylor,timeout,10366,10.004424000000004,0.21345521237558665,0.1536794515261155,10
ex8_4_4bis.bch,medium,largestfirst,xtaylor,timeout,18228,10.000966000000002,0.21310431687320752,0.06088936574098992,10
ex8_4_4bis.bch,medium,roundrobin,xtaylor,timeout,13310,10.001006000000004,0.21290744707290937,0.18108046158795277,10
ex8_4_5-1.bch,others,lsmear,xtaylor,timeout,6314,10.001531000000002,0.0012527363024829976,0,10
ex8_4_5-1.bch,others,lsmear-box,xtaylor,timeout,6454,10.004427000000003,0.0007754039526672867,0,10
ex8_4_5-1.bch,others,smearsumrel,xtaylor,timeout,5696,10.002629000000002,0.0012418563358205512,0,10
ex8_4_5-1.bch,others,smearsum,xtaylor,timeout,5792,10.001809000000003,0.001146971235398437,0,10
ex8_4_5-1.bch,others,smearmax,xtaylor,timeout,5764,10.003725000000003,0.0006559962223810336,0,10
ex8_4_5-1.bch,others,smearmaxrel,xtaylor,timeout,5784,10.002110000000004,0.0011578080455181955,0,10
ex8_4_5-1.bch,others,largestfirst,xtaylor,timeout,5326,10.002566000000003,0.0012420812949082987,0,10
ex8_4_5-1.bch,others,roundrobin,xtaylor,timeout,1418,10.008402000000004,0.00043792925809255117,5.871977904543483e-06,10
ex8_4_5.bch,blowup,lsmear,xtaylor,timeout,6800,10.002233000000002,0.0006387288868371637,0,10
ex8_4_5.bch,blowup,lsmear-box,xtaylor,timeout,6796,10.000121000000002,0.0006387288868371637,0,10
ex8_4_5.bch,blowup,smearsumrel,xtaylor,timeout,6756,10.002362000000003,0.0006387288868371637,0,10
ex8_4_5.bch,blowup,smearsum,xtaylor,timeout,6852,10.001707000000003,0.0006387288868371637,0,10
ex8_4_5.bch,blowup,smearmax,xtaylor,timeout,6806,10.002084000000005,0.0006387288868371637,0,10
ex8_4_5.bch,blowup,smearmaxrel,xtaylor,timeout,6808,10.002021000000004,0.0006387288868371637,0,10
ex8_4_5.bch,blowup,largestfirst,xtaylor,timeout,6846,10.000429000000006,0.0006387288868371637,0,10
ex8_4_5.bch,blowup,roundrobin,xtaylor,timeout,2496,10.014913000000002,0.0005935533097854041,0,10
ex8_4_5bis.bch,others,lsmear,xtaylor,timeout,17426,10.000018000000004,0.000324622296530424,0,10
ex8_4_5bis.bch,others,lsmear-box,xtaylor,timeout,17570,10.000764000000004,0.000324622296530424,0,10
ex8_4_5bis.bch,others,smearsumrel,xtaylor,timeout,19412,10.001161000000003,0.000324622296530424,0,10
ex8_4_5bis.bch,others,smearsum,xtaylor,timeout,19530,10.001084000000006,0.000324622296530424,0,10
ex8_4_5bis.bch,others,smearmax,xtaylor,timeout,19320,10.002048000000004,0.000324622296530424,0,10
ex8_4_5bis.bch,others,smearmaxrel,xtaylor,timeout,19414,10.001340000000003,0.000324622296530424,0,10
ex8_4_5bis.bch,others,largestfirst,xtaylor,timeout,17762,10.000854000000004,0.00032376830857016307,0,10
ex8_4_5bis.bch,others,roundrobin,xtaylor,timeout,18564,10.001220000000004,0.000307737389677741,0.0002328392290980414,10
ex8_4_6.bch,blowup,lsmear,xtaylor,timeout,4082,10.003527000000004,1.2217212760256815,0,10
ex8_4_6.bch,blowup,lsmear-box,xtaylor,timeout,4080,10.001262000000006,1.2217212760256815,0,10
ex8_4_6.bch,blowup,smearsumrel,xtaylor,timeout,4210,10.001133000000003,1.2217212760256815,0,10
ex8_4_6.bch,blowup,smearsum,xtaylor,timeout,4154,10.003102000000002,1.2217212760256815,0,10
ex8_4_6.bch,blowup,smearmax,xtaylor,timeout,4412,10.002651000000004,1.2217212760256815,0,10
ex8_4_6.bch,blowup,smearmaxrel,xtaylor,timeout,5248,10.002999000000003,1.2217212760256815,0,10
ex8_4_6.bch,blowup,largestfirst,xtaylor,timeout,7436,10.000752000000006,1.2217212760256815,0,10
ex8_4_6.bch,blowup,roundrobin,xtaylor,timeout,2284,10.002834000000004,0.002804894150816325,0,10
ex8_4_6bis.bch,blowup,lsmear,xtaylor,timeout,6226,10.001962000000002,1.5854506443950633,0,10
ex8_4_6bis.bch,blowup,lsmear-box,xtaylor,timeout,6212,10.001546000000003,1.5854506443950633,0,10
ex8_4_6bis.bch,blowup,smearsumrel,xtaylor,timeout,6284,10.001380000000005,1.5854506443950633,0,10
ex8_4_6bis.bch,blowup,smearsum,xtaylor,timeout,6266,10.002582000000004,1.5854506443950633,0,10
ex8_4_6bis.bch,blowup,smearmax,xtaylor,timeout,6308,10.001355000000002,1.5854506443950633,0,10
ex8_4_6bis.bch,blowup,smearmaxrel,xtaylor,timeout,6242,10.000182000000004,1.5854506443950633,0,10
ex8_4_6bis.bch,blowup,largestfirst,xtaylor,timeout,6330,10.004172000000006,1.5854506443950633,0,10
ex8_4_6bis.bch,blowup,roundrobin,xtaylor,timeout,4638,10.000870000000003,0.19004798847100107,0,10
ex8_4_6ter.bch,blowup,lsmear,xtaylor,timeout,1292,10.004677000000004,0.0016382137885188072,0,10
ex8_4_6ter.bch,blowup,lsmear-box,xtaylor,timeout,1222,10.005346000000003,0.0013131322854613016,0,10
ex8_4_6ter.bch,blowup,smearsumrel,xtaylor,timeout,1714,10.011041000000006,0.0014861061202426286,0,10
ex8_4_6ter.bch,blowup,smearsum,xtaylor,timeout,1548,10.007125000000004,0.0018445746357938506,0,10
ex8_4_6ter.bch,blowup,smearmax,xtaylor,timeout,1500,10.013400000000003,0.0035335113247347387,0,10
ex8_4_6ter.bch,blowup,smearmaxrel,xtaylor,timeout,1436,10.005506000000002,0.001303588532997489,0,10
ex8_4_6ter.bch,blowup,largestfirst,xtaylor,timeout,7106,10.000026000000004,3.0229784760123795,0,10
ex8_4_6ter.bch,blowup,roundrobin,xtaylor,timeout,2458,10.001212000000002,0.24428364029706917,0,10
ex8_4_8.bch,unsolved,lsmear,xtaylor,timeout,404,10.048744000000003,inf,0,10
ex8_4_8.bch,unsolved,lsmear-box,xtaylor,timeout,428,10.013808000000003,inf,0,10
ex8_4_8.bch,unsolved,smearsumrel,xtaylor,timeout,348,10.011327000000003,20.020313162562363,0,10
ex8_4_8.bch,unsolved,smearsum,xtaylor,timeout,424,10.110765,inf,0,10
ex8_4_8.bch,unsolved,smearmax,xtaylor,timeout,408,10.036386000000004,inf,0,10
ex8_4_8.bch,unsolved,smearmaxrel,xtaylor,timeout,634,10.047117000000004,inf,0,10
ex8_4_8.bch,unsolved,largestfirst,xtaylor,timeout,722,10.008055000000004,inf,0,10
ex8_4_8.bch,unsolved,roundrobin,xtaylor,timeout,476,10.025272000000003,8.153158523376023,0,10
ex8_4inf-1.bch,easy,lsmear,xtaylor,unbounded,2314,0.11606500000000003,-1.7976931348623157e+308,-inf,10
ex8_4inf-1.bch,easy,lsmear-box,xtaylor,unbounded,2314,0.11448100000000001,-1.7976931348623157e+308,-inf,10
ex8_4inf-1.bch,easy,smearsumrel,xtaylor,unbounded,2314,0.11456800000000002,-1.7976931348623157e+308,-inf,10
ex8_4inf-1.bch,easy,smearsum,xtaylor,unbounded,2314,0.11256600000000003,-1.7976931348623157e+308,-inf,10
ex8_4inf-1.bch,easy,smearmax,xtaylor,unbounded,2314,0.11267000000000003,-1.7976931348623157e+308,-inf,10
ex8_4inf-1.bch,easy,smearmaxrel,xtaylor,unbounded,2314,0.11290600000000003,-1.7976931348623157e+308,-inf,10
ex8_4inf-1.bch,easy,largestfirst,xtaylor,unbounded,2314,0.11173900000000002,-1.7976931348623157e+308,-inf,10
ex8_4inf-1.bch,easy,roundrobin,xtaylor,unbounded,2312,0.11086200000000003,-1.7976931348623157e+308,-inf,10
ex8_5_1-1.bch,blowup,lsmear,xtaylor,timeout,66658,10.000593000000004,0.01065185310740735,-inf,10
ex8_5_1-1.bch,blowup,lsmear-box,xtaylor,timeout,89372,10.000160000000005,0.07593948397606397,-inf,10
ex8_5_1-1.bch,blowup,smearsumrel,xtaylor,timeout,86588,10.000024000000003,0.06590740791797281,-inf,10
ex8_5_1-1.bch,blowup,smearsum,xtaylor,timeout,13084,10.006786000000004,0.006430207151059242,-inf,10
ex8_5_1-1.bch,blowup,smearmax,xtaylor,timeout,76096,10.000056000000004,0.010652602904449082,-inf,10
ex8_5_1-1.bch,blowup,smearmaxrel,xtaylor,timeout,8538,10.000688000000004,0.006430110507434528,-inf,10
ex8_5_1-1.bch,blowup,largestfirst,xtaylor,timeout,25450,10.000183000000003,0.11967729390912372,-inf,10
ex8_5_1-1.bch,blowup,roundrobin,xtaylor,timeout,5900,10.000039000000003,0.005154046265958501,-0.005842908753104281,10
ex8_5_1.bch,medium,lsmear,xtaylor,timeout,37836,10.000046000000003,0.021768511425330803,-inf,10
ex8_5_1.bch,medium,lsmear-box,xtaylor,timeout,42594,10.000167000000003,0.007460125357264286,-inf,10
ex8_5_1.bch,medium,smearsumrel,xtaylor,timeout,32014,10.000487000000003,0.09070606396909245,-inf,10
ex8_5_1.bch,medium,smearsum,xtaylor,timeout,40678,10.001212000000002,0.10623853300784274,-inf,10
ex8_5_1.bch,medium,smearmax,xtaylor,timeout,9470,10.001111000000003,0.007562248195808752,-inf,10
ex8_5_1.bch,medium,smearmaxrel,xtaylor,timeout,36146,10.000149000000004,0.06046487190383259,-inf,10
ex8_5_1.bch,medium,largestfirst,xtaylor,timeout,36898,10.000193000000003,0.05019991398903687,-inf,10
ex8_5_1.bch,medium,roundrobin,xtaylor,timeout,5702,10.004036000000003,-4.609599193461378e-07,-0.0007802408745880562,10
ex8_5_1bis.bch,hard,lsmear,xtaylor,complete,3782,7.800967000000001,-5.130480176807062e-07,-6.130480176807061e-07,10
ex8_5_1bis.bch,hard,lsmear-box,xtaylor,complete,3832,7.800442000000001,-5.032682051375748e-07,-6.032682051375746e-07,10
ex8_5_1bis.bch,hard,smearsumrel,xtaylor,complete,2100,4.651390000000001,-5.160869792353306e-07,-6.160869792353305e-07,10
ex8_5_1bis.bch,hard,smearsum,xtaylor,complete,2446,5.341463000000002,-5.003597823849404e-07,-6.003597823849403e-07,10
ex8_5_1bis.bch,hard,smearmax,xtaylor,complete,1834,4.754043000000001,-4.948686059269569e-07,-5.948686059269568e-07,10
ex8_5_1bis.bch,hard,smearmaxrel,xtaylor,timeout,7292,10.001687000000004,0.05265597671923618,-19.990881868361793,10
ex8_5_1bis.bch,hard,largestfirst,xtaylor,timeout,4506,10.004565000000005,0.6451933136234835,-35.37052876243802,10
ex8_5_1bis.bch,hard,roundrobin,xtaylor,timeout,4208,10.003918000000002,2.307036612581026e-07,-0.008912325933599474,10
ex8_5_2.bch,medium,lsmear,xtaylor,timeout,58186,10.000110000000005,0.07729769376801068,-inf,10
ex8_5_2.bch,medium,lsmear-box,xtaylor,timeout,39394,10.000082000000003,0.004548519762975656,-inf,10
ex8_5_2.bch,medium,smearsumrel,xtaylor,timeout,34524,10.000201000000002,0.2229131688251199,-inf,10
ex8_5_2.bch,medium,smearsum,xtaylor,timeout,34254,10.000131000000003,0.003177455639035487,-inf,10
ex8_5_2.bch,medium,smearmax,xtaylor,timeout,39868,10.000167000000005,0.01731911706194994,-inf,10
ex8_5_2.bch,medium,smearmaxrel,xtaylor,timeout,64180,10.000026000000002,0.004144798129554372,-inf,10
ex8_5_2.bch,medium,largestfirst,xtaylor,timeout,28380,10.001175000000003,0.22370657500568777,-inf,10
ex8_5_2.bch,medium,roundrobin,xtaylor,timeout,5602,10.003379000000004,0.0335635095114068,-0.01748251304145726,10
ex8_5_2_1.bch,medium,lsmear,xtaylor,timeout,60078,10.000140000000004,0.06428385197574552,-inf,10
ex8_5_2_1.bch,medium,lsmear-box,xtaylor,timeout,48088,10.000703000000007,0.18137065688478277,-inf,10
ex8_5_2_1.bch,medium,smearsumrel,xtaylor,timeout,51542,10.001344000000003,0.1610436156080407,-inf,10
ex8_5_2_1.bch,medium,smearsum,xtaylor,timeout,40052,10.000164000000003,0.22330773020387518,-inf,10
ex8_5_2_1.bch,medium,smearmax,xtaylor,timeout,18224,10.000185000000004,0.046299703884329246,-inf,10
ex8_5_2_1.bch,medium,smearmaxrel,xtaylor,timeout,26076,10.001511000000004,0.1865991164302449,-inf,10
ex8_5_2_1.bch,medium,largestfirst,xtaylor,timeout,62632,10.000044000000003,0.06366616697270919,-inf,10
ex8_5_2_1.bch,medium,roundrobin,xtaylor,timeout,5396,10.001249000000003,0.03404046384125564,-0.03038954721865933,10
ex8_5_3-1.bch,easy,lsmear,xtaylor,complete,274,0.49080400000000024,-0.004134409296789321,-0.004138547844633954,10
ex8_5_3-1.bch,easy,lsmear-box,xtaylor,complete,278,0.4863870000000001,-0.004135547129155981,-0.0041396868159719515,10
ex8_5_3-1.bch,easy,smearsumrel,xtaylor,complete,114,0.2906490000000001,-0.0041356164658734595,-0.004139756222095554,10
ex8_5_3-1.bch,easy,smearsum,xtaylor,complete,138,0.31442400000000015,-0.004135617327480801,-0.004139757084565365,10
ex8_5_3-1.bch,easy,smearmax,xtaylor,complete,138,0.3102030000000001,-0.004135617327480801,-0.004139757084565365,10
ex8_5_3-1.bch,easy,smearmaxrel,xtaylor,complete,166,0.37175100000000016,-0.004135055175503055,-0.004139194369872927,10
ex8_5_3-1.bch,easy,largestfirst,xtaylor,complete,174,0.41179200000000005,-0.004135523748570069,-0.00413966341198205,10
ex8_5_3-1.bch,easy,roundrobin,xtaylor,complete,230,0.4486330000000001,-0.004135155035360105,-0.004139294329689794,10
ex8_5_3.bch,easy,lsmear,xtaylor,complete,184,0.3838660000000001,-0.004133645439804545,-0.004137783223027572,10
ex8_5_3.bch,easy,lsmear-box,xtaylor,complete,314,0.5789620000000002,-0.004135148047733184,-0.004139287335068251,10
ex8_5_3.bch,easy,smearsumrel,xtaylor,complete,928,1.4244300000000003,-0.004135531789078439,-0.004139671460538978,10
ex8_5_3.bch,easy,smearsum,xtaylor,complete,182,0.35924500000000015,-0.004135537483855867,-0.004139677161016883,10
ex8_5_3.bch,easy,smearmax,xtaylor,complete,178,0.35700000000000004,-0.004135623457701909,-0.004139763220922831,10
ex8_5_3.bch,easy,smearmaxrel,xtaylor,complete,214,0.41074700000000014,-0.004135418791735179,-0.0041395583500852635,10
ex8_5_3.bch,easy,largestfirst,xtaylor,complete,1026,1.4842460000000002,-0.004133644964680383,-0.00413778274742781,10
ex8_5_3.bch,easy,roundrobin,xtaylor,complete,248,0.4426210000000001,-0.004135517820946122,-0.004139657478424545,10
ex8_5_4.bch,easy,lsmear,xtaylor,complete,610,1.1267910000000005,-0.000425045527440604,-0.000425470998439043,10
ex8_5_4.bch,easy,lsmear-box,xtaylor,complete,578,1.0797790000000005,-0.00042516925233138103,-0.00042559484717855957,10
ex8_5_4.bch,easy,smearsumrel,xtaylor,complete,298,0.7223250000000002,-0.00042518010250403027,-0.00042560570821224245,10
ex8_5_4.bch,easy,smearsum,xtaylor,complete,284,0.6874870000000003,-0.0004251847107765716,-0.0004256103210976692,10
ex8_5_4.bch,easy,smearmax,xtaylor,complete,276,0.6611730000000002,-0.00042519145032704486,-0.00042561706739443925,10
ex8_5_4.bch,easy,smearmaxrel,xtaylor,complete,302,0.7140350000000002,-0.00042513440801839053,-0.00042555996798637687,10
ex8_5_4.bch,easy,largestfirst,xtaylor,complete,294,0.732272,-0.0004251609797467637,-0.0004255865663130767,10
ex8_5_4.bch,easy,roundrobin,xtaylor,complete,296,0.5648340000000002,-0.0004251838810735986,-0.0004256094905641627,10
ex8_5_5-1.bch,easy,lsmear,xtaylor,complete,42,0.08610800000000002,-1.3468350813293437,-1.3481832645939373,10
ex8_5_5-1.bch,easy,lsmear-box,xtaylor,complete,48,0.10117100000000002,-1.3467603265586376,-1.348108434993631,10
ex8_5_5-1.bch,easy,smearsumrel,xtaylor,complete,40,0.08855700000000001,-1.3464349749432412,-1.3477827577009418,10
ex8_5_5-1.bch,easy,smearsum,xtaylor,complete,40,0.08957500000000002,-1.3464344299934368,-1.3477822122056422,10
ex8_5_5-1.bch,easy,smearmax,xtaylor,complete,40,0.08724800000000002,-1.346439130892494,-1.347786917810304,10
ex8_5_5-1.bch,easy,smearmaxrel,xtaylor,complete,42,0.09174900000000002,-1.3464175841781056,-1.3477653495276332,10
ex8_5_5-1.bch,easy,largestfirst,xtaylor,complete,24,0.04373100000000001,-1.3468350814096302,-1.3481832646743042,10
ex8_5_5-1.bch,easy,roundrobin,xtaylor,complete,26,0.05071000000000002,-1.3460892137496518,-1.3474366504000517,10
ex8_5_5.bch,easy,lsmear,xtaylor,complete,528,1.0213310000000004,-0.010752214092243473,-0.010762977069312785,10
ex8_5_5.bch,easy,lsmear-box,xtaylor,complete,432,0.8339420000000002,-0.010750210539652305,-0.010760971511163467,10
ex8_5_5.bch,easy,smearsumrel,xtaylor,complete,264,0.6509110000000001,-0.01075350190127422,-0.01076426616744166,10
ex8_5_5.bch,easy,smearsum,xtaylor,complete,232,0.5414720000000001,-0.010751809771772258,-0.010762572344116372,10
ex8_5_5.bch,easy,smearmax,xtaylor,complete,186,0.4293400000000001,-0.01075181127322411,-0.01076257384707118,10
ex8_5_5.bch,easy,smearmaxrel,xtaylor,complete,212,0.5083760000000002,-0.010753462789471868,-0.010764227016488355,10
ex8_5_5.bch,easy,largestfirst,xtaylor,complete,256,0.6166050000000002,-0.010750219460926467,-0.010760980441367834,10
ex8_5_5.bch,easy,roundrobin,xtaylor,complete,378,0.7722700000000002,-0.010752645659908633,-0.010763409068977608,10
ex8_5_6-1.bch,easy,lsmear,xtaylor,unbounded,298,0.11776600000000004,1.380723135727293,-inf,10
ex8_5_6-1.bch,easy,lsmear-box,xtaylor,unbounded,298,0.12013800000000004,1.380723135727293,-inf,10
ex8_5_6-1.bch,easy,smearsumrel,xtaylor,unbounded,298,0.11701600000000006,1.380723135727293,-inf,10
ex8_5_6-1.bch,easy,smearsum,xtaylor,unbounded,298,0.11809000000000003,1.380723135727293,-inf,10
ex8_5_6-1.bch,easy,smearmax,xtaylor,unbounded,298,0.11896200000000004,1.380723135727293,-inf,10
ex8_5_6-1.bch,easy,smearmaxrel,xtaylor,unbounded,298,0.11698900000000002,1.380723135727293,-inf,10
ex8_5_6-1.bch,easy,largestfirst,xtaylor,unbounded,298,0.11505900000000004,1.380723135727293,-inf,10
ex8_5_6-1.bch,easy,roundrobin,xtaylor,unbounded,1486,0.7029340000000002,0.6311428526591538,-inf,10
ex8_5_6.bch,medium,lsmear,xtaylor,timeout,41642,10.000117000000005,inf,-inf,10
ex8_5_6.bch,medium,lsmear-box,xtaylor,timeout,41180,10.000009000000004,inf,-inf,10
ex8_5_6.bch,medium,smearsumrel,xtaylor,timeout,46440,10.001533000000004,inf,-inf,10
ex8_5_6.bch,medium,smearsum,xtaylor,timeout,50904,10.000170000000004,inf,-inf,10
ex8_5_6.bch,medium,smearmax,xtaylor,timeout,52368,10.000273000000004,inf,-inf,10
ex8_5_6.bch,medium,smearmaxrel,xtaylor,timeout,43658,10.000732000000003,inf,-inf,10
ex8_5_6.bch,medium,largestfirst,xtaylor,timeout,36358,10.000423000000003,inf,-inf,10
ex8_5_6.bch,medium,roundrobin,xtaylor,timeout,4328,10.000952000000002,-0.0011672409583081134,-0.0011739483308321752,10
ex9_1_1.bch,easy,lsmear,xtaylor,complete,6,0.028623000000000013,-13.000000022499998,-13.00000002500001,10
ex9_1_1.bch,easy,lsmear-box,xtaylor,complete,6,0.028478000000000003,-13.000000022499998,-13.00000002500001,10
ex9_1_1.bch,easy,smearsumrel,xtaylor,complete,6,0.025454,-13.000000022499995,-13.00000002500001,10
ex9_1_1.bch,easy,smearsum,xtaylor,complete,22,0.05598600000000002,-13.000000022499998,-13.00000002500001,10
ex9_1_1.bch,easy,smearmax,xtaylor,complete,2,0.010512000000000007,-13.000000022499991,-13.00000002500001,10
ex9_1_1.bch,easy,smearmaxrel,xtaylor,complete,14,0.03930900000000002,-13.000000022499997,-13.000000025000007,10
ex9_1_1.bch,easy,largestfirst,xtaylor,complete,6,0.018360000000000008,-13.000000022499995,-13.00000002500001,10
ex9_1_1.bch,easy,roundrobin,xtaylor,complete,6,0.019285000000000004,-13.000000022500002,-13.000000025000007,10
ex9_1_10.bch,easy,lsmear,xtaylor,complete,2,0.004258000000000001,-3.2500000046249995,-3.2500000062500005,10
ex9_1_10.bch,easy,lsmear-box,xtaylor,complete,2,0.004243,-3.2500000046249995,-3.2500000062500005,10
ex9_1_10.bch,easy,smearsumrel,xtaylor,complete,2,0.008572,-3.2500000046249995,-3.2500000062500005,10
ex9_1_10.bch,easy,smearsum,xtaylor,complete,2,0.008631,-3.2500000046249995,-3.2500000062500005,10
ex9_1_10.bch,easy,smearmax,xtaylor,complete,2,0.008593999999999997,-3.2500000046249995,-3.2500000062500005,10
ex9_1_10.bch,easy,smearmaxrel,xtaylor,complete,2,0.007778999999999998,-3.250000004624999,-3.2500000062500005,10
ex9_1_10.bch,easy,largestfirst,xtaylor,complete,2,0.0032270000000000007,-3.2500000046249995,-3.2500000062500005,10
ex9_1_10.bch,easy,roundrobin,xtaylor,complete,2,0.003112,-3.2500000046249995,-3.2500000062500005,10
ex9_1_2.bch,easy,lsmear,xtaylor,complete,4,0.006500000000000004,-16.000000014999994,-16.000000103333356,10
ex9_1_2.bch,easy,lsmear-box,xtaylor,complete,4,0.0065550000000000035,-16.000000014999994,-16.000000103333356,10
ex9_1_2.bch,easy,smearsumrel,xtaylor,complete,2,0.007065000000000002,-16.000000014001,-16.016016030031025,10
ex9_1_2.bch,easy,smearsum,xtaylor,complete,2,0.006472000000000004,-16.000000014001998,-16.016016030032027,10
ex9_1_2.bch,easy,smearmax,xtaylor,complete,6,0.009940000000000003,-16.000000014999998,-16.00000008370372,10
ex9_1_2.bch,easy,smearmaxrel,xtaylor,complete,4,0.009567,-16.000000014999994,-16.000000103333356,10
ex9_1_2.bch,easy,largestfirst,xtaylor,complete,6,0.010612,-16.000000015,-16.000000103333356,10
ex9_1_2.bch,easy,roundrobin,xtaylor,complete,4,0.006599000000000001,-16.000000014001,-16.000000103333356,10
ex9_1_4.bch,easy,lsmear,xtaylor,complete,2,0.0021930000000000005,-37.00000001016156,-37.000000035625064,10
ex9_1_4.bch,easy,lsmear-box,xtaylor,complete,2,0.002241,-37.00000001016156,-37.000000035625064,10
ex9_1_4.bch,easy,smearsumrel,xtaylor,complete,4,0.011551000000000002,-37.00000001016156,-37.000000035625064,10
ex9_1_4.bch,easy,smearsum,xtaylor,complete,2,0.005801999999999998,-37.000000010197994,-37.000000035625064,10
ex9_1_4.bch,easy,smearmax,xtaylor,complete,2,0.005937999999999999,-37.000000032062495,-37.000000035625064,10
ex9_1_4.bch,easy,smearmaxrel,xtaylor,complete,2,0.005757999999999999,-37.00000001016156,-37.000000035625064,10
ex9_1_4.bch,easy,largestfirst,xtaylor,complete,4,0.006229000000000002,-37.00000001016156,-37.000000035625064,10
ex9_1_4.bch,easy,roundrobin,xtaylor,complete,4,0.0062900000000000005,-37.00000001016156,-37.000000035625064,10
ex9_1_5.bch,easy,lsmear,xtaylor,complete,34,0.06557800000000003,-1.000000009,-1.000000010000002,10
ex9_1_5.bch,easy,lsmear-box,xtaylor,complete,34,0.06565200000000003,-1.000000009,-1.000000010000002,10
ex9_1_5.bch,easy,smearsumrel,xtaylor,complete,4,0.017204000000000004,-1.000000009,-1.000000010000002,10
ex9_1_5.bch,easy,smearsum,xtaylor,complete,2,0.010502000000000001,-0.9999999996571777,-1.000000010000002,10
ex9_1_5.bch,easy,smearmax,xtaylor,complete,6,0.017943,-1.000000009,-1.000000010000002,10
ex9_1_5.bch,easy,smearmaxrel,xtaylor,complete,36,0.14021800000000004,-0.99998454764643,-1.000000010000002,10
ex9_1_5.bch,easy,largestfirst,xtaylor,complete,4,0.04018700000000001,-1.000000009,-1.000000010000002,10
ex9_1_5.bch,easy,roundrobin,xtaylor,complete,8,0.042919000000000006,-1.0000000089999999,-1.000000010000002,10
ex9_1_8.bch,easy,lsmear,xtaylor,complete,2,0.004345000000000002,-3.2500000046249995,-3.2500000062500005,10
ex9_1_8.bch,easy,lsmear-box,xtaylor,complete,2,0.004243,-3.2500000046249995,-3.2500000062500005,10
ex9_1_8.bch,easy,smearsumrel,xtaylor,complete,2,0.008622999999999995,-3.2500000046249995,-3.2500000062500005,10
ex9_1_8.bch,easy,smearsum,xtaylor,complete,2,0.00862,-3.2500000046249995,-3.2500000062500005,10
ex9_1_8.bch,easy,smearmax,xtaylor,complete,2,0.008616000000000002,-3.2500000046249995,-3.2500000062500005,10
ex9_1_8.bch,easy,smearmaxrel,xtaylor,complete,2,0.007708000000000003,-3.250000004624999,-3.2500000062500005,10
ex9_1_8.bch,easy,largestfirst,xtaylor,complete,2,0.0031470000000000005,-3.2500000046249995,-3.2500000062500005,10
ex9_1_8.bch,easy,roundrobin,xtaylor,complete,2,0.0031470000000000005,-3.2500000046249995,-3.2500000062500005,10
ex9_2_1.bch,easy,lsmear,xtaylor,complete,2,0.0005210000000000006,16.999999974800012,16.983016957842175,10
ex9_2_1.bch,easy,lsmear-box,xtaylor,complete,2,0.000512000000000002,16.999999974800012,16.983016957842175,10
ex9_2_1.bch,easy,smearsumrel,xtaylor,complete,2,0.0041579999999999985,16.999999974800012,16.983016957842175,10
ex9_2_1.bch,easy,smearsum,xtaylor,complete,2,0.004230999999999999,16.999999974800012,16.983016957842175,10
ex9_2_1.bch,easy,smearmax,xtaylor,complete,2,0.004248000000000002,16.999999974800012,16.983016957842175,10
ex9_2_1.bch,easy,smearmaxrel,xtaylor,complete,2,0.0042179999999999995,16.999999974800012,16.983016957842175,10
ex9_2_1.bch,easy,largestfirst,xtaylor,complete,2,0.00012999999999999817,16.999999974800012,16.983016957842175,10
ex9_2_1.bch,easy,roundrobin,xtaylor,complete,2,0.00012699999999999864,16.999999974800012,16.983016957842175,10
ex9_2_2.bch,easy,lsmear,xtaylor,complete,2,0.0004060000000000001,99.9999999184629,99.90009981864428,10
ex9_2_2.bch,easy,lsmear-box,xtaylor,complete,2,0.0003949999999999995,99.9999999184629,99.90009981864428,10
ex9_2_2.bch,easy,smearsumrel,xtaylor,complete,2,0.0030679999999999995,99.9999999184629,99.90009981864428,10
ex9_2_2.bch,easy,smearsum,xtaylor,complete,2,0.0031280000000000023,99.9999999184629,99.90009981864428,10
ex9_2_2.bch,easy,smearmax,xtaylor,complete,2,0.003105,99.9999999184629,99.90009981864428,10
ex9_2_2.bch,easy,smearmaxrel,xtaylor,complete,2,0.003131,99.9999999184629,99.90009981864428,10
ex9_2_2.bch,easy,largestfirst,xtaylor,complete,2,4.200000000000037e-05,99.9999999184629,99.90009981864428,10
ex9_2_2.bch,easy,roundrobin,xtaylor,complete,2,4.200000000000037e-05,99.9999999184629,99.90009981864428,10
ex9_2_3.bch,easy,lsmear,xtaylor,complete,6,0.027162,-5.6483848709376616e-08,-1.5648384870937659e-07,10
ex9_2_3.bch,easy,lsmear-box,xtaylor,complete,6,0.026847000000000003,-5.6483848709376616e-08,-1.5648384870937659e-07,10
ex9_2_3.bch,easy,smearsumrel,xtaylor,complete,6,0.029640000000000007,-4.203887726816902e-08,-1.4203887726816899e-07,10
ex9_2_3.bch,easy,smearsum,xtaylor,complete,6,0.03388100000000001,-5.6483855814803974e-08,-1.5648385581480394e-07,10
ex9_2_3.bch,easy,smearmax,xtaylor,complete,2,0.019373,-5.6483855814803974e-08,-1.5648385581480394e-07,10
ex9_2_3.bch,easy,smearmaxrel,xtaylor,complete,4,0.019850000000000007,-4.200000347509558e-08,-1.4200000347509555e-07,10
ex9_2_3.bch,easy,largestfirst,xtaylor,complete,8,0.018513,-1.5472004122329963e-08,-1.1547200412232995e-07,10
ex9_2_3.bch,easy,roundrobin,xtaylor,complete,6,0.017671,-4.203887726816902e-08,-1.4203887726816899e-07,10
ex9_2_4.bch,easy,lsmear,xtaylor,complete,4,0.005407000000000002,0.5000001679216066,0.4995006672543523,10
ex9_2_4.bch,easy,lsmear-box,xtaylor,complete,4,0.0054470000000000005,0.5000001679216066,0.4995006672543523,10
ex9_2_4.bch,easy,smearsumrel,xtaylor,complete,4,0.007145,0.5000001679216066,0.4995006672543523,10
ex9_2_4.bch,easy,smearsum,xtaylor,complete,4,0.007196000000000003,0.5000001679216066,0.4995006672543523,10
ex9_2_4.bch,easy,smearmax,xtaylor,complete,4,0.007231000000000003,0.5000001679216065,0.4995006672543522,10
ex9_2_4.bch,easy,smearmaxrel,xtaylor,complete,8,0.012833000000000006,0.4999999764526143,0.4995004759766377,10
ex9_2_4.bch,easy,largestfirst,xtaylor,complete,26,0.03413500000000001,0.5002872872040384,0.4999999700000001,10
ex9_2_4.bch,easy,roundrobin,xtaylor,complete,4,0.0064870000000000014,0.49999997300237636,0.4995004725298466,10
ex9_2_5.bch,easy,lsmear,xtaylor,complete,6,0.011087000000000001,4.9999999797485035,4.995004974773731,10
ex9_2_5.bch,easy,lsmear-box,xtaylor,complete,6,0.011051000000000004,4.9999999797485035,4.995004974773731,10
ex9_2_5.bch,easy,smearsumrel,xtaylor,complete,6,0.013023,4.9999999797485035,4.995004974773731,10
ex9_2_5.bch,easy,smearsum,xtaylor,complete,10,0.013451000000000001,5.0000001517477894,4.995005146601189,10
ex9_2_5.bch,easy,smearmax,xtaylor,complete,10,0.011669000000000002,5.000244978202261,4.995249728473788,10
ex9_2_5.bch,easy,smearmaxrel,xtaylor,complete,14,0.02733200000000001,5.000002194453034,4.995007187265769,10
ex9_2_5.bch,easy,largestfirst,xtaylor,complete,8,0.008402000000000003,5.000062799705735,4.995067731973762,10
ex9_2_5.bch,easy,roundrobin,xtaylor,complete,8,0.009240000000000003,5.00006279970974,4.995067731977763,10
ex9_2_6.bch,easy,lsmear,xtaylor,complete,18,0.04635200000000002,-1.0000000179504611,-1.0010010189694303,10
ex9_2_6.bch,easy,lsmear-box,xtaylor,complete,18,0.04643000000000001,-1.0000000179504611,-1.0010010189694303,10
ex9_2_6.bch,easy,smearsumrel,xtaylor,complete,6,0.031883,-1.0000000179999993,-1.001001019019018,10
ex9_2_6.bch,easy,smearsum,xtaylor,complete,8,0.07188500000000003,-1.0000000179999993,-1.001001019019018,10
ex9_2_6.bch,easy,smearmax,xtaylor,complete,8,0.07171000000000001,-1.0000000179999993,-1.001001019019018,10
ex9_2_6.bch,easy,smearmaxrel,xtaylor,complete,12,0.08178800000000001,-1.0000000179999995,-1.0010010190190182,10
ex9_2_6.bch,easy,largestfirst,xtaylor,complete,8,0.023993000000000014,-1.0000000177012907,-1.0010010187200105,10
ex9_2_6.bch,easy,roundrobin,xtaylor,complete,8,0.027776000000000006,-1.0000000162526408,-1.0010010172699104,10
ex9_2_7.bch,easy,lsmear,xtaylor,complete,2,0.000504000000000001,16.999999974800012,16.983016957842175,10
ex9_2_7.bch,easy,lsmear-box,xtaylor,complete,2,0.0005059999999999995,16.999999974800012,16.983016957842175,10
ex9_2_7.bch,easy,smearsumrel,xtaylor,complete,2,0.0041530000000000004,16.999999974800012,16.983016957842175,10
ex9_2_7.bch,easy,smearsum,xtaylor,complete,2,0.004302,16.999999974800012,16.983016957842175,10
ex9_2_7.bch,easy,smearmax,xtaylor,complete,2,0.004243999999999998,16.999999974800012,16.983016957842175,10
ex9_2_7.bch,easy,smearmaxrel,xtaylor,complete,2,0.004181000000000001,16.999999974800012,16.983016957842175,10
ex9_2_7.bch,easy,largestfirst,xtaylor,complete,2,0.00013799999999999923,16.999999974800012,16.983016957842175,10
ex9_2_7.bch,easy,roundrobin,xtaylor,complete,2,0.0001260000000000011,16.999999974800012,16.983016957842175,10
ex9_2_8.bch,easy,lsmear,xtaylor,complete,4,0.0039000000000000016,1.4999999912259345,1.4999999893888205,10
ex9_2_8.bch,easy,lsmear-box,xtaylor,complete,4,0.003849,1.4999999912259345,1.4999999893888205,10
ex9_2_8.bch,easy,smearsumrel,xtaylor,complete,2,0.0025540000000000033,1.4999999910000001,1.4985014895104898,10
ex9_2_8.bch,easy,smearsum,xtaylor,complete,4,0.005199000000000001,1.4999999917154392,1.4999999799999988,10
ex9_2_8.bch,easy,smearmax,xtaylor,complete,4,0.004988000000000002,1.4999999917154392,1.4999999799999988,10
ex9_2_8.bch,easy,smearmaxrel,xtaylor,complete,4,0.005052000000000002,1.499999991497509,1.4999999883333317,10
ex9_2_8.bch,easy,largestfirst,xtaylor,complete,4,0.0035720000000000005,1.4999999917154392,1.4999999799999988,10
ex9_2_8.bch,easy,roundrobin,xtaylor,complete,4,0.003667000000000002,1.4999999917154392,1.4999999799999988,10
exbaron.bch,easy,lsmear,xtaylor,complete,2,0.0007130000000000001,3.0000011597967258,2.999475800018506,10
exbaron.bch,easy,lsmear-box,xtaylor,complete,2,0.000797,3.0000011597967258,2.999475800018506,10
exbaron.bch,easy,smearsumrel,xtaylor,complete,2,0.0005890000000000001,3.0000011597967258,2.999475800018506,10
exbaron.bch,easy,smearsum,xtaylor,complete,2,0.0005769999999999998,3.0000011597967258,2.999475800018506,10
exbaron.bch,easy,smearmax,xtaylor,complete,2,0.0005839999999999999,3.0000011597967258,2.999475800018506,10
exbaron.bch,easy,smearmaxrel,xtaylor,complete,2,0.0005909999999999999,3.0000011597967258,2.999475800018506,10
exbaron.bch,easy,largestfirst,xtaylor,complete,2,0.0004420000000000001,3.0000011597967258,2.999475800018506,10
exbaron.bch,easy,roundrobin,xtaylor,complete,2,0.00044399999999999995,3.0000011597967258,2.999475800018506,10
exinfinity2.bch,easy,lsmear,xtaylor,complete,16,0.004955000000000001,0,0,10
exinfinity2.bch,easy,lsmear-box,xtaylor,complete,16,0.004924,0,0,10
exinfinity2.bch,easy,smearsumrel,xtaylor,complete,16,0.004611000000000001,0,0,10
exinfinity2.bch,easy,smearsum,xtaylor,complete,16,0.00459,0,0,10
exinfinity2.bch,easy,smearmax,xtaylor,complete,16,0.004622,0,0,10
exinfinity2.bch,easy,smearmaxrel,xtaylor,complete,16,0.004598000000000001,0,0,10
exinfinity2.bch,easy,largestfirst,xtaylor,complete,72,0.019705000000000004,8.17732934756993e-10,0,10
exinfinity2.bch,easy,roundrobin,xtaylor,complete,14,0.003491,0,0,10
exinfinity3.bch,easy,lsmear,xtaylor,complete,4,0.001986000000000001,0,0,10
exinfinity3.bch,easy,lsmear-box,xtaylor,complete,4,0.0020960000000000006,0,0,10
exinfinity3.bch,easy,smearsumrel,xtaylor,complete,4,0.0019400000000000005,0,0,10
exinfinity3.bch,easy,smearsum,xtaylor,complete,4,0.0017680000000000003,0,0,10
exinfinity3.bch,easy,smearmax,xtaylor,complete,4,0.001757,0,0,10
exinfinity3.bch,easy,smearmaxrel,xtaylor,complete,4,0.0017570000000000003,0,0,10
exinfinity3.bch,easy,largestfirst,xtaylor,complete,40,0.010100000000000001,1.9418008573588237e-08,0,10
exinfinity3.bch,easy,roundrobin,xtaylor,complete,4,0.001588,0,0,10
exp40.bch,easy,lsmear,xtaylor,complete,0,1.0000000000001327e-06,5e-324,-9.999999999999997e-08,10
exp40.bch,easy,lsmear-box,xtaylor,complete,0,9.999999999999159e-07,5e-324,-9.999999999999997e-08,10
exp40.bch,easy,smearsumrel,xtaylor,complete,0,2.0000000000002655e-06,5e-324,-9.999999999999997e-08,10
exp40.bch,easy,smearsum,xtaylor,complete,0,1.9999999999998318e-06,5e-324,-9.999999999999997e-08,10
exp40.bch,easy,smearmax,xtaylor,complete,0,9.999999999999159e-07,5e-324,-9.999999999999997e-08,10
exp40.bch,easy,smearmaxrel,xtaylor,complete,0,2.9999999999999645e-06,5e-324,-9.999999999999997e-08,10
exp40.bch,easy,largestfirst,xtaylor,complete,0,2.0000000000000486e-06,5e-324,-9.999999999999997e-08,10
exp40.bch,easy,roundrobin,xtaylor,complete,0,2.0000000000002655e-06,5e-324,-9.999999999999997e-08,10
f1.bch,easy,lsmear,xtaylor,complete,6,0.0022400000000000007,0,0,10
f1.bch,easy,lsmear-box,xtaylor,complete,6,0.0021850000000000007,0,0,10
f1.bch,easy,smearsumrel,xtaylor,complete,6,0.0021260000000000007,0,0,10
f1.bch,easy,smearsum,xtaylor,complete,6,0.002199000000000001,0,0,10
f1.bch,easy,smearmax,xtaylor,complete,6,0.0019350000000000003,0,0,10
f1.bch,easy,smearmaxrel,xtaylor,complete,6,0.0019520000000000008,0,0,10
f1.bch,easy,largestfirst,xtaylor,complete,34,0.010810000000000004,8.117441746787775e-08,0,10
f1.bch,easy,roundrobin,xtaylor,complete,6,0.0017300000000000002,0,0,10
fccu.bch,coconutbenchmark-library2,lsmear,xtaylor,timeout,108582,10.000161,inf,2.524354896707238e-28,10
fccu.bch,coconutbenchmark-library2,lsmear-box,xtaylor,timeout,108408,10.000111000000002,inf,2.524354896707238e-28,10
fccu.bch,coconutbenchmark-library2,smearsumrel,xtaylor,timeout,109854,10.000088000000003,inf,2.524354896707238e-28,10
fccu.bch,coconutbenchmark-library2,smearsum,xtaylor,timeout,109908,10.000106000000002,inf,2.524354896707238e-28,10
fccu.bch,coconutbenchmark-library2,smearmax,xtaylor,timeout,111278,10.000108000000003,inf,5.679798517591285e-28,10
fccu.bch,coconutbenchmark-library2,smearmaxrel,xtaylor,timeout,110382,10.000102000000004,inf,2.524354896707238e-28,10
fccu.bch,coconutbenchmark-library2,largestfirst,xtaylor,timeout,91132,10.000103000000005,inf,2.524354896707238e-28,10
fccu.bch,coconutbenchmark-library2,roundrobin,xtaylor,timeout,8232,10.001076000000003,2.164840534134501e+125,0,10
genhs28.bch,coconutbenchmark-library2,lsmear,xtaylor,complete,78,0.35362500000000013,0.9274552156067271,0.9265286869198074,10
genhs28.bch,coconutbenchmark-library2,lsmear-box,xtaylor,complete,78,0.35450200000000015,0.9274552156067271,0.9265286869198074,10
genhs28.bch,coconutbenchmark-library2,smearsumrel,xtaylor,complete,166,0.6898150000000003,0.9272569499928744,0.926330619373501,10
genhs28.bch,coconutbenchmark-library2,smearsum,xtaylor,complete,84,0.3833170000000001,0.9273319702805531,0.9264055647158373,10
genhs28.bch,coconutbenchmark-library2,smearmax,xtaylor,complete,88,0.3771510000000001,0.9272078314849432,0.9262815499350083,10
genhs28.bch,coconutbenchmark-library2,smearmaxrel,xtaylor,complete,156,0.6739090000000002,0.9271822404842034,0.9262559844997038,10
genhs28.bch,coconutbenchmark-library2,largestfirst,xtaylor,timeout,3706,10.001314000000004,0.9271937053954054,0.810119330084678,10
genhs28.bch,coconutbenchmark-library2,roundrobin,xtaylor,complete,130,0.5443620000000001,0.9272992276668636,0.9263728548120516,10
griewank.bch,easy,lsmear,xtaylor,complete,46,0.029051000000000004,4.440892098500626e-16,0,10
griewank.bch,easy,lsmear-box,xtaylor,complete,46,0.028332000000000006,4.440892098500626e-16,0,10
griewank.bch,easy,smearsumrel,xtaylor,complete,46,0.026627000000000005,4.440892098500626e-16,0,10
griewank.bch,easy,smearsum,xtaylor,complete,46,0.02556300000000001,4.440892098500626e-16,0,10
griewank.bch,easy,smearmax,xtaylor,complete,46,0.025763000000000008,4.440892098500626e-16,0,10
griewank.bch,easy,smearmaxrel,xtaylor,complete,46,0.026095000000000007,4.440892098500626e-16,0,10
griewank.bch,easy,largestfirst,xtaylor,complete,372,1.8386640000000005,4.0528563283181995e-08,0,10
griewank.bch,easy,roundrobin,xtaylor,complete,10,0.005177,4.440892098500626e-16,0,10
haifas.bch,coconutbenchmark-library2,lsmear,xtaylor,complete,316,0.5162180000000001,-0.44972696834976755,-0.4501771454952628,10
haifas.bch,coconutbenchmark-library2,lsmear-box,xtaylor,complete,316,0.5120470000000001,-0.44972696834976755,-0.4501771454952628,10
haifas.bch,coconutbenchmark-library2,smearsumrel,xtaylor,complete,316,0.49090200000000017,-0.44972696834976755,-0.4501771454952628,10
haifas.bch,coconutbenchmark-library2,smearsum,xtaylor,complete,2000,2.6475460000000006,-0.4496581532791035,-0.45010826154064415,10
haifas.bch,coconutbenchmark-library2,smearmax,xtaylor,complete,1990,2.6730460000000007,-0.44991859590566285,-0.45036896487053335,10
haifas.bch,coconutbenchmark-library2,smearmaxrel,xtaylor,timeout,6704,10.000869000000002,-0.4499861652982382,-0.4660838673608671,10
haifas.bch,coconutbenchmark-library2,largestfirst,xtaylor,timeout,10486,10.000531000000002,-0.44995489168711167,-5590.671779775812,10
haifas.bch,coconutbenchmark-library2,roundrobin,xtaylor,complete,3960,4.928530000000001,-0.4499434201649226,-0.4503938139789015,10
haldmads.bch,coconutbenchmark-library2,lsmear,xtaylor,timeout,3402,10.000275000000004,0.0346737830865228,0,10
haldmads.bch,coconutbenchmark-library2,lsmear-box,xtaylor,timeout,3398,10.024550000000003,0.0346737830865228,0,10
haldmads.bch,coconutbenchmark-library2,smearsumrel,xtaylor,timeout,3400,10.008031000000004,0.0346737830865228,0,10
haldmads.bch,coconutbenchmark-library2,smearsum,xtaylor,timeout,5134,10.002047000000005,0.03569724158438392,0,10
haldmads.bch,coconutbenchmark-library2,smearmax,xtaylor,timeout,4900,10.002481000000005,0.05196932729497172,0,10
haldmads.bch,coconutbenchmark-library2,smearmaxrel,xtaylor,timeout,4926,10.003447000000005,0.004828200858285919,0,10
haldmads.bch,coconutbenchmark-library2,largestfirst,xtaylor,timeout,5128,10.002542000000002,0.034687299028114404,0,10
haldmads.bch,coconutbenchmark-library2,roundrobin,xtaylor,timeout,5042,10.001399000000003,0.04329337318986992,0,10
harker.bch,blowup,lsmear,xtaylor,timeout,2340,10.004711000000004,-918.0919833502496,-3647.9415795574,10
harker.bch,blowup,lsmear-box,xtaylor,timeout,2476,10.003214000000003,-661.3713163619277,-3878.7712273794514,10
harker.bch,blowup,smearsumrel,xtaylor,timeout,2126,10.005507000000003,-916.9272033955201,-2486.44190225477,10
harker.bch,blowup,smearsum,xtaylor,timeout,2732,10.003992000000002,-867.8204300549552,-3602.454046257506,10
harker.bch,blowup,smearmax,xtaylor,timeout,2722,10.001105000000003,-817.2019615148314,-3612.3722843106443,10
harker.bch,blowup,smearmaxrel,xtaylor,timeout,2212,10.001107000000005,-938.3331540434832,-2330.5168374363157,10
harker.bch,blowup,largestfirst,xtaylor,timeout,3918,10.006557000000004,-2.4299999999959495e-07,-5828.0000000686,10
harker.bch,blowup,roundrobin,xtaylor,timeout,2438,10.007357000000004,-680.7475942300454,-3729.920000167383,10
haverly.bch,medium,lsmear,xtaylor,complete,74,0.23201600000000006,-400.00000046033165,-400.4004008611928,10
haverly.bch,medium,lsmear-box,xtaylor,complete,74,0.22948700000000005,-400.00000046033165,-400.4004008611928,10
haverly.bch,medium,smearsumrel,xtaylor,complete,136,0.47038300000000005,-399.7576082853934,-400.1577660514448,10
haverly.bch,medium,smearsum,xtaylor,complete,852,1.6596510000000002,-400.0000004763897,-400.4004008772669,10
haverly.bch,medium,smearmax,xtaylor,complete,150,0.6484430000000002,-400.00000054519387,-400.0022722812477,10
haverly.bch,medium,smearmaxrel,xtaylor,complete,146,0.3755400000000001,-399.9639010511896,-400.3642653165061,10
haverly.bch,medium,largestfirst,xtaylor,complete,430,1.0126730000000004,-400.00000049144455,-400.40040089233685,10
haverly.bch,medium,roundrobin,xtaylor,complete,136,0.6348950000000001,-400.0000005431316,-400.00001046935296,10
hhfair.bch,blowup,lsmear,xtaylor,timeout,1414,10.005205000000005,-84.17468792711263,-87.50553194834227,10
hhfair.bch,blowup,lsmear-box,xtaylor,timeout,1456,10.001520000000005,-79.47686833215577,-88.82528494269005,10
hhfair.bch,blowup,smearsumrel,xtaylor,timeout,1548,10.008958000000003,-87.10019653434163,-89.34783893529143,10
hhfair.bch,blowup,smearsum,xtaylor,timeout,1644,10.007677000000003,-86.73742302741454,-91.72991506574608,10
hhfair.bch,blowup,smearmax,xtaylor,timeout,1436,10.009060000000003,-87.14145132442017,-89.7901228138837,10
hhfair.bch,blowup,smearmaxrel,xtaylor,timeout,1660,10.002812000000006,-86.48700398038098,-91.67157517765969,10
hhfair.bch,blowup,largestfirst,xtaylor,timeout,2972,10.002258000000003,-81.73200242221625,-94.76072531050671,10
hhfair.bch,blowup,roundrobin,xtaylor,timeout,1958,10.001599000000004,-87.15866657479073,-87.41593366130662,10
hhfair1.bch,blowup,lsmear,xtaylor,complete,492,4.086016000000002,-87.08590815250838,-87.17308123374211,10
hhfair1.bch,blowup,lsmear-box,xtaylor,complete,576,4.675632000000002,-87.15833796042193,-87.16201187043612,10
hhfair1.bch,blowup,smearsumrel,xtaylor,complete,120,0.7313180000000002,-87.1590019464191,-87.2462481946137,10
hhfair1.bch,blowup,smearsum,xtaylor,complete,194,1.2480360000000004,-87.15901816426292,-87.24626442869159,10
hhfair1.bch,blowup,smearmax,xtaylor,complete,198,1.1838540000000004,-87.15901139874765,-87.24625765640404,10
hhfair1.bch,blowup,smearmaxrel,xtaylor,complete,348,1.8383440000000004,-87.1589666243632,-87.24621283720039,10
hhfair1.bch,blowup,largestfirst,xtaylor,timeout,6264,10.001995000000003,inf,-90.72524891076496,10
hhfair1.bch,blowup,roundrobin,xtaylor,complete,854,5.499410000000003,-87.09425617915726,-87.18143761677402,10
himmel11.bch,easy,lsmear,xtaylor,complete,42,0.11919600000000004,-30660.553328539023,-30665.54681578998,10
himmel11.bch,easy,lsmear-box,xtaylor,complete,42,0.11880100000000005,-30660.553328539023,-30665.54681578998,10
himmel11.bch,easy,smearsumrel,xtaylor,complete,74,0.18178100000000005,-30657.953462059817,-30665.53881548733,10
himmel11.bch,easy,smearsum,xtaylor,complete,40,0.10577900000000003,-30651.399669169907,-30667.20842093837,10
himmel11.bch,easy,smearmax,xtaylor,complete,40,0.105133,-30651.399669169907,-30667.20842093837,10
himmel11.bch,easy,smearmaxrel,xtaylor,complete,56,0.13400300000000007,-30638.07211569891,-30668.74085655546,10
himmel11.bch,easy,largestfirst,xtaylor,complete,596,0.8499070000000002,-30646.709369166154,-30677.386755922074,10
himmel11.bch,easy,roundrobin,xtaylor,complete,66,0.15289500000000006,-30651.881932376004,-30665.563648790463,10
himmel16.bch,medium,lsmear,xtaylor,timeout,2052,10.001693000000005,-0.8655404138983583,-1.1849710690043909,10
himmel16.bch,medium,lsmear-box,xtaylor,timeout,2038,10.011622000000004,-0.8655404138983583,-1.1921808288773772,10
himmel16.bch,medium,smearsumrel,xtaylor,timeout,2158,10.001336000000004,-0.7562463332159387,-1.6703922373756115,10
himmel16.bch,medium,smearsum,xtaylor,complete,1986,9.708288000000001,-0.8655792020520711,-0.8664456476997707,10
himmel16.bch,medium,smearmax,xtaylor,timeout,2012,10.005223000000004,-0.8656771429140763,-1.051690699009316,10
himmel16.bch,medium,smearmaxrel,xtaylor,timeout,3652,10.003997000000004,-0.6491739911331897,-2.9500000600000016,10
himmel16.bch,medium,largestfirst,xtaylor,timeout,4840,10.001424000000004,-0.6282347293869122,-2.7827501064157314,10
himmel16.bch,medium,roundrobin,xtaylor,timeout,2532,10.002031000000002,-0.5267422669781855,-1.7652990227550933,10
himmelbk.bch,coconutbenchmark-library2,lsmear,xtaylor,timeout,260,10.005133000000002,0.05181434176174722,0.051595078972810536,10
himmelbk.bch,coconutbenchmark-library2,lsmear-box,xtaylor,timeout,264,10.014737000000002,0.05181434176174722,0.05162658933543812,10
himmelbk.bch,coconutbenchmark-library2,smearsumrel,xtaylor,timeout,258,10.055208000000002,inf,0.05067982942827425,10
himmelbk.bch,coconutbenchmark-library2,smearsum,xtaylor,timeout,272,10.004384000000002,inf,0.05066437507130156,10
himmelbk.bch,coconutbenchmark-library2,smearmax,xtaylor,timeout,272,10.015301000000003,inf,0.05099602787691226,10
himmelbk.bch,coconutbenchmark-library2,smearmaxrel,xtaylor,timeout,274,10.069820000000002,inf,0.050287201996219125,10
himmelbk.bch,coconutbenchmark-library2,largestfirst,xtaylor,timeout,358,10.001964000000003,inf,0.049999999499999594,10
himmelbk.bch,coconutbenchmark-library2,roundrobin,xtaylor,timeout,286,10.049132000000002,inf,0.05037799545669952,10
house.bch,easy,lsmear,xtaylor,complete,24,0.051329000000000014,-4499.526979696641,-4504.031010707347,10
house.bch,easy,lsmear-box,xtaylor,complete,24,0.05159000000000001,-4499.526979696641,-4504.031010707347,10
house.bch,easy,smearsumrel,xtaylor,complete,28,0.04563100000000002,-4499.999798285034,-4504.50430258762,10
house.bch,easy,smearsum,xtaylor,complete,38,0.06275300000000003,-4500.00000019739,-4504.504504702091,10
house.bch,easy,smearmax,xtaylor,complete,40,0.07926400000000002,-4497.654818561086,-4502.156975536622,10
house.bch,easy,smearmaxrel,xtaylor,complete,20,0.03179500000000001,-4500.000000213122,-4504.504504717839,10
house.bch,easy,largestfirst,xtaylor,complete,116,0.14373300000000008,-4500.000000140855,-4504.5045046455,10
house.bch,easy,roundrobin,xtaylor,complete,20,0.026513000000000005,-4500.000000195843,-4504.504504700543,10
hs056.bch,coconutbenchmark-library2,lsmear,xtaylor,complete,778,1.0391270000000004,-3.45587438844994,-3.4593337221721114,10
hs056.bch,coconutbenchmark-library2,lsmear-box,xtaylor,complete,874,1.1971690000000004,-3.4559766630453357,-3.45943609914448,10
hs056.bch,coconutbenchmark-library2,smearsumrel,xtaylor,complete,796,1.4835370000000005,-3.453073347834693,-3.4565298777124047,10
hs056.bch,coconutbenchmark-library2,smearsum,xtaylor,complete,362,0.8060680000000002,-3.4540970672294358,-3.4575546218512865,10
hs056.bch,coconutbenchmark-library2,smearmax,xtaylor,complete,1218,1.3298420000000004,-3.455501601552763,-3.4589605621148776,10
hs056.bch,coconutbenchmark-library2,smearmaxrel,xtaylor,complete,488,0.9588840000000003,-3.4552670600915794,-3.4587257858774563,10
hs056.bch,coconutbenchmark-library2,largestfirst,xtaylor,complete,1256,1.1414030000000004,-3.4552182003778156,-3.4586768772550704,10
hs056.bch,coconutbenchmark-library2,roundrobin,xtaylor,complete,350,0.7189770000000002,-3.455615811162414,-3.459074886048462,10
hs070.bch,coconutbenchmark-library2,lsmear,xtaylor,timeout,6172,10.001514000000004,0.27972855968286287,0,10
hs070.bch,coconutbenchmark-library2,lsmear-box,xtaylor,timeout,6198,10.002995000000004,0.27972855968286287,0,10
hs070.bch,coconutbenchmark-library2,smearsumrel,xtaylor,timeout,6200,10.002485000000002,0.27972855968286287,0,10
hs070.bch,coconutbenchmark-library2,smearsum,xtaylor,timeout,6202,10.001572000000005,0.27972855968286287,0,10
hs070.bch,coconutbenchmark-library2,smearmax,xtaylor,timeout,6200,10.002059000000003,0.27972855968286287,0,10
hs070.bch,coconutbenchmark-library2,smearmaxrel,xtaylor,timeout,6068,10.000871000000004,0.27972855968286287,0,10
hs070.bch,coconutbenchmark-library2,largestfirst,xtaylor,timeout,6452,10.002688000000004,0.2797459053852911,0,10
hs070.bch,coconutbenchmark-library2,roundrobin,xtaylor,timeout,4712,10.006317000000003,0.2799027080967638,0,10
hs071.bch,easy,lsmear,xtaylor,complete,118,0.12079200000000002,17.01894988327473,17.001947935339395,10
hs071.bch,easy,lsmear-box,xtaylor,complete,92,0.09307400000000003,17.017506167186642,17.00050566152512,10
hs071.bch,easy,smearsumrel,xtaylor,complete,156,0.13685700000000006,17.020778658586984,17.003774883703286,10
hs071.bch,easy,smearsum,xtaylor,complete,150,0.12767100000000003,17.01725674272478,17.000256486238545,10
hs071.bch,easy,smearmax,xtaylor,complete,156,0.13577300000000003,17.02824750975694,17.011236273483462,10
hs071.bch,easy,smearmaxrel,xtaylor,complete,190,0.16573900000000005,17.016540753125007,16.999541211913098,10
hs071.bch,easy,largestfirst,xtaylor,complete,1812,1.9775480000000005,17.024264691082465,17.00725743364882,10
hs071.bch,easy,roundrobin,xtaylor,complete,150,0.13928800000000002,17.01722464940604,17.000224424981063,10
hs087.bch,coconutbenchmark-library2,lsmear,xtaylor,complete,36,0.12669800000000003,8827.605540778122,8818.7867540241,10
hs087.bch,coconutbenchmark-library2,lsmear-box,xtaylor,complete,36,0.12744800000000006,8827.605540778122,8818.7867540241,10
hs087.bch,coconutbenchmark-library2,smearsumrel,xtaylor,complete,42,0.12573000000000006,8828.113482288827,8819.294188100728,10
hs087.bch,coconutbenchmark-library2,smearsum,xtaylor,complete,426,1.3229000000000004,8831.083464728941,8822.261203525417,10
hs087.bch,coconutbenchmark-library2,smearmax,xtaylor,complete,538,1.5662550000000004,8829.324320850399,8820.503817033368,10
hs087.bch,coconutbenchmark-library2,smearmaxrel,xtaylor,complete,66,0.22942200000000007,8828.113482288338,8819.294188100239,10
hs087.bch,coconutbenchmark-library2,largestfirst,xtaylor,complete,262,0.7565200000000003,8829.514787984146,8820.694093890257,10
hs087.bch,coconutbenchmark-library2,roundrobin,xtaylor,complete,72,0.22934300000000005,8835.967943914406,8827.140803111297,10
hs088.bch,coconutbenchmark-library2,lsmear,xtaylor,timeout,138,10.058592,2.3541142165212054,0.5879406135167852,10
hs088.bch,coconutbenchmark-library2,lsmear-box,xtaylor,timeout,120,10.037726000000005,2.3541142165212054,0.5879406135167852,10
hs088.bch,coconutbenchmark-library2,smearsumrel,xtaylor,timeout,140,10.025237000000004,2.3541142165212054,0.6139702881096528,10
hs088.bch,coconutbenchmark-library2,smearsum,xtaylor,timeout,138,10.020733,2.3541142165212054,0.6102220665548707,10
hs088.bch,coconutbenchmark-library2,smearmax,xtaylor,timeout,108,10.047558000000004,91928775.98104632,0.3552713678800501,10
hs088.bch,coconutbenchmark-library2,smearmaxrel,xtaylor,timeout,140,10.048077,2.3541142165212054,0.5879406135167852,10
hs088.bch,coconutbenchmark-library2,largestfirst,xtaylor,timeout,284,10.055492000000005,91928775.98104632,0.5340921753970974,10
3pk-borne.bch,coconutbenchmark-library2,lsmear,xtaylor,timeout,108144,600.0041430000003,4487.346893625451,-112110.76118267841,600.0
3pk-borne.bch,coconutbenchmark-library2,lsmear-box,xtaylor,timeout,109222,600.0037780000004,4487.346893625451,-111965.02244507604,600.0
3pk-borne.bch,coconutbenchmark-library2,smearsumrel,xtaylor,timeout,110620,600.0080480000003,4487.346893625451,-111525.8444706957,600.0
3pk-borne.bch,coconutbenchmark-library2,smearsum,xtaylor,timeout,111224,600.0012900000002,4487.346893625451,-111400.89867612028,600.0
3pk-borne.bch,coconutbenchmark-library2,smearmax,xtaylor,timeout,110340,600.0022830000001,4487.346893625451,-111601.46002264315,600.0
3pk-borne.bch,coconutbenchmark-library2,smearmaxrel,xtaylor,timeout,111274,600.0038440000001,4487.346893625451,-111397.36386388246,600.0
3pk-borne.bch,coconutbenchmark-library2,largestfirst,xtaylor,timeout,131074,600.0054180000002,11970.914060133755,-2221143.036823218,600.0
3pk-borne.bch,coconutbenchmark-library2,roundrobin,xtaylor,timeout,144170,600.0047550000003,29062.89673028221,-1129030.19522518,600.0
abel.bch,unsolved,lsmear,xtaylor,timeout,92618,600.0054650000002,232160.73958775087,-1075106.2062818292,600.0
abel.bch,unsolved,lsmear-box,xtaylor,timeout,88266,600.0058190000002,246176.81463631341,-1173520.1750918722,600.0
abel.bch,unsolved,smearsumrel,xtaylor,timeout,96380,600.0026300000001,176589.6130395408,-19938226.217494093,600.0
abel.bch,unsolved,smearsum,xtaylor,timeout,103070,600.0189410000003,131188.3964087757,-1455531.8046957618,600.0
abel.bch,unsolved,smearmax,xtaylor,timeout,108656,600.0110990000002,102023.63110505161,-1455531.8046957618,600.0
abel.bch,unsolved,smearmaxrel,xtaylor,timeout,109580,600.0009660000004,358827.3872431995,-9988487.006272467,600.0
abel.bch,unsolved,largestfirst,xtaylor,timeout,145554,600.0054650000003,347013.1146653597,-41994313.242011756,600.0
abel.bch,unsolved,roundrobin,xtaylor,timeout,60676,600.0096980000003,105505.51265308462,-8240362.906568278,600.0
abelbis-1.bch,unsolved,lsmear,xtaylor,timeout,32618,600.0308570000002,273.3858266708776,-331.7821502019435,600.0
abelbis-1.bch,unsolved,lsmear-box,xtaylor,timeout,28384,600.0038870000003,284.3002005448508,-760.4751504613791,600.0
abelbis-1.bch,unsolved,smearsumrel,xtaylor,timeout,58568,600.0211100000002,270.4959450000936,-434.250955530253,600.0
abelbis-1.bch,unsolved,smearsum,xtaylor,timeout,31396,600.0225710000003,247.38485086067317,-385.71693482606673,600.0
abelbis-1.bch,unsolved,smearmax,xtaylor,timeout,38722,600.0103000000003,237.1811137668064,-105.88235577541398,600.0
abelbis-1.bch,unsolved,smearmaxrel,xtaylor,timeout,124094,600.0000470000002,68745.49344678986,-2829242.171457575,600.0
abelbis-1.bch,unsolved,largestfirst,xtaylor,timeout,166204,600.0049140000002,1159714.4245134592,-2969474.9820935484,600.0
abelbis-1.bch,unsolved,roundrobin,xtaylor,timeout,34420,600.0303280000002,296.4833811399778,-3068.4649685263075,600.0
abelbis.bch,unsolved,lsmear,xtaylor,timeout,141358,600.0010450000002,1575477426186.7578,-12029050037269102,600.0
abelbis.bch,unsolved,lsmear-box,xtaylor,timeout,150634,600.0119740000004,1575477426186.7578,-10578216766333266,600.0
abelbis.bch,unsolved,smearsumrel,xtaylor,timeout,177704,600.0005080000002,794890470495.0205,-6473990358518078,600.0
abelbis.bch,unsolved,smearsum,xtaylor,timeout,28728,600.0441710000002,413321.104574932,-764184702685136,600.0
abelbis.bch,unsolved,smearmax,xtaylor,timeout,28460,600.0801990000002,412893.8015410561,-764184702685136,600.0
abelbis.bch,unsolved,smearmaxrel,xtaylor,timeout,119168,600.0044860000003,1120956419360.964,-116376466828114.34,600.0
abelbis.bch,unsolved,largestfirst,xtaylor,timeout,157192,600.0061140000001,inf,-35858836291267720,600.0
abelbis.bch,unsolved,roundrobin,xtaylor,timeout,21380,600.1541850000002,1565.5702939068262,-3777373506.0610623,600.0
abelter-1.bch,unsolved,lsmear,xtaylor,timeout,67562,600.0117690000002,240.46683722099488,72.9055775827599,600.0
abelter-1.bch,unsolved,lsmear-box,xtaylor,timeout,63732,600.0272090000003,266.3688837506592,73.83518024236906,600.0
abelter-1.bch,unsolved,smearsumrel,xtaylor,timeout,101920,600.0061460000002,231.26093907373084,51.32017738322682,600.0
abelter-1.bch,unsolved,smearsum,xtaylor,timeout,87072,600.0049680000002,255.6397290899725,53.4763223922454,600.0
abelter-1.bch,unsolved,smearmax,xtaylor,timeout,76526,600.0124880000002,259.96313358154595,56.24375414103302,600.0
abelter-1.bch,unsolved,smearmaxrel,xtaylor,timeout,123696,600.0006740000001,240.9911978840629,16.845432160975022,600.0
abelter-1.bch,unsolved,largestfirst,xtaylor,timeout,171578,600.0015630000001,293.7395534728334,3.8370194429950014e-27,600.0
abelter-1.bch,unsolved,roundrobin,xtaylor,timeout,52314,600.0192910000001,235.76405464300746,46.7370309738347,600.0
aircraftb.bch,coconutbenchmark-library2,largestfirst,xtaylor,timeout,1460366,600.0008750000002,1.762150566622567e-05,0,600.0
avgasa.bch,coconutbenchmark-library2,smearmaxrel,xtaylor,timeout,348108,600.0018280000003,-4.410033796347838,-4.580937773442715,600.0
avgasa.bch,coconutbenchmark-library2,largestfirst,xtaylor,timeout,513882,600.0002990000002,-4.407849243578943,-8.81719681498258,600.0
avgasb.bch,coconutbenchmark-library2,largestfirst,xtaylor,timeout,414632,600.0019210000003,-4.482462661701049,-7.891668655212348,600.0
avion2.bch,coconutbenchmark-library2,lsmear,xtaylor,timeout,106706,600.0042300000003,220647939.0098764,94552248.23987706,600.0
avion2.bch,coconutbenchmark-library2,lsmear-box,xtaylor,timeout,100856,600.0096440000001,162642460.66169593,94552248.23987706,600.0
avion2.bch,coconutbenchmark-library2,smearsumrel,xtaylor,timeout,152252,600.0050150000002,113805709.21505961,94552248.23987706,600.0
avion2.bch,coconutbenchmark-library2,smearsum,xtaylor,timeout,91176,600.0409520000003,229477339.8064375,94552248.23987706,600.0
avion2.bch,coconutbenchmark-library2,smearmax,xtaylor,timeout,87090,600.0077730000003,249016280.67287531,94552248.23987706,600.0
avion2.bch,coconutbenchmark-library2,smearmaxrel,xtaylor,timeout,137866,600.0017550000001,166625910.70218468,94552248.23987706,600.0
avion2.bch,coconutbenchmark-library2,largestfirst,xtaylor,timeout,161990,600.0004960000002,205585569.5562656,94552248.23987706,600.0
batch.bch,coconutbenchmark-library2,lsmear,xtaylor,complete,24986,504.3404320000001,259328.51340657994,259069.44396261734,600.0
batch.bch,coconutbenchmark-library2,lsmear-box,xtaylor,complete,25540,506.3339350000001,259299.28448269135,259040.24423845293,600.0
batch.bch,coconutbenchmark-library2,smearsumrel,xtaylor,timeout,28550,600.0152430000002,259361.16105316108,253425.26825006263,600.0
batch.bch,coconutbenchmark-library2,smearsum,xtaylor,timeout,34286,600.0291980000002,263525.9467622112,256409.66539186088,600.0
batch.bch,coconutbenchmark-library2,smearmax,xtaylor,timeout,33760,600.0135380000002,264269.4572738185,256409.66539186088,600.0
batch.bch,coconutbenchmark-library2,smearmaxrel,xtaylor,timeout,26524,600.0167060000003,260568.0929873741,238059.13959051867,600.0
batch.bch,coconutbenchmark-library2,largestfirst,xtaylor,timeout,57486,600.0107800000002,304139.1091820969,137638.30835983492,600.0
batch.bch,coconutbenchmark-library2,roundrobin,xtaylor,timeout,43552,600.0020150000003,263885.7033563167,206453.7084886028,600.0
bearing.bch,medium,lsmear,xtaylor,complete,1870,11.002302000000004,1.9510740364394767,1.9510659752065158,600.0
bearing.bch,medium,lsmear-box,xtaylor,complete,2708,14.412559000000005,1.9510778337066061,1.951065974035672,600.0
bearing.bch,medium,smearsumrel,xtaylor,complete,5828,20.910454000000005,1.9511429105895601,1.9510659646823139,600.0
bearing.bch,medium,smearsum,xtaylor,timeout,1937182,600.0000660000003,2.485797669415455,1.9510659865842028,600.0
bearing.bch,medium,smearmax,xtaylor,timeout,1814168,600.0000420000002,2.09485972038929,1.95106598658408,600.0
bearing.bch,medium,smearmaxrel,xtaylor,complete,50910,146.010994,1.9516323508525006,1.9496826681843165,600.0
bearing.bch,medium,largestfirst,xtaylor,complete,27456,87.46366700000003,1.9520345873446079,1.9500845028417664,600.0
bearing.bch,medium,roundrobin,xtaylor,complete,4626,21.06244700000001,1.9510663070498793,1.9510658594673806,600.0
brownal.bch,coconutbenchmark-library2,lsmear,xtaylor,timeout,14266654,600.0001120000003,3.4060331638127953e+21,0,600.0
brownal.bch,coconutbenchmark-library2,lsmear-box,xtaylor,timeout,14145942,600.0001060000002,3.4060331638127953e+21,0,600.0
brownal.bch,coconutbenchmark-library2,smearsumrel,xtaylor,timeout,13992514,600.0000700000002,3.4060331638127953e+21,0,600.0
brownal.bch,coconutbenchmark-library2,smearsum,xtaylor,timeout,14366710,600.0000960000002,3.4060331638127953e+21,0,600.0
brownal.bch,coconutbenchmark-library2,smearmax,xtaylor,timeout,14078540,600.0000970000002,3.4060331638127953e+21,0,600.0
brownal.bch,coconutbenchmark-library2,smearmaxrel,xtaylor,timeout,13739292,600.0000560000002,3.4060331638127953e+21,0,600.0
brownal.bch,coconutbenchmark-library2,largestfirst,xtaylor,timeout,16570358,600.0001140000003,3.4060331638127953e+21,0,600.0
brownal.bch,coconutbenchmark-library2,roundrobin,xtaylor,timeout,17230886,600.0000620000001,5.957294764441748,0,600.0
catena.bch,coconutbenchmark-library2,lsmear,xtaylor,timeout,101026,600.0019570000003,-22144.511693554883,-26657.453314103986,600.0
catena.bch,coconutbenchmark-library2,lsmear-box,xtaylor,timeout,100614,600.0041530000002,-22144.511693554883,-26657.859422988422,600.0
catena.bch,coconutbenchmark-library2,smearsumrel,xtaylor,timeout,96326,600.0024150000003,-22046.928420902655,-26680.42071252884,600.0
catena.bch,coconutbenchmark-library2,smearsum,xtaylor,timeout,64056,600.0240120000002,-6015.41738847034,-24298.635487108237,600.0
catena.bch,coconutbenchmark-library2,smearmax,xtaylor,timeout,65106,600.0190910000003,-6015.41738847034,-24092.5689757406,600.0
catena.bch,coconutbenchmark-library2,smearmaxrel,xtaylor,timeout,140164,600.0034990000001,-16038.41499399362,-26977.50013488753,600.0
catena.bch,coconutbenchmark-library2,largestfirst,xtaylor,timeout,255822,600.0048250000002,-10785.878220658635,-26977.50013488753,600.0
catena.bch,coconutbenchmark-library2,roundrobin,xtaylor,timeout,84582,600.0084060000002,-18269.637779747136,-26084.686676952177,600.0
chakra-1.bch,unsolved,lsmear,xtaylor,timeout,15920,600.0264040000002,inf,-209.4205162852973,600.0
chakra-1.bch,unsolved,lsmear-box,xtaylor,timeout,23370,600.0466610000003,-169.647976202835,-203.94193836839466,600.0
chakra-1.bch,unsolved,smearsumrel,xtaylor,timeout,35780,600.0072250000003,-176.37420572395285,-209.75831770717943,600.0
chakra-1.bch,unsolved,smearsum,xtaylor,timeout,27328,600.0161470000002,-176.2596764743209,-211.38022295113575,600.0
chakra-1.bch,unsolved,smearmax,xtaylor,timeout,19978,600.0531790000002,inf,-211.72929248853916,600.0
chakra-1.bch,unsolved,smearmaxrel,xtaylor,timeout,47786,600.0096280000001,-174.56168455675845,-226.9357296724984,600.0
chakra-1.bch,unsolved,largestfirst,xtaylor,timeout,54642,600.0091960000002,-178.89048761587833,-223.9457420118083,600.0
chakra-1.bch,unsolved,roundrobin,xtaylor,timeout,38718,600.0082930000002,-172.87033664736506,-209.23572227280138,600.0
chakra.bch,unsolved,lsmear,xtaylor,timeout,14810,600.0391630000001,inf,-211.01454226449437,600.0
chakra.bch,unsolved,lsmear-box,xtaylor,timeout,26308,600.0294640000003,-171.30127888922235,-207.79499008346818,600.0
chakra.bch,unsolved,smearsumrel,xtaylor,timeout,36624,600.0188970000002,-177.14158522807716,-211.0286205108765,600.0
chakra.bch,unsolved,smearsum,xtaylor,timeout,26472,600.0267830000003,-175.67497177969798,-213.41647283810542,600.0
chakra.bch,unsolved,smearmax,xtaylor,timeout,19018,600.0373450000003,inf,-213.56273188375258,600.0
chakra.bch,unsolved,smearmaxrel,xtaylor,timeout,35014,600.0174090000002,-173.81620927560826,-231.5004706656992,600.0
chakra.bch,unsolved,largestfirst,xtaylor,timeout,54044,600.0148320000002,-178.54649034080728,-228.37328413581108,600.0
chakra.bch,unsolved,roundrobin,xtaylor,timeout,36072,600.0054620000002,-171.84758839923654,-209.2052661139165,600.0
chem-1.bch,hard,lsmear,xtaylor,timeout,274666,600.0006970000001,-47.701595011432346,-59.89638815083937,600.0
chem-1.bch,hard,lsmear-box,xtaylor,timeout,291220,600.0035370000002,-47.656297091811695,-58.645416918842464,600.0
chem-1.bch,hard,smearsumrel,xtaylor,timeout,308398,600.0045630000002,-47.40701178894103,-59.95015738114112,600.0
chem-1.bch,hard,smearsum,xtaylor,timeout,290148,600.0013500000002,-47.6615081901365,-58.82477417176678,600.0
chem-1.bch,hard,smearmax,xtaylor,timeout,288118,600.0049960000001,-47.66713138385293,-58.00475914474688,600.0
chem-1.bch,hard,smearmaxrel,xtaylor,timeout,339480,600.0001760000002,-47.54854441651851,-75.99683397745659,600.0
chem-1.bch,hard,largestfirst,xtaylor,timeout,417624,600.0021410000002,-47.55713489599229,-194.34396170077758,600.0
chem-1.bch,hard,roundrobin,xtaylor,timeout,333630,600.0011990000002,-47.685875816926064,-61.10608852250382,600.0
chem.bch,hard,lsmear,xtaylor,timeout,277476,600.0003040000001,-47.701595011432346,-59.794384993616994,600.0
chem.bch,hard,lsmear-box,xtaylor,timeout,290760,600.0028520000002,-47.656297091811695,-58.66641651264897,600.0
chem.bch,hard,smearsumrel,xtaylor,timeout,310182,600.0045530000001,-47.40701178894103,-59.92032784593682,600.0
chem.bch,hard,smearsum,xtaylor,timeout,292066,600.0011290000001,-47.6615081901365,-58.75894091265154,600.0
chem.bch,hard,smearmax,xtaylor,timeout,291152,600.0061920000002,-47.66713138385293,-57.87435349944386,600.0
chem.bch,hard,smearmaxrel,xtaylor,timeout,340998,600.0010460000002,-47.54854441651851,-75.99683397745659,600.0
chem.bch,hard,largestfirst,xtaylor,timeout,427182,600.0026050000002,-47.55713489599229,-194.34396170077758,600.0
chem.bch,hard,roundrobin,xtaylor,timeout,331688,600.0024390000001,-47.685875816926064,-61.14033327878106,600.0
chembis.bch,hard,lsmear,xtaylor,timeout,298492,600.0035650000001,-47.69611040980357,-48.79261337475054,600.0
chembis.bch,hard,lsmear-box,xtaylor,timeout,314692,600.0043530000002,-47.698673866765446,-49.04658290964827,600.0
chembis.bch,hard,smearsumrel,xtaylor,timeout,309616,600.0041760000001,-47.6646048003066,-57.475104784968586,600.0
chembis.bch,hard,smearsum,xtaylor,timeout,309718,600.0054830000001,-47.70063116854594,-49.84981657158163,600.0
chembis.bch,hard,smearmax,xtaylor,timeout,312526,600.0015260000001,-47.70501865779562,-49.67863687709256,600.0
chembis.bch,hard,smearmaxrel,xtaylor,timeout,300594,600.0031510000002,-47.68181350796609,-58.845137287956724,600.0
chembis.bch,hard,largestfirst,xtaylor,timeout,418250,600.0021100000002,-47.57228381910181,-176.92965974444985,600.0
chembis.bch,hard,roundrobin,xtaylor,timeout,332286,600.0001900000002,-47.64774387820274,-58.00213195097112,600.0
chenery-1.bch,unsolved,lsmear,xtaylor,timeout,32464,600.0127100000002,inf,-1265.3932597594796,600.0
chenery-1.bch,unsolved,lsmear-box,xtaylor,timeout,83050,600.0003070000001,-1241.5940962940651,-1245.8424149889324,600.0
chenery-1.bch,unsolved,smearsumrel,xtaylor,timeout,34544,600.0540470000002,-1100.6949237553927,-1555.8985761587353,600.0
chenery-1.bch,unsolved,smearsum,xtaylor,complete,10204,283.7475880000001,-1244.8101711011561,-1246.0562273284843,600.0
chenery-1.bch,unsolved,smearmax,xtaylor,complete,14964,373.1851350000001,-1244.2026931591327,-1245.4481413004328,600.0
chenery-1.bch,unsolved,smearmaxrel,xtaylor,timeout,25338,600.0058170000002,inf,-1428.5064770375984,600.0
chenery-1.bch,unsolved,largestfirst,xtaylor,timeout,53244,600.0197490000002,-543.1483570455292,-2092.830613618587,600.0
chenery-1.bch,unsolved,roundrobin,xtaylor,timeout,21746,600.0214400000002,-1234.0513718834034,-1432.013815983326,600.0
chenery.bch,unsolved,lsmear,xtaylor,timeout,127886,600.0019520000003,inf,-1143.451218842606,600.0
chenery.bch,unsolved,lsmear-box,xtaylor,timeout,123026,600.0021890000003,inf,-1132.664639395432,600.0
chenery.bch,unsolved,smearsumrel,xtaylor,timeout,25950,600.0146140000003,inf,-1267.626679490069,600.0
chenery.bch,unsolved,smearsum,xtaylor,complete,12252,123.27030900000003,-1057.923235347409,-1058.9822175649738,600.0
chenery.bch,unsolved,smearmax,xtaylor,complete,13362,150.38196900000005,-1058.0994194627751,-1059.1585780408157,600.0
chenery.bch,unsolved,smearmaxrel,xtaylor,timeout,27548,600.0496410000002,inf,-1125.3681881968919,600.0
chenery.bch,unsolved,largestfirst,xtaylor,timeout,61170,600.0153060000001,inf,-1434.9307408640384,600.0
chenery.bch,unsolved,roundrobin,xtaylor,timeout,23272,600.0061330000003,-1025.892918880186,-1146.68374581253,600.0
concon.bch,coconutbenchmark-library2,lsmear,xtaylor,timeout,3495008,600.0000270000003,inf,-42003638.92000001,600.0
concon.bch,coconutbenchmark-library2,lsmear-box,xtaylor,timeout,3496742,600.0000590000002,inf,-42003638.92,600.0
concon.bch,coconutbenchmark-library2,smearsumrel,xtaylor,timeout,4185698,600.0002810000002,inf,-42003638.92000001,600.0
concon.bch,coconutbenchmark-library2,smearsum,xtaylor,timeout,3973462,600.0002550000003,inf,-42003638.91999981,600.0
concon.bch,coconutbenchmark-library2,smearmax,xtaylor,timeout,3935148,600.0000740000003,inf,-42003638.91999996,600.0
concon.bch,coconutbenchmark-library2,smearmaxrel,xtaylor,timeout,5341136,600.0000330000003,inf,-42003638.92000001,600.0
concon.bch,coconutbenchmark-library2,largestfirst,xtaylor,timeout,5442056,600.0027090000002,inf,-42003638.91933666,600.0
concon.bch,coconutbenchmark-library2,roundrobin,xtaylor,error:IbexError,0,0.0,inf,-inf,600.0
cresc4.bch,coconutbenchmark-library2,lsmear,xtaylor,timeout,441830,600.0014640000002,5187761.2900390625,-1.483632916401483e+17,600.0
cresc4.bch,coconutbenchmark-library2,lsmear-box,xtaylor,timeout,445314,600.0303770000002,5187761.2900390625,-1.483632916401483e+17,600.0
cresc4.bch,coconutbenchmark-library2,smearsumrel,xtaylor,timeout,452950,600.0016820000002,5187761.2900390625,-1.483632916401483e+17,600.0
cresc4.bch,coconutbenchmark-library2,smearsum,xtaylor,timeout,456140,600.0045860000001,5188637.375,-1.483632916401483e+17,600.0
cresc4.bch,coconutbenchmark-library2,smearmax,xtaylor,timeout,463556,600.0017390000003,5191029.44921875,-1.483632916401483e+17,600.0
cresc4.bch,coconutbenchmark-library2,smearmaxrel,xtaylor,timeout,436048,600.0024110000002,5189938.59375,-1.483632916401483e+17,600.0
cresc4.bch,coconutbenchmark-library2,largestfirst,xtaylor,timeout,505592,600.0021830000002,175924.11328125,-1.4836331768193613e+17,600.0
cresc4.bch,coconutbenchmark-library2,roundrobin,xtaylor,timeout,419590,600.0015190000001,43238.06918334961,-1.5462539639663233e+26,600.0
dipigri.bch,coconutbenchmark-library2,largestfirst,xtaylor,error:IbexError,0,0.0,inf,-inf,600.0
disc2.bch,coconutbenchmark-library2,smearmax,xtaylor,timeout,128044,600.0049460000004,1.563736239152797,1.5618865084977116,600.0
disc2.bch,coconutbenchmark-library2,largestfirst,xtaylor,timeout,22894,600.0503480000002,inf,1.554494569301605,600.0
disc2.bch,coconutbenchmark-library2,roundrobin,xtaylor,complete,2120,34.09325200000001,1.5639016844977187,1.5623393451525664,600.0
discs.bch,coconutbenchmark-library2,lsmear,xtaylor,timeout,36738,600.0362270000003,inf,-1108333333.3333335,600.0
discs.bch,coconutbenchmark-library2,lsmear-box,xtaylor,timeout,36750,600.0159150000003,inf,-1108333333.3333335,600.0
discs.bch,coconutbenchmark-library2,smearsumrel,xtaylor,timeout,38710,600.0167740000002,inf,-1108333333.3333335,600.0
discs.bch,coconutbenchmark-library2,smearsum,xtaylor,timeout,32532,600.0451870000004,inf,-1180000000,600.0
discs.bch,coconutbenchmark-library2,smearmax,xtaylor,timeout,35278,600.0344260000003,inf,-1180000000,600.0
discs.bch,coconutbenchmark-library2,smearmaxrel,xtaylor,timeout,43414,600.0083980000002,inf,-1121000000,600.0
discs.bch,coconutbenchmark-library2,largestfirst,xtaylor,timeout,74378,600.0063630000002,inf,-1180000000,600.0
discs.bch,coconutbenchmark-library2,roundrobin,xtaylor,timeout,53816,600.0176480000002,inf,-1180000000,600.0
dixchlng.bch,coconutbenchmark-library2,smearmaxrel,xtaylor,timeout,317182,600.0015830000002,0.0001887414515054837,-388.2620226283047,600.0
dixchlng.bch,coconutbenchmark-library2,largestfirst,xtaylor,timeout,418852,600.0036420000002,29.85905531386664,-2475.1564977555736,600.0
dnieper.bch,coconutbenchmark-library2,lsmear,xtaylor,timeout,45314,600.0516010000002,inf,18737.06853687862,600.0
dnieper.bch,coconutbenchmark-library2,lsmear-box,xtaylor,timeout,29458,600.0545440000001,inf,18737.06853687862,600.0
dnieper.bch,coconutbenchmark-library2,smearsumrel,xtaylor,timeout,93260,600.0062090000002,18745.93386944381,18705.48548366624,600.0
dnieper.bch,coconutbenchmark-library2,smearsum,xtaylor,timeout,40108,600.0939080000002,inf,18733.16555505867,600.0
dnieper.bch,coconutbenchmark-library2,smearmax,xtaylor,timeout,48782,600.0079440000002,inf,18730.699777438513,600.0
dnieper.bch,coconutbenchmark-library2,smearmaxrel,xtaylor,timeout,20310,600.0185210000002,inf,18606.968603647023,600.0
dnieper.bch,coconutbenchmark-library2,largestfirst,xtaylor,timeout,26060,600.0360910000003,19163.41892863913,13973.273255487708,600.0
dnieper.bch,coconutbenchmark-library2,roundrobin,xtaylor,timeout,21240,600.0136190000003,24058.47439070488,16133.418673726792,600.0
dualc1.bch,others,lsmear,xtaylor,complete,994,10.526349000000003,6155.922420633618,6149.772647985633,600.0
dualc1.bch,others,lsmear-box,xtaylor,complete,994,10.485919000000003,6155.922420633618,6149.772647985633,600.0
dualc1.bch,others,smearsumrel,xtaylor,complete,646,9.941795000000003,6155.993747205096,6149.843903301795,600.0
dualc1.bch,others,smearsum,xtaylor,complete,742,12.090696000000005,6156.160083961359,6150.010073887473,600.0
dualc1.bch,others,smearmax,xtaylor,complete,668,11.358519000000005,6156.353758736399,6150.203555181219,600.0
dualc1.bch,others,smearmaxrel,xtaylor,complete,730,11.802051000000006,6155.86348369752,6149.713769927593,600.0
dualc1.bch,others,largestfirst,xtaylor,timeout,156330,600.0035290000002,6155.401223285173,-2848.7888486906386,600.0
dualc1.bch,others,roundrobin,xtaylor,complete,1548,10.347437000000003,6156.267273703516,6150.11715654697,600.0
dualc1__coconut.bch,coconutbenchmark-library2,largestfirst,xtaylor,timeout,302456,600.0047090000002,6155.251627421718,-2743.534522987302,600.0
dualc2.bch,coconutbenchmark-library2,largestfirst,xtaylor,timeout,324662,600.0032170000002,4386.425524495208,-23245.325194353223,600.0
dualc5.bch,coconutbenchmark-library2,lsmear,xtaylor,complete,54958,92.08994600000004,427.2699476827894,426.84310457821124,600.0
dualc5.bch,coconutbenchmark-library2,lsmear-box,xtaylor,complete,54958,91.37386900000003,427.2699476827894,426.84310457821124,600.0
dualc5.bch,coconutbenchmark-library2,smearsumrel,xtaylor,complete,35282,66.44015700000003,427.2809880855194,426.8541339515679,600.0
dualc5.bch,coconutbenchmark-library2,smearsum,xtaylor,complete,43214,75.21494700000001,427.3093318303542,426.8824493809733,600.0
dualc5.bch,coconutbenchmark-library2,smearmax,xtaylor,complete,44812,76.76344000000003,427.28459200784283,426.8577342735693,600.0
dualc5.bch,coconutbenchmark-library2,smearmaxrel,xtaylor,complete,35854,65.31122300000003,427.29097619186484,426.8641120797851,600.0
dualc5.bch,coconutbenchmark-library2,largestfirst,xtaylor,timeout,533256,600.0026280000002,441.57572265728743,-26942.462333751686,600.0
dualc5.bch,coconutbenchmark-library2,roundrobin,xtaylor,complete,42130,74.98430600000002,427.2620912175693,426.83525596160774,600.0
dualc8.bch,coconutbenchmark-library2,lsmear,xtaylor,complete,185508,351.20652300000006,18309.362433905902,18291.071362543364,600.0
dualc8.bch,coconutbenchmark-library2,lsmear-box,xtaylor,complete,183708,346.42970400000013,18309.36201830575,18291.070947358396,600.0
dualc8.bch,coconutbenchmark-library2,smearsumrel,xtaylor,complete,118458,273.3413540000001,18309.40220775745,18291.111096660792,600.0
dualc8.bch,coconutbenchmark-library2,smearsum,xtaylor,complete,117592,260.46277600000013,18309.410216867105,18291.11909776934,600.0
dualc8.bch,coconutbenchmark-library2,smearmax,xtaylor,complete,118636,261.9633910000001,18309.456358210708,18291.165193017692,600.0
dualc8.bch,coconutbenchmark-library2,smearmaxrel,xtaylor,complete,110056,256.43668,18309.363337021077,18291.072264756323,600.0
dualc8.bch,coconutbenchmark-library2,largestfirst,xtaylor,timeout,459474,600.0007410000002,18399.772883168534,-493972.14829615084,600.0
dualc8.bch,coconutbenchmark-library2,roundrobin,xtaylor,complete,184236,375.5306960000001,18309.362228215632,18291.071157058577,600.0
eigencco.bch,coconutbenchmark-library2,lsmear,xtaylor,timeout,33686,600.0050130000001,3.000378278075838,0,600.0
eigencco.bch,coconutbenchmark-library2,lsmear-box,xtaylor,timeout,30920,600.0516450000002,2.957580961456985,0,600.0
eigencco.bch,coconutbenchmark-library2,smearsumrel,xtaylor,timeout,69264,600.0574970000004,3.075137582149791,0,600.0
eigencco.bch,coconutbenchmark-library2,smearsum,xtaylor,timeout,73674,600.0130380000002,inf,0,600.0
eigencco.bch,coconutbenchmark-library2,smearmax,xtaylor,timeout,63584,600.0021410000002,21547965798357036,0,600.0
eigencco.bch,coconutbenchmark-library2,smearmaxrel,xtaylor,timeout,78274,600.0008610000002,14.144719877786047,0,600.0
eigencco.bch,coconutbenchmark-library2,largestfirst,xtaylor,timeout,105600,600.0080810000003,inf,0,600.0
eigencco.bch,coconutbenchmark-library2,roundrobin,xtaylor,timeout,36548,600.0155100000002,3.107127030323279,0,600.0
eigmaxc.bch,coconutbenchmark-library2,largestfirst,xtaylor,timeout,70188,600.0097860000002,inf,-10.747556514804064,600.0
ex14_1_6.bch,others,largestfirst,xtaylor,complete,46346,46.65980900000002,7.445074835777864e-08,-7.420208378263231e-15,600.0
ex14_1_7.bch,medium,lsmear,xtaylor,complete,15934,79.06000800000002,6.035152459596752e-08,-7.626937023327128e-10,600.0
ex14_1_7.bch,medium,lsmear-box,xtaylor,complete,15934,78.84405600000002,6.035152459596752e-08,-7.626937023327128e-10,600.0
ex14_1_7.bch,medium,smearsumrel,xtaylor,complete,15934,75.87824700000003,6.035152459596752e-08,-7.626937023327128e-10,600.0
ex14_1_7.bch,medium,smearsum,xtaylor,complete,26542,120.55803000000004,4.246714014298492e-09,-9.575328598570149e-08,600.0
ex14_1_7.bch,medium,smearmax,xtaylor,complete,30936,158.10052300000004,1.5759836826195425e-09,-6.810208493565908e-12,600.0
ex14_1_7.bch,medium,smearmaxrel,xtaylor,complete,27570,132.83612400000004,2.846944369139237e-08,-7.153055630860761e-08,600.0
ex14_1_7.bch,medium,largestfirst,xtaylor,timeout,298190,600.0023140000003,7.04274948504964,-7.116934008424231,600.0
ex14_1_7.bch,medium,roundrobin,xtaylor,complete,25480,134.51334000000006,1.0128786698260228e-09,-9.898712133017396e-08,600.0
ex14_2_3.bch,medium,largestfirst,xtaylor,timeout,196474,600.0029350000003,0.011499462255973147,0,600.0
ex14_2_6.bch,easy,largestfirst,xtaylor,timeout,328218,600.0021020000003,0.08671536126300383,0,600.0
ex14_2_7.bch,medium,lsmear,xtaylor,complete,11934,42.62324800000001,1.245265474070223e-09,0,600.0
ex14_2_7.bch,medium,lsmear-box,xtaylor,complete,11934,42.34001700000002,1.245265474070223e-09,0,600.0
ex14_2_7.bch,medium,smearsumrel,xtaylor,complete,11934,41.09541900000002,1.245265474070223e-09,0,600.0
ex14_2_7.bch,medium,smearsum,xtaylor,complete,10992,39.35847600000002,1.9261077177645802e-09,0,600.0
ex14_2_7.bch,medium,smearmax,xtaylor,complete,14958,52.892170000000014,6.48943867282304e-08,0,600.0
ex14_2_7.bch,medium,smearmaxrel,xtaylor,complete,17176,58.856980000000014,6.937734045565046e-08,0,600.0
ex14_2_7.bch,medium,largestfirst,xtaylor,timeout,244504,600.0035790000003,0.22587497469390883,0,600.0
ex14_2_7.bch,medium,roundrobin,xtaylor,complete,18456,45.85546800000001,8.918079608122298e-09,0,600.0
ex2_1_1.bch,easy,largestfirst,xtaylor,timeout,1117922,600.0001340000001,-16.99816756412512,-117.86851702238388,600.0
ex2_1_10.bch,easy,largestfirst,xtaylor,timeout,150428,600.0144140000002,49318.01796006842,-562279.3360664682,600.0
ex2_1_3.bch,easy,largestfirst,xtaylor,timeout,396336,600.0022150000001,-14.695323037787634,-22.207018682645963,600.0
ex2_1_6.bch,easy,largestfirst,xtaylor,timeout,457334,600.0015410000001,-30.499999998666624,-224.15666485463308,600.0
ex2_1_7.bch,blowup,lsmear,xtaylor,complete,2460,12.270939000000004,-4150.410133654569,-4154.564698352921,600.0
ex2_1_7.bch,blowup,lsmear-box,xtaylor,complete,2460,12.280979000000004,-4150.410133654569,-4154.564698352921,600.0
ex2_1_7.bch,blowup,largestfirst,xtaylor,timeout,172046,600.0040340000003,-3229.6439450992652,-19917.291971827508,600.0
ex2_1_7__coconut.bch,coconutbenchmark-library2,lsmear,xtaylor,complete,2460,12.448446000000002,-4150.410133654569,-4154.564698352921,600.0
ex2_1_7__coconut.bch,coconutbenchmark-library2,lsmear-box,xtaylor,complete,2460,12.409626000000005,-4150.410133654569,-4154.564698352921,600.0
ex2_1_7__coconut.bch,coconutbenchmark-library2,largestfirst,xtaylor,timeout,171260,600.0028310000001,-3229.6439450992652,-19917.291971827508,600.0
ex2_1_8.bch,medium,lsmear,xtaylor,complete,1850,12.841309000000003,15638.999981676014,15623.376605070944,600.0
ex2_1_8.bch,medium,lsmear-box,xtaylor,complete,1850,12.696472000000004,15638.999981676014,15623.376605070944,600.0
ex2_1_8.bch,medium,largestfirst,xtaylor,timeout,164010,600.0023000000001,15990.999982358013,-14775.001827150465,600.0
ex2_1_8.bch,medium,roundrobin,xtaylor,complete,2592,23.003743000000007,15638.999984275015,15623.376607667347,600.0
ex2_1_8__coconut.bch,coconutbenchmark-library2,lsmear,xtaylor,complete,1614,10.922727000000004,15638.99998167602,15623.37660507095,600.0
ex2_1_8__coconut.bch,coconutbenchmark-library2,lsmear-box,xtaylor,complete,1614,10.764292000000005,15638.99998167602,15623.37660507095,600.0
ex2_1_8__coconut.bch,coconutbenchmark-library2,largestfirst,xtaylor,timeout,162808,600.0022990000002,15990.999982358015,-14666.941965150096,600.0
ex2_1_8__coconut.bch,coconutbenchmark-library2,roundrobin,xtaylor,complete,2566,22.247941000000008,15638.999984275035,15623.37660766737,600.0
ex2_1_9.bch,medium,largestfirst,xtaylor,timeout,585342,600.0001240000001,-0.32238062147522056,-2.1628884721979778,600.0
ex2_1_9bis.bch,blowup,lsmear,xtaylor,complete,74966,114.23177800000003,-0.37499999925,-0.37537537462462456,600.0
ex2_1_9bis.bch,blowup,lsmear-box,xtaylor,complete,74750,115.39297700000004,-0.37499999925,-0.37537537462462456,600.0
ex2_1_9bis.bch,blowup,smearsumrel,xtaylor,complete,57674,90.57589800000002,-0.37499999925,-0.37537537462462456,600.0
ex2_1_9bis.bch,blowup,smearsum,xtaylor,complete,58822,90.68216700000002,-0.37499999925,-0.37537537462462456,600.0
ex2_1_9bis.bch,blowup,smearmax,xtaylor,complete,64440,98.00709100000002,-0.37499999925,-0.37537537462462456,600.0
ex2_1_9bis.bch,blowup,smearmaxrel,xtaylor,complete,60048,91.22297300000004,-0.37499999925,-0.37537537462462456,600.0
ex2_1_9bis.bch,blowup,largestfirst,xtaylor,timeout,592838,600.0007260000001,-0.33333203642350023,-6.640625,600.0
ex2_1_9bis.bch,blowup,roundrobin,xtaylor,complete,68976,100.63896700000004,-0.37499999925,-0.37537537462462456,600.0
ex2_1_9fact.bch,medium,largestfirst,xtaylor,timeout,591324,600.0014470000001,-0.3224390121854567,-2.1673924174278736,600.0
ex3_1_1.bch,easy,largestfirst,xtaylor,timeout,197124,600.0024600000003,7054.309284818177,3878.7838529293163,600.0
ex5_2_2_case1.bch,easy,largestfirst,xtaylor,complete,82466,274.3186670000001,-399.94524103185086,-400.34558661846927,600.0
ex5_2_2_case2.bch,easy,largestfirst,xtaylor,timeout,373472,600.0022320000002,-449.5693080868598,-2683.498764338088,600.0
ex5_2_4.bch,easy,largestfirst,xtaylor,timeout,333518,600.0018510000002,-448.35846098721584,-1059.7727735665912,600.0
ex5_2_5.bch,unsolved,lsmear,xtaylor,timeout,69950,600.0114260000003,-3214.1976079487654,-12472.499949375,600.0
ex5_2_5.bch,unsolved,lsmear-box,xtaylor,timeout,70396,600.0039390000002,-3212.5001092599973,-12472.499949375,600.0
ex5_2_5.bch,unsolved,smearsumrel,xtaylor,timeout,49394,600.0185730000002,-3377.6455441574867,-15358.638348583974,600.0
ex5_2_5.bch,unsolved,smearsum,xtaylor,timeout,60034,600.0085940000002,-3250.0000872356627,-11875.738695352873,600.0
ex5_2_5.bch,unsolved,smearmax,xtaylor,timeout,64940,600.0150130000002,-3157.1429577410227,-10976.13646307646,600.0
ex5_2_5.bch,unsolved,smearmaxrel,xtaylor,timeout,56566,600.0002560000001,-3187.500071808998,-22646.478138456005,600.0
ex5_2_5.bch,unsolved,largestfirst,xtaylor,timeout,93172,600.0039580000002,-3414.107451931109,-30855.00000000001,600.0
ex5_2_5.bch,unsolved,roundrobin,xtaylor,timeout,65158,600.0117330000003,-3243.139263719793,-15166.666666666673,600.0
ex5_3_2.bch,medium,largestfirst,xtaylor,timeout,113324,600.0104110000002,inf,1.6305484040426275,600.0
ex5_3_3.bch,unsolved,lsmear,xtaylor,timeout,17642,600.0383160000002,inf,2.6838105519957813,600.0
ex5_3_3.bch,unsolved,lsmear-box,xtaylor,timeout,17624,600.0287940000002,inf,2.6869566275057366,600.0
ex5_3_3.bch,unsolved,smearsumrel,xtaylor,timeout,17860,600.0328360000002,inf,2.680926443741168,600.0
ex5_3_3.bch,unsolved,smearsum,xtaylor,timeout,17974,600.0051620000003,inf,2.3885755969541886,600.0
ex5_3_3.bch,unsolved,smearmax,xtaylor,timeout,14284,600.0907730000002,inf,2.0440603155424126,600.0
ex5_3_3.bch,unsolved,smearmaxrel,xtaylor,timeout,16094,600.0255070000002,inf,1.631317999999999,600.0
ex5_3_3.bch,unsolved,largestfirst,xtaylor,timeout,18156,600.1414380000003,inf,1.631317999999999,600.0
ex5_3_3.bch,unsolved,roundrobin,xtaylor,timeout,15460,600.0469000000003,inf,1.6687108248187816,600.0
ex5_4_3.bch,easy,largestfirst,xtaylor,complete,8906,39.75612400000002,4845.462004142194,4840.621382759436,600.0
ex5_4_4.bch,hard,lsmear,xtaylor,complete,6774,103.08534600000003,10078.393168128276,10068.324843284992,600.0
ex5_4_4.bch,hard,lsmear-box,xtaylor,complete,6984,106.49463600000003,10081.525730388714,10071.454276112603,600.0
ex5_4_4.bch,hard,smearsumrel,xtaylor,complete,7820,120.85155500000003,10084.102496401774,10074.028467933842,600.0
ex5_4_4.bch,hard,smearsum,xtaylor,complete,5780,85.84654300000003,10079.958669210342,10069.888780429914,600.0
ex5_4_4.bch,hard,smearmax,xtaylor,complete,8418,118.95111800000001,10078.061613749362,10067.993620129235,600.0
ex5_4_4.bch,hard,smearmaxrel,xtaylor,timeout,72052,600.0121570000002,inf,5903.682179233077,600.0
ex5_4_4.bch,hard,largestfirst,xtaylor,timeout,79082,600.0194900000002,11647.298220682344,4030.613418638041,600.0
ex5_4_4.bch,hard,roundrobin,xtaylor,complete,27402,360.7080620000001,10080.099475581133,10070.029446135,600.0
ex6_1_1.bch,blowup,lsmear,xtaylor,complete,6524,19.99336200000001,-0.02019771716213542,-0.02021793509723265,600.0
ex6_1_1.bch,blowup,lsmear-box,xtaylor,complete,6526,19.22149200000001,-0.020196417362626617,-0.020216633996623237,600.0
ex6_1_1.bch,blowup,smearsumrel,xtaylor,complete,6150,17.927544000000005,-0.020198196690930717,-0.02021841510603675,600.0
ex6_1_1.bch,blowup,smearsum,xtaylor,complete,5712,18.304191000000003,-0.02019794040072856,-0.020218158559287845,600.0
ex6_1_1.bch,blowup,smearmax,xtaylor,complete,5902,18.355884000000003,-0.02019822383122813,-0.020218442273501627,600.0
ex6_1_1.bch,blowup,smearmaxrel,xtaylor,complete,20820,50.52009000000002,-0.02019829601329176,-0.020218514527819576,600.0
ex6_1_1.bch,blowup,largestfirst,xtaylor,timeout,317796,600.0103850000002,-0.01757756817496535,-3.253535104205321,600.0
ex6_1_1.bch,blowup,roundrobin,xtaylor,complete,8464,22.665503000000008,-0.020197348964683632,-0.020217566531214842,600.0
ex6_1_3.bch,hard,lsmear,xtaylor,complete,14898,73.24870400000002,-0.3522629957334053,-0.35261561134475,600.0
ex6_1_3.bch,hard,lsmear-box,xtaylor,complete,14842,73.85044400000002,-0.3524209391268777,-0.35277371283971737,600.0
ex6_1_3.bch,hard,smearsumrel,xtaylor,complete,10472,56.64680700000001,-0.35236204401370863,-0.35271475877248104,600.0
ex6_1_3.bch,hard,smearsum,xtaylor,complete,11548,62.08075800000001,-0.35247787725120183,-0.35283070795916094,600.0
ex6_1_3.bch,hard,smearmax,xtaylor,complete,12538,65.00672600000003,-0.3524418228459982,-0.3527946174634616,600.0
ex6_1_3.bch,hard,smearmaxrel,xtaylor,timeout,137222,600.0022620000003,-0.33101803898031434,-3.0097206981665856,600.0
ex6_1_3.bch,hard,largestfirst,xtaylor,timeout,302576,600.0013130000001,-0.3241934192241846,-9.633873647603268,600.0
ex6_1_3.bch,hard,roundrobin,xtaylor,complete,24862,122.47408500000002,-0.3523980204500491,-0.3527507712212703,600.0
ex6_1_3bis.bch,medium,lsmear,xtaylor,complete,11214,13.660072000000005,-0.35188409102076795,-0.352236327348116,600.0
ex6_1_3bis.bch,medium,lsmear-box,xtaylor,complete,11152,13.178769000000003,-0.3518768401691895,-0.3522290692384279,600.0
ex6_1_3bis.bch,medium,smearsumrel,xtaylor,complete,10994,12.523106000000004,-0.3518874612614541,-0.35223970096241647,600.0
ex6_1_3bis.bch,medium,smearsum,xtaylor,complete,10642,12.061632000000005,-0.35188592463796226,-0.352238162800763,600.0
ex6_1_3bis.bch,medium,smearmax,xtaylor,complete,11182,12.598363000000004,-0.35188435070246954,-0.35223658728975926,600.0
ex6_1_3bis.bch,medium,smearmaxrel,xtaylor,timeout,824282,600.0002710000002,-0.3507945479775052,-7.928784227720665,600.0
ex6_1_3bis.bch,medium,largestfirst,xtaylor,timeout,861276,600.0008470000001,-0.30283102438873544,-11.876644637046251,600.0
ex6_1_3bis.bch,medium,roundrobin,xtaylor,complete,13188,11.759681000000006,-0.3518865152354657,-0.3522387539894551,600.0
ex6_2_10.bch,hard,lsmear,xtaylor,complete,330660,495.3166180000001,-3.0519761681719437,-3.0550311993713146,600.0
ex6_2_10.bch,hard,lsmear-box,xtaylor,complete,338346,496.2634090000001,-3.0519761681719437,-3.0550311993713146,600.0
ex6_2_10.bch,hard,smearsumrel,xtaylor,complete,299616,439.60565400000013,-3.0519761681719437,-3.0550311993713146,600.0
ex6_2_10.bch,hard,smearsum,xtaylor,complete,315942,449.8673970000001,-3.0519761681719437,-3.0550311993713146,600.0
ex6_2_10.bch,hard,smearmax,xtaylor,complete,320916,453.58976600000017,-3.0519761681719437,-3.0550311993713146,600.0
ex6_2_10.bch,hard,smearmaxrel,xtaylor,timeout,469516,600.0006870000002,-3.0510509251657942,-56.56045402557208,600.0
ex6_2_10.bch,hard,largestfirst,xtaylor,timeout,421910,600.0000100000001,-3.047181501304203,-280.01424028083323,600.0
ex6_2_10.bch,hard,roundrobin,xtaylor,timeout,579914,600.0008140000002,-3.0516752671940357,-4.6600026686300025,600.0
ex6_2_11.bch,medium,lsmear,xtaylor,complete,25768,23.841687000000007,-2.6722572248616405e-06,-2.77225722486164e-06,600.0
ex6_2_11.bch,medium,lsmear-box,xtaylor,complete,25978,23.341436000000005,-2.672316450638701e-06,-2.7723164506387004e-06,600.0
ex6_2_11.bch,medium,smearsumrel,xtaylor,complete,25912,22.250986000000008,-2.6722798361078492e-06,-2.7722798361078487e-06,600.0
ex6_2_11.bch,medium,smearsum,xtaylor,complete,24778,21.93319600000001,-2.6723388876076504e-06,-2.77233888760765e-06,600.0
ex6_2_11.bch,medium,smearmax,xtaylor,complete,26002,22.290777000000006,-2.6720741981012264e-06,-2.772074198101226e-06,600.0
ex6_2_11.bch,medium,smearmaxrel,xtaylor,complete,25362,21.884521000000007,-2.672390375282885e-06,-2.7723903752828843e-06,600.0
ex6_2_11.bch,medium,largestfirst,xtaylor,timeout,755898,600.0010750000002,0.0019284553391433978,-217.15636289947196,600.0
ex6_2_11.bch,medium,roundrobin,xtaylor,complete,66228,44.013508000000016,-2.6723942754686147e-06,-2.772394275468614e-06,600.0
ex6_2_12.bch,medium,smearmaxrel,xtaylor,timeout,775824,600.0014880000001,0.2892110342291309,0.13050984976422564,600.0
ex6_2_12.bch,medium,largestfirst,xtaylor,timeout,821352,600.0001460000001,0.289839105877402,-46.16729064164164,600.0
ex6_2_12.bch,medium,roundrobin,xtaylor,complete,26510,16.061130000000006,0.28919730109241715,0.28890839269971746,600.0
ex6_2_13.bch,blowup,lsmear,xtaylor,timeout,406200,600.0007090000001,-0.2162094723117548,-0.22909667078354762,600.0
ex6_2_13.bch,blowup,lsmear-box,xtaylor,timeout,423358,600.0013620000002,-0.2162094723117548,-0.22858506887246854,600.0
ex6_2_13.bch,blowup,smearsumrel,xtaylor,timeout,378606,600.0017920000001,-0.2162094723117549,-0.23020199677705275,600.0
ex6_2_13.bch,blowup,smearsum,xtaylor,timeout,382658,600.0045430000002,-0.2162094723117549,-0.23106115049652656,600.0
ex6_2_13.bch,blowup,smearmax,xtaylor,timeout,392898,600.0014300000001,-0.2162094723117548,-0.23113225522321487,600.0
ex6_2_13.bch,blowup,smearmaxrel,xtaylor,timeout,663904,600.0004400000003,-0.21620947473368457,-24.65712267709585,600.0
ex6_2_13.bch,blowup,largestfirst,xtaylor,timeout,583884,600.0018180000002,-0.21620939195447592,-82.33092970421552,600.0
ex6_2_13.bch,blowup,roundrobin,xtaylor,timeout,683530,600.0016380000002,-0.21620947231175403,-0.39944450755816346,600.0
ex6_2_14.bch,medium,smearmaxrel,xtaylor,timeout,709768,600.0009240000002,-0.6953572171432614,-1.9759221426534763,600.0
ex6_2_14.bch,medium,largestfirst,xtaylor,timeout,792274,600.0000310000003,-0.6952752016799261,-29.98837294063371,600.0
ex6_2_5.bch,unsolved,lsmear,xtaylor,timeout,274788,600.0003510000001,-70.60066044062842,-9303.77074651206,600.0
ex6_2_5.bch,unsolved,lsmear-box,xtaylor,timeout,274202,600.0024430000002,-70.59934500022518,-9780.454608065387,600.0
ex6_2_5.bch,unsolved,smearsumrel,xtaylor,timeout,271874,600.0041590000001,-70.60803181937308,-12380.286594996567,600.0
ex6_2_5.bch,unsolved,smearsum,xtaylor,timeout,289746,600.0043440000003,-70.60081896928216,-9291.794718744324,600.0
ex6_2_5.bch,unsolved,smearmax,xtaylor,timeout,294032,600.0019880000003,-70.60066044062853,-9305.77323532318,600.0
ex6_2_5.bch,unsolved,smearmaxrel,xtaylor,timeout,328688,600.0013400000003,-70.53586929267999,-22064.441463301144,600.0
ex6_2_5.bch,unsolved,largestfirst,xtaylor,timeout,420846,600.0016250000003,-69.26603786629326,-59560.57254481701,600.0
ex6_2_5.bch,unsolved,roundrobin,xtaylor,timeout,350650,600.0028960000002,-70.59476966572912,-11139.71040252392,600.0
ex6_2_6.bch,medium,lsmear,xtaylor,complete,60150,58.21070900000002,-2.6025036299892612e-06,-2.7025036299892607e-06,600.0
ex6_2_6.bch,medium,lsmear-box,xtaylor,complete,59812,57.07349700000002,-2.60252192901822e-06,-2.7025219290182195e-06,600.0
ex6_2_6.bch,medium,smearsumrel,xtaylor,complete,79328,77.76223500000003,-2.6025258512696325e-06,-2.702525851269632e-06,600.0
ex6_2_6.bch,medium,smearsum,xtaylor,complete,54726,50.24029500000001,-2.6025270816187884e-06,-2.702527081618788e-06,600.0
ex6_2_6.bch,medium,smearmax,xtaylor,complete,56732,51.640712000000015,-2.6025169995169684e-06,-2.702516999516968e-06,600.0
ex6_2_6.bch,medium,smearmaxrel,xtaylor,complete,55848,50.52158900000001,-2.6025145435926156e-06,-2.702514543592615e-06,600.0
ex6_2_6.bch,medium,largestfirst,xtaylor,timeout,675748,600.0018260000002,0.00597134463105331,-298.23194321202806,600.0
ex6_2_6.bch,medium,roundrobin,xtaylor,complete,318538,266.75350600000013,-2.602526599893018e-06,-2.7025265998930175e-06,600.0
ex6_2_7.bch,unsolved,lsmear,xtaylor,timeout,228966,600.0048300000002,-0.1566838364822365,-83.65687394269023,600.0
ex6_2_7.bch,unsolved,lsmear-box,xtaylor,timeout,236572,600.0023410000001,-0.1566838364822365,-87.60253293164878,600.0
ex6_2_7.bch,unsolved,smearsumrel,xtaylor,timeout,237604,600.0031370000002,-0.15621580497751753,-132.44416701560172,600.0
ex6_2_7.bch,unsolved,smearsum,xtaylor,timeout,241196,600.0002050000003,-0.15765084582736488,-81.86924882159222,600.0
ex6_2_7.bch,unsolved,smearmax,xtaylor,timeout,243590,600.0018970000002,-0.15765084582736488,-81.63411933156384,600.0
ex6_2_7.bch,unsolved,smearmaxrel,xtaylor,timeout,246720,600.0051980000003,-0.12719709499251142,-739.3839629940459,600.0
ex6_2_7.bch,unsolved,largestfirst,xtaylor,timeout,349502,600.0017840000002,-0.14475724959023584,-872.8008509119745,600.0
ex6_2_7.bch,unsolved,roundrobin,xtaylor,timeout,293992,600.0000160000002,-0.1537069184478974,-83.48699418785911,600.0
ex6_2_8.bch,medium,lsmear,xtaylor,complete,31760,28.214173000000006,-0.027006299786159094,-0.027033333119278368,600.0
ex6_2_8.bch,medium,lsmear-box,xtaylor,complete,31732,27.746513000000007,-0.02700634884519504,-0.027033382227422457,600.0
ex6_2_8.bch,medium,smearsumrel,xtaylor,complete,28932,26.561282000000006,-0.027006348367208055,-0.02703338174895701,600.0
ex6_2_8.bch,medium,smearsum,xtaylor,complete,25668,23.481101000000006,-0.027006345330836456,-0.027033378709546,600.0
ex6_2_8.bch,medium,smearmax,xtaylor,complete,28382,24.771704000000007,-0.02700634830126436,-0.027033381682947305,600.0
ex6_2_8.bch,medium,smearmaxrel,xtaylor,complete,25682,23.858693000000006,-0.027006347059894242,-0.027033380440334574,600.0
ex6_2_8.bch,medium,largestfirst,xtaylor,timeout,717504,600.0002010000003,0.0010186965991768604,-323.9679752500905,600.0
ex6_2_8.bch,medium,roundrobin,xtaylor,complete,106570,76.25742200000003,-0.02700627586640003,-0.027033309175575605,600.0
ex6_2_9.bch,medium,lsmear,xtaylor,complete,21580,23.04203800000001,-0.034066167390601976,-0.03410026765826023,600.0
ex6_2_9.bch,medium,lsmear-box,xtaylor,complete,21656,23.049029000000008,-0.034066166917192886,-0.03410026718437725,600.0
ex6_2_9.bch,medium,smearsumrel,xtaylor,complete,20666,21.151517000000005,-0.034066166917192886,-0.03410026718437725,600.0
ex6_2_9.bch,medium,smearsum,xtaylor,complete,19178,20.635444000000003,-0.03406609311465725,-0.0341001933079652,600.0
ex6_2_9.bch,medium,smearmax,xtaylor,complete,20774,21.397347000000007,-0.03406609296818086,-0.0341001931613422,600.0
ex6_2_9.bch,medium,smearmaxrel,xtaylor,timeout,781730,600.0013100000001,-0.03396985866028013,-2.1145031908592538,600.0
ex6_2_9.bch,medium,largestfirst,xtaylor,timeout,689596,600.0007660000001,-0.03398434217065627,-150.4603844315442,600.0
ex6_2_9.bch,medium,roundrobin,xtaylor,complete,63382,51.32288600000002,-0.034066038656447084,-0.03410013879524232,600.0
ex7_2_3.bch,easy,lsmear,xtaylor,timeout,1045172,600.0005400000001,7267.802536560379,4851.261553969978,600.0
ex7_2_3.bch,easy,lsmear-box,xtaylor,timeout,1107786,600.0018500000001,7054.743459031301,6905.585644285073,600.0
ex7_2_3.bch,easy,smearsum,xtaylor,complete,13236,12.034811000000005,7052.958229752723,7045.912317435289,600.0
ex7_2_3.bch,easy,smearmax,xtaylor,complete,13022,12.383991000000002,7052.589191475489,7045.543647827662,600.0
ex7_2_3.bch,easy,smearmaxrel,xtaylor,timeout,1185694,600.0005980000002,20988.522134477185,2113.635792500207,600.0
ex7_2_3.bch,easy,largestfirst,xtaylor,timeout,701492,600.0005850000001,9607.293012629158,2100.000000000007,600.0
ex7_2_3bis.bch,easy,largestfirst,xtaylor,timeout,337278,600.0022600000002,7084.324034371699,2481.8482673925146,600.0
ex7_2_4.bch,medium,smearmaxrel,xtaylor,complete,85306,138.54340200000004,3.918988539456775,3.9150734659907847,600.0
ex7_2_4.bch,medium,largestfirst,xtaylor,timeout,389034,600.0017280000002,3.9180815553219386,3.6191547705039144,600.0
ex7_2_8.bch,medium,smearmaxrel,xtaylor,complete,47042,84.22499100000003,-6.080871419726973,-6.086958378105078,600.0
ex7_2_8.bch,medium,largestfirst,xtaylor,timeout,493524,600.0006320000001,-6.078467177048526,-6.251483645072745,600.0
ex7_2_9.bch,medium,lsmear,xtaylor,complete,7264,12.287552000000003,1.144156004448725,1.143012991457268,600.0
ex7_2_9.bch,medium,lsmear-box,xtaylor,complete,9134,13.603622000000003,1.1441434986991192,1.1430004982009185,600.0
ex7_2_9.bch,medium,smearsumrel,xtaylor,complete,55850,164.50615400000007,1.143908000219452,1.1427652349844677,600.0
ex7_2_9.bch,medium,smearmaxrel,xtaylor,timeout,303584,600.0006350000002,1.1438839812462835,1.125208792955993,600.0
ex7_2_9.bch,medium,largestfirst,xtaylor,timeout,707324,600.0017680000002,1.5414153983787084,0.22442647529506338,600.0
ex7_3_4.bch,medium,smearsum,xtaylor,complete,2636,10.779030000000006,6.276845196882988,6.270574622260728,600.0
ex7_3_4.bch,medium,smearmax,xtaylor,complete,3710,14.743043000000004,6.279124319240811,6.272851467773039,600.0
ex7_3_4.bch,medium,largestfirst,xtaylor,timeout,139670,600.0014860000001,497.9055298452785,5.3290705182007514e-14,600.0
ex7_3_4bis.bch,medium,smearmaxrel,xtaylor,timeout,667620,600.0009350000003,6.273630368815968,5.219092414652002,600.0
ex7_3_4bis.bch,medium,largestfirst,xtaylor,timeout,549228,600.0010140000003,640.0563743961426,8.348877145181177e-14,600.0
ex7_3_4bis.bch,medium,roundrobin,xtaylor,complete,12136,12.746635000000005,6.273593700529425,6.26732637415527,600.0
ex7_3_5.bch,blowup,smearmaxrel,xtaylor,complete,6150,16.980255000000007,1.2068525101584398,1.2067053222656252,600.0
ex7_3_5.bch,blowup,largestfirst,xtaylor,timeout,236570,600.0016730000002,inf,0.5765381451534445,600.0
ex7_3_5bis.bch,medium,largestfirst,xtaylor,timeout,1447750,600.0004620000001,inf,2.263515045895254e-12,600.0
ex7_3_5bis.bch,medium,roundrobin,xtaylor,complete,330944,200.19768300000004,1.2068963883100443,1.2056906976124322,600.0
ex8_1_7.bch,easy,largestfirst,xtaylor,timeout,517198,600.0021600000001,0.02931228948652132,0.02884478071167148,600.0
ex8_2_4.bch,unsolved,lsmear,xtaylor,timeout,96802,600.0002590000003,-623402800.2437178,-1401792044.0975864,600.0
ex8_2_4.bch,unsolved,lsmear-box,xtaylor,timeout,95960,600.0086600000002,-623402800.2437178,-1401792044.0975864,600.0
ex8_2_4.bch,unsolved,smearsumrel,xtaylor,timeout,96850,600.0099180000002,-623402800.2437178,-1401792044.0975864,600.0
ex8_2_4.bch,unsolved,smearsum,xtaylor,timeout,95494,600.0103420000003,-623402800.2437178,-1401792044.0975864,600.0
ex8_2_4.bch,unsolved,smearmax,xtaylor,timeout,94632,600.0051270000002,-623402800.2437178,-1401792044.0975864,600.0
ex8_2_4.bch,unsolved,smearmaxrel,xtaylor,timeout,96038,600.0028610000003,-623402800.2437178,-1401792044.0975864,600.0
ex8_2_4.bch,unsolved,largestfirst,xtaylor,timeout,96780,600.0111960000002,-623402800.2437178,-1401792044.0975864,600.0
ex8_4_1.bch,unsolved,lsmear,xtaylor,timeout,98254,600.0076030000002,0.6610404136588932,0.14065359790570411,600.0
ex8_4_1.bch,unsolved,lsmear-box,xtaylor,timeout,96576,600.0105390000001,0.6651023311246318,0.13631915410852127,600.0
ex8_4_1.bch,unsolved,smearsumrel,xtaylor,timeout,123294,600.0120450000002,0.6274310953331793,0.2561351159043709,600.0
ex8_4_1.bch,unsolved,smearsum,xtaylor,timeout,135772,600.0132880000002,0.627307794753134,0.23278527607135938,600.0
ex8_4_1.bch,unsolved,smearmax,xtaylor,timeout,87800,600.0101390000002,0.6650028540864578,0.14648676561719562,600.0
ex8_4_1.bch,unsolved,smearmaxrel,xtaylor,timeout,85346,600.0185050000002,0.647133693700944,0.1548206433173165,600.0
ex8_4_1.bch,unsolved,largestfirst,xtaylor,timeout,240068,600.0057360000002,0.6686076504940318,0,600.0
ex8_4_1.bch,unsolved,roundrobin,xtaylor,timeout,84288,600.0166440000003,0.6647214000518168,0.1873550057871048,600.0
ex8_4_1bis.bch,unsolved,lsmear,xtaylor,timeout,359442,600.0025330000002,0.6423835381414629,0.3116301291084618,600.0
ex8_4_1bis.bch,unsolved,lsmear-box,xtaylor,timeout,367904,600.0011540000002,0.6391616931890564,0.310975159619526,600.0
ex8_4_1bis.bch,unsolved,smearsumrel,xtaylor,timeout,388986,600.0005730000001,0.6322460987714627,0.3305930225560765,600.0
ex8_4_1bis.bch,unsolved,smearsum,xtaylor,timeout,387200,600.002546,0.6363819880613529,0.3046343106771767,600.0
ex8_4_1bis.bch,unsolved,smearmax,xtaylor,timeout,386430,600.0020690000001,0.6349342523389297,0.27844581732168017,600.0
ex8_4_1bis.bch,unsolved,smearmaxrel,xtaylor,timeout,390538,600.0052360000002,0.6421018768837035,0.28123656187396967,600.0
ex8_4_1bis.bch,unsolved,largestfirst,xtaylor,timeout,452850,600.0001140000002,0.7143007829202354,0,600.0
ex8_4_1bis.bch,unsolved,roundrobin,xtaylor,timeout,456040,600.0006720000002,0.6306682531716289,0.35587954261681787,600.0
ex8_4_2.bch,unsolved,lsmear,xtaylor,timeout,68550,600.0120970000002,0.8975518168712866,0,600.0
ex8_4_2.bch,unsolved,lsmear-box,xtaylor,timeout,68182,600.0101010000003,0.846560961822763,0,600.0
ex8_4_2.bch,unsolved,smearsumrel,xtaylor,timeout,77660,600.0051760000002,0.5271337565584225,4.2047020191270645e-05,600.0
ex8_4_2.bch,unsolved,smearsum,xtaylor,timeout,76694,600.0113810000003,0.49640195660784575,0,600.0
ex8_4_2.bch,unsolved,smearmax,xtaylor,timeout,70800,600.0050410000002,0.7981318061621397,0,600.0
ex8_4_2.bch,unsolved,smearmaxrel,xtaylor,timeout,82674,600.0139730000001,0.5861301141598045,4.930380657631324e-32,600.0
ex8_4_2.bch,unsolved,largestfirst,xtaylor,error:IbexError,0,0.0,inf,-inf,600.0
ex8_4_2.bch,unsolved,roundrobin,xtaylor,timeout,74846,600.0085270000003,1.3705848698445318,0,600.0
ex8_4_2bis.bch,unsolved,lsmear,xtaylor,timeout,238642,600.0020280000002,0.536298619941567,0,600.0
ex8_4_2bis.bch,unsolved,lsmear-box,xtaylor,timeout,301464,600.0037350000002,0.5228819179222851,0,600.0
ex8_4_2bis.bch,unsolved,smearsumrel,xtaylor,timeout,297318,600.0014420000002,0.5309167796393516,0,600.0
ex8_4_2bis.bch,unsolved,smearsum,xtaylor,timeout,277446,600.0020240000001,0.5258706469717351,0,600.0
ex8_4_2bis.bch,unsolved,smearmax,xtaylor,timeout,275208,600.0032150000002,0.5242989112746136,0,600.0
ex8_4_2bis.bch,unsolved,smearmaxrel,xtaylor,timeout,277200,600.0041440000002,0.5237257331951072,0,600.0
ex8_4_2bis.bch,unsolved,largestfirst,xtaylor,error:IbexError,0,0.0,inf,-inf,600.0
ex8_4_2bis.bch,unsolved,roundrobin,xtaylor,timeout,234792,600.0011970000003,0.5567368729111233,0,600.0
ex8_4_3.bch,unsolved,lsmear,xtaylor,timeout,28080,600.0267360000003,0.005826957578862592,0,600.0
ex8_4_3.bch,unsolved,lsmear-box,xtaylor,timeout,27434,600.0392590000002,0.006122655270224134,0,600.0
ex8_4_3.bch,unsolved,smearsumrel,xtaylor,timeout,42310,600.0015320000002,0.0046678876419040715,0.00348322343639615,600.0
ex8_4_3.bch,unsolved,smearsum,xtaylor,timeout,40328,600.0300880000003,0.004660128036654261,0.0033514213084885275,600.0
ex8_4_3.bch,unsolved,smearmax,xtaylor,timeout,26792,600.0340570000002,0.006097705031365329,0.00020370491197548523,600.0
ex8_4_3.bch,unsolved,smearmaxrel,xtaylor,timeout,26410,600.0296690000002,0.005070427589928987,0.001517730973498053,600.0
ex8_4_3.bch,unsolved,largestfirst,xtaylor,timeout,36640,600.0168280000001,0.8123174157218986,4.930380657631324e-32,600.0
ex8_4_3.bch,unsolved,roundrobin,xtaylor,timeout,20838,600.0298700000003,0.005893587091559466,1.0014835710813626e-31,600.0
ex8_4_4-1.bch,blowup,lsmear,xtaylor,complete,12254,111.74788600000004,0.2125016620016651,0.21228937262903608,600.0
ex8_4_4-1.bch,blowup,lsmear-box,xtaylor,complete,11858,108.00392300000003,0.21251531643409893,0.21230301342067828,600.0
ex8_4_4-1.bch,blowup,smearsumrel,xtaylor,complete,28184,216.93383100000005,0.21247568815046883,0.2122634247257431,600.0
ex8_4_4-1.bch,blowup,smearsum,xtaylor,complete,21934,180.29472900000007,0.21247855779230462,0.21226629150080384,600.0
ex8_4_4-1.bch,blowup,smearmax,xtaylor,complete,20976,199.95957800000008,0.21251502194407437,0.21230271922484956,600.0
ex8_4_4-1.bch,blowup,smearmaxrel,xtaylor,complete,29112,305.4908600000001,0.2124997561856836,0.21228746871696666,600.0
ex8_4_4-1.bch,blowup,largestfirst,xtaylor,timeout,160190,600.0005170000002,0.21484013819698863,0.0011717647215222248,600.0
ex8_4_4-1.bch,blowup,roundrobin,xtaylor,complete,18986,204.74752100000006,0.21248188831395107,0.21226961869525585,600.0
ex8_4_4-2.bch,blowup,lsmear,xtaylor,complete,12254,111.43818700000006,0.2125016620016651,0.21228937262903608,600.0
ex8_4_4-2.bch,blowup,lsmear-box,xtaylor,complete,11858,105.94876000000004,0.21251531643409893,0.21230301342067828,600.0
ex8_4_4-2.bch,blowup,smearsumrel,xtaylor,complete,28184,215.01674700000007,0.21247568815046883,0.2122634247257431,600.0
ex8_4_4-2.bch,blowup,smearsum,xtaylor,complete,21934,180.0594590000001,0.21247855779230462,0.21226629150080384,600.0
ex8_4_4-2.bch,blowup,smearmax,xtaylor,complete,20976,200.31689100000006,0.21251502194407437,0.21230271922484956,600.0
ex8_4_4-2.bch,blowup,smearmaxrel,xtaylor,complete,29112,305.4261570000001,0.2124997561856836,0.21228746871696666,600.0
ex8_4_4-2.bch,blowup,largestfirst,xtaylor,timeout,159284,600.0015350000002,0.21484013819698863,0.0011717647215206985,600.0
ex8_4_4-2.bch,blowup,roundrobin,xtaylor,complete,18986,206.2696200000001,0.21248188831395107,0.21226961869525585,600.0
ex8_4_4.bch,blowup,lsmear,xtaylor,complete,11100,102.26994900000005,0.21246661388829097,0.21225435952876223,600.0
ex8_4_4.bch,blowup,lsmear-box,xtaylor,complete,11050,103.32736700000002,0.21250600702753455,0.21229371331422037,600.0
ex8_4_4.bch,blowup,smearsumrel,xtaylor,complete,29130,221.81772200000003,0.2124750987705646,0.21226283593463,600.0
ex8_4_4.bch,blowup,smearsum,xtaylor,complete,21904,178.23937000000006,0.2124799460976895,0.21226767841927024,600.0
ex8_4_4.bch,blowup,smearmax,xtaylor,complete,18860,183.44468800000004,0.2124764016567086,0.21226413751918946,600.0
ex8_4_4.bch,blowup,smearmaxrel,xtaylor,complete,28580,300.1757180000001,0.2124844529936658,0.21227218081285298,600.0
ex8_4_4.bch,blowup,largestfirst,xtaylor,timeout,147444,600.0010400000002,0.3358297261045315,2.942451176474374e-28,600.0
ex8_4_4.bch,blowup,roundrobin,xtaylor,complete,36288,370.68449100000015,0.21248090981127243,0.21226864117010236,600.0
ex8_4_4bis.bch,medium,lsmear,xtaylor,complete,79388,82.35066700000003,0.21247203220232216,0.2122597724298923,600.0
ex8_4_4bis.bch,medium,lsmear-box,xtaylor,complete,79388,83.71806300000003,0.21247203220232216,0.2122597724298923,600.0
ex8_4_4bis.bch,medium,smearsumrel,xtaylor,complete,79388,77.38587500000001,0.21247203220232216,0.2122597724298923,600.0
ex8_4_4bis.bch,medium,smearsum,xtaylor,complete,78400,77.64222400000003,0.21246474839778434,0.2122524959018825,600.0
ex8_4_4bis.bch,medium,smearmax,xtaylor,complete,80172,78.83786000000002,0.212477189416335,0.2122649244918432,600.0
ex8_4_4bis.bch,medium,smearmaxrel,xtaylor,complete,77048,76.30224300000003,0.212466262164804,0.21225400815664738,600.0
ex8_4_4bis.bch,medium,largestfirst,xtaylor,timeout,1074682,600.0007970000001,0.21265466013937245,0.08685980357743345,600.0
ex8_4_4bis.bch,medium,roundrobin,xtaylor,complete,107302,89.20616200000003,0.2124689679823641,0.21225671127109302,600.0
ex8_4_5-1.bch,others,lsmear,xtaylor,timeout,291240,600.0031500000001,0.0005109496672790668,0,600.0
ex8_4_5-1.bch,others,lsmear-box,xtaylor,timeout,272588,600.0022330000002,0.0006465505689436351,0,600.0
ex8_4_5-1.bch,others,smearsumrel,xtaylor,timeout,314574,600.0040760000002,0.0006487952716621066,0,600.0
ex8_4_5-1.bch,others,smearsum,xtaylor,timeout,269586,600.0020480000002,0.00048663431204307677,0,600.0
ex8_4_5-1.bch,others,smearmax,xtaylor,timeout,242754,600.0032010000002,0.0003226752606121818,0,600.0
ex8_4_5-1.bch,others,smearmaxrel,xtaylor,timeout,254924,600.0012570000001,0.00048560878597496936,0,600.0
ex8_4_5-1.bch,others,largestfirst,xtaylor,timeout,283166,600.0042350000002,0.0004297004392272732,0,600.0
ex8_4_5-1.bch,others,roundrobin,xtaylor,timeout,77112,600.0246010000003,0.0003079974630809811,0.0002762373257779526,600.0
ex8_4_5.bch,blowup,lsmear,xtaylor,timeout,530288,600.0022230000002,0.0006387288868371637,0,600.0
ex8_4_5.bch,blowup,lsmear-box,xtaylor,timeout,528856,600.0028730000002,0.0006387288868371637,0,600.0
ex8_4_5.bch,blowup,smearsumrel,xtaylor,timeout,527036,600.0008980000002,0.0006387288868371637,0,600.0
ex8_4_5.bch,blowup,smearsum,xtaylor,timeout,532024,600.0002710000002,0.0006387288868371637,0,600.0
ex8_4_5.bch,blowup,smearmax,xtaylor,timeout,532670,600.0014020000002,0.0006387288868371637,0,600.0
ex8_4_5.bch,blowup,smearmaxrel,xtaylor,timeout,530548,600.0016260000002,0.0006387288868371637,0,600.0
ex8_4_5.bch,blowup,largestfirst,xtaylor,timeout,540240,600.0006280000002,0.0006387288868371637,0,600.0
ex8_4_5.bch,blowup,roundrobin,xtaylor,timeout,85996,600.0208120000001,0.0003083040188948399,0.00021354544678982474,600.0
ex8_4_5bis.bch,others,lsmear,xtaylor,timeout,922160,600.0001040000003,0.0003112215471144193,0,600.0
ex8_4_5bis.bch,others,lsmear-box,xtaylor,timeout,926826,600.0000730000003,0.0003112215471144193,0,600.0
ex8_4_5bis.bch,others,smearsumrel,xtaylor,timeout,978194,600.0008710000004,0.0003112215471144193,0,600.0
ex8_4_5bis.bch,others,smearsum,xtaylor,timeout,985686,600.0016260000001,0.0003112215471144193,0,600.0
ex8_4_5bis.bch,others,smearmax,xtaylor,timeout,972554,600.0008810000003,0.0003112215471144193,0,600.0
ex8_4_5bis.bch,others,smearmaxrel,xtaylor,timeout,984378,600.0005630000002,0.0003112215471144193,0,600.0
ex8_4_5bis.bch,others,largestfirst,xtaylor,timeout,1003378,600.0005520000003,0.00032081162702876615,0,600.0
ex8_4_5bis.bch,others,roundrobin,xtaylor,complete,173142,101.57037000000003,0.0003074917296723926,0.00030718454512726544,600.0
ex8_4_6.bch,blowup,lsmear,xtaylor,timeout,163100,600.0096840000002,1.2217212760256815,0,600.0
ex8_4_6.bch,blowup,lsmear-box,xtaylor,timeout,162814,600.0036800000003,1.2217212760256815,0,600.0
ex8_4_6.bch,blowup,smearsumrel,xtaylor,timeout,170818,600.0034290000003,1.2217212760256815,0,600.0
ex8_4_6.bch,blowup,smearsum,xtaylor,timeout,165734,600.0062740000002,1.2217212760256815,0,600.0
ex8_4_6.bch,blowup,smearmax,xtaylor,timeout,180968,600.0010180000002,1.2217212760256815,0,600.0
ex8_4_6.bch,blowup,smearmaxrel,xtaylor,timeout,179178,600.0028380000002,1.2217212760256815,0,600.0
ex8_4_6.bch,blowup,largestfirst,xtaylor,timeout,351468,600.0018830000004,1.2217212760256815,0,600.0
ex8_4_6.bch,blowup,roundrobin,xtaylor,timeout,210168,600.0026130000001,0.002470868297594319,0,600.0
ex8_4_6bis.bch,blowup,lsmear,xtaylor,error:IbexError,0,0.0,inf,-inf,600.0
ex8_4_6bis.bch,blowup,lsmear-box,xtaylor,error:IbexError,0,0.0,inf,-inf,600.0
ex8_4_6bis.bch,blowup,smearsumrel,xtaylor,timeout,414620,600.0006140000002,1.2452884954750558,0,600.0
ex8_4_6bis.bch,blowup,smearsum,xtaylor,timeout,433150,600.0001840000003,1.4365124216566285,0,600.0
ex8_4_6bis.bch,blowup,smearmax,xtaylor,error:IbexError,0,0.0,inf,-inf,600.0
ex8_4_6bis.bch,blowup,smearmaxrel,xtaylor,error:IbexError,0,0.0,inf,-inf,600.0
ex8_4_6bis.bch,blowup,largestfirst,xtaylor,error:IbexError,0,0.0,inf,-inf,600.0
ex8_4_6bis.bch,blowup,roundrobin,xtaylor,timeout,187908,600.0028000000003,0.0016237064134210387,0.0008613165253820645,600.0
ex8_4_6ter.bch,blowup,lsmear,xtaylor,timeout,54270,600.0164740000002,0.001180376401632209,0.00034430479509744955,600.0
ex8_4_6ter.bch,blowup,lsmear-box,xtaylor,timeout,54630,600.0014100000002,0.0011533894853532026,0.0003284018342924855,600.0
ex8_4_6ter.bch,blowup,smearsumrel,xtaylor,timeout,71644,600.0026120000002,0.0011076410082067733,0.0006208666099602393,600.0
ex8_4_6ter.bch,blowup,smearsum,xtaylor,timeout,59840,600.0187220000003,0.0011181591806663604,0.0003238535731523617,600.0
ex8_4_6ter.bch,blowup,smearmax,xtaylor,timeout,59190,600.0214160000004,0.0011184700786633843,0.00028504752122494447,600.0
ex8_4_6ter.bch,blowup,smearmaxrel,xtaylor,timeout,63330,600.0321160000002,0.0011086042649896008,0.0006851021411975856,600.0
ex8_4_6ter.bch,blowup,largestfirst,xtaylor,timeout,294976,600.0003980000004,3.0229784760123795,0,600.0
ex8_4_6ter.bch,blowup,roundrobin,xtaylor,timeout,224426,600.0017020000001,0.0016601425149273174,1.3741446694154403e-06,600.0
ex8_4_8.bch,unsolved,lsmear,xtaylor,timeout,24654,600.0119530000003,13.435043879197963,1.2109148685952057e-22,600.0
ex8_4_8.bch,unsolved,lsmear-box,xtaylor,timeout,25826,600.0175850000002,inf,6.507590024029316e-23,600.0
ex8_4_8.bch,unsolved,smearsumrel,xtaylor,timeout,29518,600.0089020000003,4.8063833118626516,0.4017530207098673,600.0
ex8_4_8.bch,unsolved,smearsum,xtaylor,timeout,24380,600.0252600000003,6.227756401530575,5.976384974405418e-23,600.0
ex8_4_8.bch,unsolved,smearmax,xtaylor,timeout,23248,600.0371560000003,inf,3.308722450212111e-24,600.0
ex8_4_8.bch,unsolved,smearmaxrel,xtaylor,timeout,42208,600.0325220000003,inf,0,600.0
ex8_4_8.bch,unsolved,largestfirst,xtaylor,timeout,49034,600.0018900000003,inf,1.2621774483536189e-27,600.0
ex8_4_8.bch,unsolved,roundrobin,xtaylor,timeout,24506,600.0940500000002,8.153158523376023,0,600.0
ex8_5_1-1.bch,blowup,lsmear,xtaylor,timeout,4050078,600.0000670000003,0.006430075826046433,-inf,600.0
ex8_5_1-1.bch,blowup,lsmear-box,xtaylor,timeout,6041052,600.0005130000002,0.04208073881152559,-inf,600.0
ex8_5_1-1.bch,blowup,smearsumrel,xtaylor,timeout,6626050,600.0001660000003,0.04201134404459396,-inf,600.0
ex8_5_1-1.bch,blowup,smearsum,xtaylor,timeout,3340592,600.0001140000002,0.006430207151059242,-inf,600.0
ex8_5_1-1.bch,blowup,smearmax,xtaylor,timeout,5206982,600.0001640000002,0.006430077833799092,-inf,600.0
ex8_5_1-1.bch,blowup,smearmaxrel,xtaylor,timeout,2751686,600.0002330000002,0.006430110507434528,-inf,600.0
ex8_5_1-1.bch,blowup,largestfirst,xtaylor,timeout,3925242,600.0001100000002,0.006430076920013322,-inf,600.0
ex8_5_1-1.bch,blowup,roundrobin,xtaylor,complete,15510,29.288280000000004,-4.693626909912929e-07,-5.693626909912928e-07,600.0
ex8_5_1.bch,medium,lsmear,xtaylor,timeout,6069672,600.0001320000003,0.007532980838498626,-inf,600.0
ex8_5_1.bch,medium,lsmear-box,xtaylor,timeout,4866380,600.0001240000004,0.006793108352188021,-inf,600.0
ex8_5_1.bch,medium,smearsumrel,xtaylor,timeout,2918790,600.0011530000003,0.006430071823772726,-inf,600.0
ex8_5_1.bch,medium,smearsum,xtaylor,timeout,2470544,600.0019100000003,0.0508989619142924,-inf,600.0
ex8_5_1.bch,medium,smearmax,xtaylor,timeout,1838948,600.0001660000003,0.007562248195808752,-inf,600.0
ex8_5_1.bch,medium,smearmaxrel,xtaylor,timeout,3547592,600.0016810000003,0.00643027582635472,-inf,600.0
ex8_5_1.bch,medium,largestfirst,xtaylor,timeout,3380348,600.0002130000001,0.006430076325182166,-inf,600.0
ex8_5_1.bch,medium,roundrobin,xtaylor,complete,13722,26.261894000000005,-4.7425731150574357e-07,-5.742573115057435e-07,600.0
ex8_5_1bis.bch,hard,smearmaxrel,xtaylor,timeout,483000,600.0028260000001,0.05265597671923618,-19.84760245349569,600.0
ex8_5_1bis.bch,hard,largestfirst,xtaylor,timeout,241664,600.0024900000002,0.6451933136234835,-35.37052876243802,600.0
ex8_5_1bis.bch,hard,roundrobin,xtaylor,complete,10228,24.75087900000001,-5.036684951054138e-07,-6.036684951054137e-07,600.0
ex8_5_2.bch,medium,lsmear,xtaylor,timeout,5950622,600.0001360000002,0.07729769376801068,-inf,600.0
ex8_5_2.bch,medium,lsmear-box,xtaylor,timeout,1471354,600.0001670000003,0.004548519762975656,-inf,600.0
ex8_5_2.bch,medium,smearsumrel,xtaylor,timeout,5692024,600.0001250000003,0.008241548852514102,-inf,600.0
ex8_5_2.bch,medium,smearsum,xtaylor,timeout,1844324,600.0025750000001,0.003177455639035487,-inf,600.0
ex8_5_2.bch,medium,smearmax,xtaylor,timeout,4896020,600.0042820000003,0.0039040427915053577,-inf,600.0
ex8_5_2.bch,medium,smearmaxrel,xtaylor,timeout,3873682,600.0011290000002,0.0038760606053558355,-inf,600.0
ex8_5_2.bch,medium,largestfirst,xtaylor,timeout,2909364,600.0000340000001,0.16274009343195792,-inf,600.0
ex8_5_2.bch,medium,roundrobin,xtaylor,complete,49222,89.52418000000003,-2.3660461173635738e-07,-3.3660461173635733e-07,600.0
ex8_5_2_1.bch,medium,lsmear,xtaylor,timeout,5826872,600.0001410000002,0.052310976100477774,-inf,600.0
ex8_5_2_1.bch,medium,lsmear-box,xtaylor,timeout,2644486,600.0000120000003,0.16186410044332222,-inf,600.0
ex8_5_2_1.bch,medium,smearsumrel,xtaylor,timeout,2094334,600.0003280000002,0.15999589668937672,-inf,600.0
ex8_5_2_1.bch,medium,smearsum,xtaylor,timeout,2810420,600.0007560000003,0.16187194739524982,-inf,600.0
ex8_5_2_1.bch,medium,smearmax,xtaylor,timeout,5438156,600.0000240000003,0.0044372274459392735,-inf,600.0
ex8_5_2_1.bch,medium,smearmaxrel,xtaylor,timeout,5791158,600.0001750000002,0.01597527786306452,-inf,600.0
ex8_5_2_1.bch,medium,largestfirst,xtaylor,timeout,5824768,600.0000210000002,0.005391513610367216,-inf,600.0
ex8_5_2_1.bch,medium,roundrobin,xtaylor,complete,50416,94.20819900000004,-2.402488544772652e-07,-3.402488544772651e-07,600.0
ex8_5_6.bch,medium,lsmear,xtaylor,timeout,2456048,600.0000420000002,inf,-inf,600.0
ex8_5_6.bch,medium,lsmear-box,xtaylor,timeout,2413994,600.0002190000001,inf,-inf,600.0
ex8_5_6.bch,medium,smearsumrel,xtaylor,timeout,2694396,600.0000310000003,inf,-inf,600.0
ex8_5_6.bch,medium,smearsum,xtaylor,timeout,3160906,600.0009310000003,inf,-inf,600.0
ex8_5_6.bch,medium,smearmax,xtaylor,timeout,3131942,600.0002850000002,inf,-inf,600.0
ex8_5_6.bch,medium,smearmaxrel,xtaylor,timeout,2578682,600.0017500000002,inf,-inf,600.0
ex8_5_6.bch,medium,largestfirst,xtaylor,timeout,2133208,600.0013500000003,inf,-inf,600.0
ex8_5_6.bch,medium,roundrobin,xtaylor,complete,4402,10.106492000000003,-0.0011672409583081134,-0.001168409367675789,600.0
fccu.bch,coconutbenchmark-library2,lsmear,xtaylor,timeout,6472988,600.0000790000001,inf,1.4580673883381005e-24,600.0
fccu.bch,coconutbenchmark-library2,lsmear-box,xtaylor,timeout,6480924,600.0000810000001,inf,1.4773155944254932e-24,600.0
fccu.bch,coconutbenchmark-library2,smearsumrel,xtaylor,timeout,6524704,600.0001460000002,inf,1.4773155944254932e-24,600.0
fccu.bch,coconutbenchmark-library2,smearsum,xtaylor,timeout,6497672,600.0000500000002,inf,1.4773155944254932e-24,600.0
fccu.bch,coconutbenchmark-library2,smearmax,xtaylor,timeout,6484718,600.0000310000001,inf,1.4580673883381005e-24,600.0
fccu.bch,coconutbenchmark-library2,smearmaxrel,xtaylor,timeout,6523836,600.0000850000002,inf,1.4773155944254932e-24,600.0
fccu.bch,coconutbenchmark-library2,largestfirst,xtaylor,timeout,5758494,600.0005310000001,inf,1.0996089930056728e-24,600.0
fccu.bch,coconutbenchmark-library2,roundrobin,xtaylor,timeout,121774,600.0085530000002,11.354207872916685,7.144137723267395,600.0
genhs28.bch,coconutbenchmark-library2,largestfirst,xtaylor,timeout,260136,600.0037750000001,0.9271937053954054,0.8839736677464601,600.0
haifas.bch,coconutbenchmark-library2,smearmaxrel,xtaylor,complete,25696,31.40253200000001,-0.4499861652982382,-0.4504366019001383,600.0
haifas.bch,coconutbenchmark-library2,largestfirst,xtaylor,timeout,426096,600.0014920000002,-0.44995489168711167,-1.0880950539230265,600.0
haldmads.bch,coconutbenchmark-library2,lsmear,xtaylor,timeout,379130,600.0018230000003,0.004826790831708144,0,600.0
haldmads.bch,coconutbenchmark-library2,lsmear-box,xtaylor,timeout,384272,600.0016210000002,0.004826790831708144,0,600.0
haldmads.bch,coconutbenchmark-library2,smearsumrel,xtaylor,timeout,375786,600.0018710000002,0.004826790831708144,0,600.0
haldmads.bch,coconutbenchmark-library2,smearsum,xtaylor,timeout,340396,600.0021660000001,0.03466002159948367,0,600.0
haldmads.bch,coconutbenchmark-library2,smearmax,xtaylor,timeout,359614,600.0000560000001,0.0048244673464931664,0,600.0
haldmads.bch,coconutbenchmark-library2,smearmaxrel,xtaylor,timeout,421586,600.0027170000001,0.004828200858285919,0,600.0
haldmads.bch,coconutbenchmark-library2,largestfirst,xtaylor,timeout,169990,600.0170670000002,0.034687299028114404,0,600.0
haldmads.bch,coconutbenchmark-library2,roundrobin,xtaylor,timeout,212352,600.0001080000003,0.04329337318986992,1.9606416768611038e-13,600.0
harker.bch,blowup,lsmear,xtaylor,timeout,135736,600.0122330000002,-918.0919833502496,-2294.3920092918474,600.0
harker.bch,blowup,lsmear-box,xtaylor,timeout,135254,600.0028370000003,-937.8330265282649,-2130.8084546611544,600.0
harker.bch,blowup,smearsumrel,xtaylor,timeout,118582,600.0011840000003,-981.177184572893,-1494.5702201923873,600.0
harker.bch,blowup,smearsum,xtaylor,timeout,129010,600.0101140000002,-945.508200653564,-2309.9064356749427,600.0
harker.bch,blowup,smearmax,xtaylor,timeout,128090,600.0045810000001,-944.1622243623176,-2329.0756671250124,600.0
harker.bch,blowup,smearmaxrel,xtaylor,timeout,132220,600.0035030000003,-975.2210399292674,-1614.9415270500178,600.0
harker.bch,blowup,largestfirst,xtaylor,timeout,235046,600.0014670000002,-2.4299999999959495e-07,-5828.0000000686,600.0
harker.bch,blowup,roundrobin,xtaylor,timeout,120898,600.0109760000003,-964.8220761314526,-1962.4823995177157,600.0
hhfair.bch,blowup,lsmear,xtaylor,complete,2824,22.716152000000008,-87.1493889420097,-87.18162715673873,600.0
hhfair.bch,blowup,lsmear-box,xtaylor,complete,3140,24.517448000000005,-87.0941352212473,-87.18131653778507,600.0
hhfair.bch,blowup,smearsumrel,xtaylor,complete,1674,11.096360000000004,-87.10019653434163,-87.18738391825988,600.0
hhfair.bch,blowup,smearsum,xtaylor,complete,2160,13.601852000000003,-87.14700437575017,-87.23423861436453,600.0
hhfair.bch,blowup,smearmax,xtaylor,complete,1546,10.673525000000003,-87.14145132442017,-87.22868000442459,600.0
hhfair.bch,blowup,smearmaxrel,xtaylor,complete,2252,15.199056000000004,-87.1406185467065,-87.2278463930996,600.0
hhfair.bch,blowup,largestfirst,xtaylor,timeout,97618,600.0066420000002,-87.1189501253976,-91.28278866088965,600.0
hhfair.bch,blowup,roundrobin,xtaylor,complete,2058,10.404746000000003,-87.15866657479073,-87.24591248727799,600.0
hhfair1.bch,blowup,largestfirst,xtaylor,timeout,105564,600.0048310000003,-87.15903807308901,-88.79613284757978,600.0
himmel16.bch,medium,lsmear,xtaylor,complete,2782,13.177527000000005,-0.8655404138983583,-0.8664068207190774,600.0
himmel16.bch,medium,lsmear-box,xtaylor,complete,2782,12.919174000000003,-0.8655404138983583,-0.8664068207190774,600.0
himmel16.bch,medium,smearsumrel,xtaylor,complete,5576,23.634160000000005,-0.8658336770321174,-0.8667003774095269,600.0
himmel16.bch,medium,smearmax,xtaylor,complete,2170,10.606729000000003,-0.8656771429140763,-0.8665436866006768,600.0
himmel16.bch,medium,smearmaxrel,xtaylor,timeout,175968,600.0148780000002,-0.6567919329783729,-2.9000000576875014,600.0
himmel16.bch,medium,largestfirst,xtaylor,timeout,239568,600.0007230000001,-0.6629703175896685,-2.7827501064157314,600.0
himmel16.bch,medium,roundrobin,xtaylor,complete,14004,54.363557000000014,-0.8660254552289719,-0.8668923475765483,600.0
himmelbk.bch,coconutbenchmark-library2,lsmear,xtaylor,complete,266,10.091127000000006,0.05181434176174722,0.05176257918256466,600.0
himmelbk.bch,coconutbenchmark-library2,lsmear-box,xtaylor,complete,266,10.047618000000002,0.05181434176174722,0.05176257918256466,600.0
himmelbk.bch,coconutbenchmark-library2,smearsumrel,xtaylor,complete,386,13.911249000000007,0.05185461539492214,0.05180281258233981,600.0
himmelbk.bch,coconutbenchmark-library2,smearsum,xtaylor,complete,344,12.018705000000002,0.051840071842519216,0.051788283558960264,600.0
himmelbk.bch,coconutbenchmark-library2,smearmax,xtaylor,complete,570,18.050331000000007,0.05182715264415279,0.05177537726688591,600.0
himmelbk.bch,coconutbenchmark-library2,smearmaxrel,xtaylor,complete,1188,36.76256900000001,0.05184694726383979,0.05179515211172807,600.0
himmelbk.bch,coconutbenchmark-library2,largestfirst,xtaylor,timeout,22058,600.0007510000003,0.051825426559574596,0.05065409268970514,600.0
himmelbk.bch,coconutbenchmark-library2,roundrobin,xtaylor,complete,382,12.594999000000001,0.05185639968574962,0.05180459509065897,600.0
hs070.bch,coconutbenchmark-library2,lsmear,xtaylor,timeout,400848,600.0027810000004,0.19907648282766227,0,600.0
hs070.bch,coconutbenchmark-library2,lsmear-box,xtaylor,timeout,406646,600.0030320000003,0.19907648282766227,0,600.0
hs070.bch,coconutbenchmark-library2,smearsumrel,xtaylor,timeout,402116,600.0028440000001,0.19907648282766227,0,600.0
hs070.bch,coconutbenchmark-library2,smearsum,xtaylor,timeout,407852,600.0008090000002,0.19907648282766227,0,600.0
hs070.bch,coconutbenchmark-library2,smearmax,xtaylor,timeout,409232,600.0022300000002,0.19907648282766227,0,600.0
hs070.bch,coconutbenchmark-library2,smearmaxrel,xtaylor,timeout,408932,600.0005350000004,0.19907648282766227,0,600.0
hs070.bch,coconutbenchmark-library2,largestfirst,xtaylor,timeout,266468,600.0043920000003,0.2797459053852911,0,600.0
hs070.bch,coconutbenchmark-library2,roundrobin,xtaylor,timeout,361832,600.0026940000001,0.26001762631416303,0,600.0
hs088.bch,coconutbenchmark-library2,lsmear,xtaylor,complete,1278,45.887891,1.362889039173817,1.3615275116621552,600.0
hs088.bch,coconutbenchmark-library2,lsmear-box,xtaylor,complete,1224,43.36166100000001,1.3627869164007824,1.3614254909098729,600.0
hs088.bch,coconutbenchmark-library2,smearsumrel,xtaylor,complete,1240,44.02254000000001,1.3635885554320109,1.3622263291029082,600.0
hs088.bch,coconutbenchmark-library2,smearsum,xtaylor,complete,1626,58.937745000000014,1.3628405650389417,1.3614790859529888,600.0
hs088.bch,coconutbenchmark-library2,smearmax,xtaylor,complete,1758,63.299526000000036,1.3627888448490106,1.3614274174315792,600.0
hs088.bch,coconutbenchmark-library2,smearmaxrel,xtaylor,complete,1300,47.271963000000014,1.3627110811349012,1.361349731403498,600.0
hs088.bch,coconutbenchmark-library2,largestfirst,xtaylor,timeout,15914,600.0677450000002,91928775.98104632,0.6417613886300875,600.0
hs088.bch,coconutbenchmark-library2,roundrobin,xtaylor,complete,1298,49.369166000000014,1.3627834751374148,1.3614220530843306,600.0
hs089.bch,coconutbenchmark-library2,lsmear,xtaylor,timeout,20034,600.0050970000002,inf,0,600.0
hs089.bch,coconutbenchmark-library2,lsmear-box,xtaylor,timeout,19880,600.0305450000002,inf,0,600.0
hs089.bch,coconutbenchmark-library2,smearsumrel,xtaylor,timeout,20052,600.0622110000003,inf,0,600.0
hs089.bch,coconutbenchmark-library2,smearsum,xtaylor,timeout,19998,600.0222280000003,inf,0,600.0
hs089.bch,coconutbenchmark-library2,smearmax,xtaylor,timeout,19988,600.0374840000003,inf,0,600.0
hs089.bch,coconutbenchmark-library2,smearmaxrel,xtaylor,timeout,18790,600.0273900000002,inf,0,600.0
hs089.bch,coconutbenchmark-library2,largestfirst,xtaylor,timeout,21696,600.0145220000002,inf,0,600.0
hs089.bch,coconutbenchmark-library2,roundrobin,xtaylor,timeout,3910,600.2417430000002,inf,3.4390602424241906e-114,600.0
hs090.bch,coconutbenchmark-library2,lsmear,xtaylor,timeout,3236,600.3512440000002,1.6741910021662554,0.16875986867089626,600.0
hs090.bch,coconutbenchmark-library2,lsmear-box,xtaylor,timeout,3000,600.2868960000002,2.0318895804847674,0.14103740243090626,600.0
hs090.bch,coconutbenchmark-library2,smearsumrel,xtaylor,timeout,3500,600.0237610000003,1.9910826584056904,0.17528282309809745,600.0
hs090.bch,coconutbenchmark-library2,smearsum,xtaylor,timeout,2998,600.2655550000002,1247.7454818240801,0.15464750353805345,600.0
hs090.bch,coconutbenchmark-library2,smearmax,xtaylor,timeout,2976,600.3664430000002,1.5390676255419022,0.1538719183756081,600.0
hs090.bch,coconutbenchmark-library2,smearmaxrel,xtaylor,timeout,3012,600.2347180000002,2.1852689070894824,0.15153920032471302,600.0
hs090.bch,coconutbenchmark-library2,largestfirst,xtaylor,error:IbexError,0,0.0,inf,-inf,600.0
hs090.bch,coconutbenchmark-library2,roundrobin,xtaylor,timeout,3094,600.3604510000002,1.755518729299383,0.1620781103585983,600.0
hs091.bch,coconutbenchmark-library2,lsmear,xtaylor,timeout,10808,600.3354350000002,inf,0,600.0
hs091.bch,coconutbenchmark-library2,lsmear-box,xtaylor,timeout,10844,600.2255100000001,inf,0,600.0
hs091.bch,coconutbenchmark-library2,smearsumrel,xtaylor,timeout,10790,600.3498040000003,inf,0,600.0
hs091.bch,coconutbenchmark-library2,smearsum,xtaylor,timeout,10760,600.2191940000001,inf,0,600.0
hs091.bch,coconutbenchmark-library2,smearmax,xtaylor,timeout,10954,600.0751450000002,inf,0,600.0
hs091.bch,coconutbenchmark-library2,smearmaxrel,xtaylor,timeout,10874,600.0446440000002,inf,0,600.0
hs091.bch,coconutbenchmark-library2,largestfirst,xtaylor,timeout,11496,600.0223780000002,inf,0,600.0
hs091.bch,coconutbenchmark-library2,roundrobin,xtaylor,timeout,2176,600.2763250000003,inf,0,600.0
hs093.bch,coconutbenchmark-library2,lsmear,xtaylor,complete,456444,515.1478240000001,135.0927295203578,134.95777174860922,600.0
hs093.bch,coconutbenchmark-library2,lsmear-box,xtaylor,complete,386292,465.3633530000002,135.09187521449982,134.95691829620364,600.0
hs093.bch,coconutbenchmark-library2,smearsumrel,xtaylor,complete,372928,424.58976100000007,135.09150542809604,134.95654887921685,600.0
hs093.bch,coconutbenchmark-library2,smearsum,xtaylor,complete,357542,407.6761790000001,135.08805198483088,134.95309888594497,600.0
hs093.bch,coconutbenchmark-library2,smearmax,xtaylor,complete,331238,390.2431470000002,135.0902872700576,134.9553319381195,600.0
hs093.bch,coconutbenchmark-library2,smearmaxrel,xtaylor,complete,398940,444.32501100000013,135.08732092870002,134.95236856013992,600.0
hs093.bch,coconutbenchmark-library2,largestfirst,xtaylor,timeout,551752,600.0014260000002,inf,2.2990258176801733e-41,600.0
hs093.bch,coconutbenchmark-library2,roundrobin,xtaylor,timeout,558878,600.0036750000002,37545901.024283946,1.2951603907530315e-44,600.0
hs095.bch,coconutbenchmark-library2,lsmear,xtaylor,complete,4,0.004093000000000006,0.015619525245536654,0.015603921324212445,600.0
hs095.bch,coconutbenchmark-library2,lsmear-box,xtaylor,complete,4,0.004051000000000001,0.015619525245536654,0.015603921324212445,600.0
hs095.bch,coconutbenchmark-library2,smearsumrel,xtaylor,complete,4,0.0037650000000000045,0.015619525245536654,0.015603921324212445,600.0
hs095.bch,coconutbenchmark-library2,smearsum,xtaylor,complete,4,0.0038220000000000025,0.015619525245536654,0.015603921324212445,600.0
hs095.bch,coconutbenchmark-library2,smearmax,xtaylor,complete,4,0.004767000000000004,0.01562177395268322,0.015606167784898322,600.0
hs095.bch,coconutbenchmark-library2,smearmaxrel,xtaylor,complete,4,0.004813000000000003,0.01562177395268322,0.015606167784898322,600.0
hs095.bch,coconutbenchmark-library2,largestfirst,xtaylor,complete,4,0.0010120000000000007,0.015619525245536654,0.015603921324212445,600.0
hs095.bch,coconutbenchmark-library2,roundrobin,xtaylor,complete,4,0.0009700000000000004,0.015619525245536654,0.015603921324212445,600.0
hs096.bch,coconutbenchmark-library2,lsmear,xtaylor,complete,4,0.005051000000000005,0.015622475322278019,0.01561952524239373,600.0
hs096.bch,coconutbenchmark-library2,lsmear-box,xtaylor,complete,4,0.004986000000000004,0.015622475322278019,0.01561952524239373,600.0
hs096.bch,coconutbenchmark-library2,smearsumrel,xtaylor,complete,4,0.004737999999999999,0.015622475322278019,0.01561952524239373,600.0
hs096.bch,coconutbenchmark-library2,smearsum,xtaylor,complete,4,0.005279000000000001,0.015619525245536624,0.015619525242393736,600.0
hs096.bch,coconutbenchmark-library2,smearmax,xtaylor,complete,4,0.005310000000000002,0.015619525245536624,0.015619525242393736,600.0
hs096.bch,coconutbenchmark-library2,smearmaxrel,xtaylor,complete,4,0.0047580000000000035,0.015622475322278019,0.01561952524239373,600.0
hs096.bch,coconutbenchmark-library2,largestfirst,xtaylor,complete,4,0.0019460000000000033,0.015622475322278019,0.01561952524239373,600.0
hs096.bch,coconutbenchmark-library2,roundrobin,xtaylor,complete,4,0.0019299999999999994,0.015622475322278019,0.01561952524239373,600.0
hs097.bch,coconutbenchmark-library2,lsmear,xtaylor,complete,8,0.013348000000000002,3.136203869643762,3.1358091228070135,600.0
hs097.bch,coconutbenchmark-library2,lsmear-box,xtaylor,complete,8,0.013289000000000002,3.136203869643762,3.1358091228070135,600.0
hs097.bch,coconutbenchmark-library2,smearsumrel,xtaylor,complete,6,0.013707,3.1358091230584826,3.1358091228070135,600.0
hs097.bch,coconutbenchmark-library2,smearsum,xtaylor,complete,8,0.015483000000000004,3.1360297522460403,3.1358091228070135,600.0
hs097.bch,coconutbenchmark-library2,smearmax,xtaylor,complete,10,0.015833000000000003,3.136611948574011,3.1334784701039076,600.0
hs097.bch,coconutbenchmark-library2,smearmaxrel,xtaylor,complete,12,0.022296000000000003,3.1358091230584813,3.1326764466118697,600.0
hs097.bch,coconutbenchmark-library2,largestfirst,xtaylor,complete,6,0.011720000000000001,3.1367929158052976,3.1358091228070095,600.0
hs097.bch,coconutbenchmark-library2,roundrobin,xtaylor,complete,10,0.020862000000000016,3.137669783795465,3.1358091228070095,600.0
hs098.bch,coconutbenchmark-library2,lsmear,xtaylor,complete,10,0.015601,3.1359842444797454,3.1358091228070135,600.0
hs098.bch,coconutbenchmark-library2,lsmear-box,xtaylor,complete,10,0.015584000000000006,3.1359842444797454,3.1358091228070135,600.0
hs098.bch,coconutbenchmark-library2,smearsumrel,xtaylor,complete,6,0.011289,3.1360123936295916,3.135809122807012,600.0
hs098.bch,coconutbenchmark-library2,smearsum,xtaylor,complete,14,0.024558000000000007,3.1358099605773355,3.13580912280701,600.0
hs098.bch,coconutbenchmark-library2,smearmax,xtaylor,complete,14,0.027500000000000004,3.135816841730097,3.13580912280701,600.0
hs098.bch,coconutbenchmark-library2,smearmaxrel,xtaylor,complete,14,0.022340000000000006,3.136090716209288,3.13580912280701,600.0
hs098.bch,coconutbenchmark-library2,largestfirst,xtaylor,complete,12,0.020246,3.1358144772422816,3.1358091228070104,600.0
hs098.bch,coconutbenchmark-library2,roundrobin,xtaylor,complete,8,0.014351000000000003,3.1358091230584813,3.1358091228070104,600.0
hs099.bch,coconutbenchmark-library2,lsmear,xtaylor,complete,2892,41.42773200000001,-830373063.5806674,-831204267.8485157,600.0
hs099.bch,coconutbenchmark-library2,lsmear-box,xtaylor,complete,2950,42.49409400000001,-830534033.9028425,-831365399.3021445,600.0
hs099.bch,coconutbenchmark-library2,smearsumrel,xtaylor,timeout,43590,600.0048390000002,-830929152.2807024,-850071790.5545412,600.0
hs099.bch,coconutbenchmark-library2,smearsum,xtaylor,complete,2832,39.17642200000001,-830770696.9450673,-831602299.2443115,600.0
hs099.bch,coconutbenchmark-library2,smearmax,xtaylor,complete,1948,27.182769000000008,-831020034.0396974,-831851885.9256229,600.0
hs099.bch,coconutbenchmark-library2,smearmaxrel,xtaylor,timeout,53804,600.0076080000001,-830653837.5387601,-858032847.4054399,600.0
hs099.bch,coconutbenchmark-library2,largestfirst,xtaylor,timeout,121306,600.0005920000002,-813225080.7300541,-1000956432.0550745,600.0
hs099.bch,coconutbenchmark-library2,roundrobin,xtaylor,complete,8286,98.49968800000003,-830448774.2131319,-831280054.2673992,600.0
hs100.bch,coconutbenchmark-library2,lsmear,xtaylor,complete,2552,4.299956000000001,681.0197516987893,680.3394122865029,600.0
hs100.bch,coconutbenchmark-library2,lsmear-box,xtaylor,complete,3682,6.019698000000002,680.7588370191766,680.0787582609157,600.0
hs100.bch,coconutbenchmark-library2,smearsumrel,xtaylor,complete,3190,5.1795870000000015,680.8486615746109,680.1684930815295,600.0
hs100.bch,coconutbenchmark-library2,smearsum,xtaylor,complete,2874,4.829010000000001,680.8448615332932,680.1646968364569,600.0
hs100.bch,coconutbenchmark-library2,smearmax,xtaylor,complete,2612,4.249677000000001,680.8710583034475,680.1908674360117,600.0
hs100.bch,coconutbenchmark-library2,smearmaxrel,xtaylor,complete,5524,8.636980000000001,680.7551187741855,680.0750437304551,600.0
hs100.bch,coconutbenchmark-library2,largestfirst,xtaylor,timeout,546574,600.0008660000002,694.1868282344785,581.935422221146,600.0
hs100.bch,coconutbenchmark-library2,roundrobin,xtaylor,complete,3704,5.665537000000001,680.926418684314,680.2461725118022,600.0
hs101.bch,coconutbenchmark-library2,lsmear,xtaylor,timeout,255734,600.0010260000001,1847.4497918198747,1168.0062442312756,600.0
hs101.bch,coconutbenchmark-library2,lsmear-box,xtaylor,timeout,237478,600.0010000000002,1851.7890928757135,1130.7678383856999,600.0
hs101.bch,coconutbenchmark-library2,smearsumrel,xtaylor,timeout,280818,600.0033120000002,1810.9676368388625,1179.0885928853,600.0
hs101.bch,coconutbenchmark-library2,smearsum,xtaylor,timeout,259278,600.0005490000002,1895.970675591259,1087.4408910702964,600.0
hs101.bch,coconutbenchmark-library2,smearmax,xtaylor,timeout,256576,600.0031370000003,1891.3053197583934,1094.3783820248989,600.0
hs101.bch,coconutbenchmark-library2,smearmaxrel,xtaylor,timeout,292748,600.0033470000003,1813.5087991374758,1152.7093224100786,600.0
hs101.bch,coconutbenchmark-library2,largestfirst,xtaylor,timeout,265308,600.0004920000001,inf,0.0005379999098691905,600.0
hs101.bch,coconutbenchmark-library2,roundrobin,xtaylor,timeout,309318,600.0029740000002,1851.8961610866909,1273.3157773571077,600.0
hs102.bch,coconutbenchmark-library2,lsmear,xtaylor,timeout,260046,600.0000790000001,920.0071139365583,724.1860258908929,600.0
hs102.bch,coconutbenchmark-library2,lsmear-box,xtaylor,timeout,244670,600.0014660000003,914.4367212484581,722.7091365597441,600.0
hs102.bch,coconutbenchmark-library2,smearsumrel,xtaylor,timeout,289500,600.0023580000002,912.8993964009749,717.949801099603,600.0
hs102.bch,coconutbenchmark-library2,smearsum,xtaylor,timeout,265556,600.0020740000002,914.8135888102618,696.4820668236017,600.0
hs102.bch,coconutbenchmark-library2,smearmax,xtaylor,timeout,268498,600.0025540000004,914.0163664976164,698.4132760000351,600.0
hs102.bch,coconutbenchmark-library2,smearmaxrel,xtaylor,timeout,295674,600.0016710000002,912.7324271621507,707.3866568426722,600.0
hs102.bch,coconutbenchmark-library2,largestfirst,xtaylor,timeout,315908,600.0005420000002,1707.7425008623256,0.002103832037323579,600.0
hs102.bch,coconutbenchmark-library2,roundrobin,xtaylor,timeout,319502,600.0001810000003,916.1857712979061,784.0716225665141,600.0
hs103.bch,coconutbenchmark-library2,lsmear,xtaylor,timeout,248242,600.0048630000003,543.843652943091,534.0935589452299,600.0
hs103.bch,coconutbenchmark-library2,lsmear-box,xtaylor,timeout,242190,600.0013670000003,543.8840160676747,539.2444325784102,600.0
hs103.bch,coconutbenchmark-library2,smearsumrel,xtaylor,complete,236280,545.9302350000002,543.774184422975,543.2309534695057,600.0
hs103.bch,coconutbenchmark-library2,smearsum,xtaylor,timeout,270530,600.0060110000002,545.5427571806425,478.17700360760955,600.0
hs103.bch,coconutbenchmark-library2,smearmax,xtaylor,timeout,268852,600.0054820000001,544.4614143970682,482.950151966601,600.0
hs103.bch,coconutbenchmark-library2,smearmaxrel,xtaylor,timeout,257890,600.0020820000002,543.7918658561383,539.865969295095,600.0
hs103.bch,coconutbenchmark-library2,largestfirst,xtaylor,timeout,320538,600.0016760000001,1095.3325123714221,0.0018966702242093406,600.0
hs103.bch,coconutbenchmark-library2,roundrobin,xtaylor,timeout,319896,600.0056710000002,544.2407720093313,497.10585548908557,600.0
hs104.bch,coconutbenchmark-library2,lsmear,xtaylor,complete,1070,3.3066420000000005,3.9518923773439854,3.9479444329110747,600.0
hs104.bch,coconutbenchmark-library2,lsmear-box,xtaylor,complete,1782,4.218177000000002,3.9522368975112796,3.9482886089023776,600.0
hs104.bch,coconutbenchmark-library2,smearsumrel,xtaylor,complete,2198,5.674048000000001,3.952714393144139,3.9487656275166225,600.0
hs104.bch,coconutbenchmark-library2,smearsum,xtaylor,complete,2816,7.326056000000002,3.952824846128034,3.9488759701578764,600.0
hs104.bch,coconutbenchmark-library2,smearmax,xtaylor,complete,2050,5.751127000000002,3.9525177079044864,3.948569138765721,600.0
hs104.bch,coconutbenchmark-library2,smearmaxrel,xtaylor,complete,10202,23.118252000000005,3.952500795517345,3.9485522432740714,600.0
hs104.bch,coconutbenchmark-library2,largestfirst,xtaylor,timeout,379894,600.0014990000002,3.9594686451983607,3.62146893566952,600.0
hs104.bch,coconutbenchmark-library2,roundrobin,xtaylor,complete,1790,3.895946000000001,3.952156050533495,3.9482078426908047,600.0
hs106.bch,coconutbenchmark-library2,lsmear,xtaylor,complete,74,0.21065100000000006,7054.2498998795645,7047.2026971823825,600.0
hs106.bch,coconutbenchmark-library2,lsmear-box,xtaylor,complete,104,0.29038300000000006,7053.538882225938,7046.492389836103,600.0
hs106.bch,coconutbenchmark-library2,smearsumrel,xtaylor,complete,78,0.23129700000000009,7052.122267788824,7045.0771905982265,600.0
hs106.bch,coconutbenchmark-library2,smearsum,xtaylor,complete,106,0.2945380000000001,7050.263855655725,7043.220635020705,600.0
hs106.bch,coconutbenchmark-library2,smearmax,xtaylor,complete,110,0.25792600000000004,7049.903105375169,7042.860245130039,600.0
hs106.bch,coconutbenchmark-library2,smearmaxrel,xtaylor,complete,244,0.6808430000000002,7053.940709908879,7046.893816092787,600.0
hs106.bch,coconutbenchmark-library2,largestfirst,xtaylor,timeout,185052,600.0001040000002,7054.406462245629,4135.394586007819,600.0
hs106.bch,coconutbenchmark-library2,roundrobin,xtaylor,complete,108,0.2897100000000001,7055.524104632416,7048.475629003414,600.0
hs107.bch,coconutbenchmark-library2,lsmear,xtaylor,timeout,121534,600.0003390000003,inf,0,600.0
hs107.bch,coconutbenchmark-library2,lsmear-box,xtaylor,timeout,139010,600.0035550000002,5145.6866848172585,0,600.0
hs107.bch,coconutbenchmark-library2,smearsumrel,xtaylor,timeout,101270,600.0026000000003,inf,0,600.0
hs107.bch,coconutbenchmark-library2,smearsum,xtaylor,timeout,413854,600.0018770000001,inf,0,600.0
hs107.bch,coconutbenchmark-library2,smearmax,xtaylor,timeout,412510,600.0001180000002,inf,0,600.0
hs107.bch,coconutbenchmark-library2,smearmaxrel,xtaylor,timeout,106852,600.0020320000001,inf,0,600.0
hs107.bch,coconutbenchmark-library2,largestfirst,xtaylor,timeout,376348,600.0001130000002,inf,0,600.0
hs107.bch,coconutbenchmark-library2,roundrobin,xtaylor,timeout,410534,600.0010930000003,inf,0,600.0
hs108.bch,coconutbenchmark-library2,lsmear,xtaylor,complete,39984,123.28116900000005,-0.865914336285791,-0.8667811174031941,600.0
hs108.bch,coconutbenchmark-library2,lsmear-box,xtaylor,complete,41648,131.62247200000004,-0.865921793149496,-0.8667885817312272,600.0
hs108.bch,coconutbenchmark-library2,smearsumrel,xtaylor,timeout,176482,600.0013810000003,-0.8659999317976721,-0.9218543819899258,600.0
hs108.bch,coconutbenchmark-library2,smearsum,xtaylor,complete,31308,95.25913000000003,-0.8659097728873258,-0.8667765494367625,600.0
hs108.bch,coconutbenchmark-library2,smearmax,xtaylor,complete,30220,101.74811400000004,-0.8659105327287563,-0.866777310038795,600.0
hs108.bch,coconutbenchmark-library2,smearmaxrel,xtaylor,timeout,245174,600.0003140000002,-0.8660089409028892,-1.0496702591164946,600.0
hs108.bch,coconutbenchmark-library2,largestfirst,xtaylor,timeout,616906,600.0014580000002,-0.6598486013744345,-2.6852342498999002,600.0
hs108.bch,coconutbenchmark-library2,roundrobin,xtaylor,complete,42618,123.59090700000003,-0.8660068518062057,-0.8668737255317374,600.0
hs109.bch,coconutbenchmark-library2,lsmear,xtaylor,complete,192,0.8964390000000002,5326.955937276354,5326.055437153095,600.0
hs109.bch,coconutbenchmark-library2,lsmear-box,xtaylor,complete,192,0.8922220000000002,5326.955937276354,5326.055437153095,600.0
hs109.bch,coconutbenchmark-library2,smearsumrel,xtaylor,complete,274,1.3617890000000004,5327.3967739521695,5322.0746992529175,600.0
hs109.bch,coconutbenchmark-library2,smearsum,xtaylor,complete,244,1.2779320000000003,5327.038137424908,5321.716421003905,600.0
hs109.bch,coconutbenchmark-library2,smearmax,xtaylor,complete,368,1.7172640000000003,5327.539017140354,5322.216800340015,600.0
hs109.bch,coconutbenchmark-library2,smearmaxrel,xtaylor,complete,246,1.1598730000000004,5329.371526550876,5324.047479071805,600.0
hs109.bch,coconutbenchmark-library2,largestfirst,xtaylor,complete,254,1.1631880000000003,5327.524553745257,5322.202351393865,600.0
hs109.bch,coconutbenchmark-library2,roundrobin,xtaylor,complete,160,0.7202910000000002,5326.872017427672,5321.550466960713,600.0
hs110.bch,coconutbenchmark-library2,lsmear,xtaylor,timeout,593196,600.0006500000001,-45.51797829560827,-49.705480590013096,600.0
hs110.bch,coconutbenchmark-library2,lsmear-box,xtaylor,timeout,592426,600.0019370000002,-45.51797829560827,-49.7062289369382,600.0
hs110.bch,coconutbenchmark-library2,smearsumrel,xtaylor,timeout,623504,600.0017960000001,-45.51797829560827,-49.687598097117004,600.0
hs110.bch,coconutbenchmark-library2,smearsum,xtaylor,timeout,621582,600.0010290000001,-45.630092544377135,-49.67737032532211,600.0
hs110.bch,coconutbenchmark-library2,smearmax,xtaylor,timeout,621752,600.0013980000002,-45.630092544377135,-49.67737032532211,600.0
hs110.bch,coconutbenchmark-library2,smearmaxrel,xtaylor,timeout,622108,600.0014450000001,-45.51797829560827,-49.68900371176993,600.0
hs110.bch,coconutbenchmark-library2,largestfirst,xtaylor,timeout,897770,600.0009400000004,-42.9786023135857,-80.48978569809535,600.0
hs110.bch,coconutbenchmark-library2,roundrobin,xtaylor,timeout,728942,600.0007730000003,-45.66696170469783,-47.48369027596539,600.0
hs111.bch,coconutbenchmark-library2,lsmear,xtaylor,timeout,269858,600.0040270000002,-47.51047980502394,-433.61798573586333,600.0
hs111.bch,coconutbenchmark-library2,lsmear-box,xtaylor,timeout,249704,600.0045980000002,-47.536709821086,-213.08174755520045,600.0
hs111.bch,coconutbenchmark-library2,smearsumrel,xtaylor,timeout,250596,600.0000070000003,-47.447779926881765,-433.5080468634815,600.0
hs111.bch,coconutbenchmark-library2,smearsum,xtaylor,timeout,239854,600.0023000000003,-47.548882561564085,-219.41162065161987,600.0
hs111.bch,coconutbenchmark-library2,smearmax,xtaylor,timeout,248992,600.0046210000003,-47.584355917152024,-216.70705539899998,600.0
hs111.bch,coconutbenchmark-library2,smearmaxrel,xtaylor,timeout,261622,600.0004840000003,-47.69111180873813,-585.249301988446,600.0
hs111.bch,coconutbenchmark-library2,largestfirst,xtaylor,timeout,339016,600.0030020000003,-45.62302841443456,-881.5090318192771,600.0
hs111.bch,coconutbenchmark-library2,roundrobin,xtaylor,timeout,325224,600.0031890000002,-47.49174651735829,-228.5583617118833,600.0
hs112.bch,coconutbenchmark-library2,lsmear,xtaylor,timeout,389132,600.0011860000002,-47.70666222138818,-68.47380517755674,600.0
hs112.bch,coconutbenchmark-library2,lsmear-box,xtaylor,timeout,398032,600.0028210000002,-47.72602003630634,-67.44963323962428,600.0
hs112.bch,coconutbenchmark-library2,smearsumrel,xtaylor,timeout,445946,600.0007430000002,-47.735237868507916,-70.85934436049052,600.0
hs112.bch,coconutbenchmark-library2,smearsum,xtaylor,timeout,421410,600.0026120000001,-47.70171075607643,-68.10118475650799,600.0
hs112.bch,coconutbenchmark-library2,smearmax,xtaylor,timeout,412714,600.0002010000002,-47.70171075607643,-68.1675144936932,600.0
hs112.bch,coconutbenchmark-library2,smearmaxrel,xtaylor,timeout,389460,600.0009950000002,-47.67383725790138,-74.3667007747744,600.0
hs112.bch,coconutbenchmark-library2,largestfirst,xtaylor,timeout,472340,600.0001500000002,-47.56388420729446,-246.70379800530003,600.0
hs112.bch,coconutbenchmark-library2,roundrobin,xtaylor,timeout,489038,600.0024730000002,-47.69255340329204,-65.64174931047592,600.0
hs113.bch,coconutbenchmark-library2,lsmear,xtaylor,complete,5254,15.283538000000002,24.31679822439899,24.292505718680314,600.0
hs113.bch,coconutbenchmark-library2,lsmear-box,xtaylor,complete,6088,17.796644000000004,24.3166707408294,24.292378362466938,600.0
hs113.bch,coconutbenchmark-library2,smearsumrel,xtaylor,complete,47288,117.31475700000003,24.309739516231165,24.285454062169,600.0
hs113.bch,coconutbenchmark-library2,smearsum,xtaylor,complete,6256,18.930423000000008,24.308968311153862,24.284683627526338,600.0
hs113.bch,coconutbenchmark-library2,smearmax,xtaylor,complete,5930,17.81228000000001,24.313549976874377,24.28926071615822,600.0
hs113.bch,coconutbenchmark-library2,smearmaxrel,xtaylor,complete,14794,37.20617900000001,24.31357139319655,24.28928211108547,600.0
hs113.bch,coconutbenchmark-library2,largestfirst,xtaylor,timeout,402596,600.0015280000001,25.481709022098894,-8.44226679882613,600.0
hs113.bch,coconutbenchmark-library2,roundrobin,xtaylor,complete,5084,14.584817000000003,24.315630195555375,24.29133885669868,600.0
hs114.bch,coconutbenchmark-library2,lsmear,xtaylor,complete,290,0.9156250000000001,-1768.8020113786624,-1770.5725839626248,600.0
hs114.bch,coconutbenchmark-library2,lsmear-box,xtaylor,complete,230,0.7351260000000003,-1768.4951683877816,-1770.265433821603,600.0
hs114.bch,coconutbenchmark-library2,smearsumrel,xtaylor,complete,1346,3.616271000000001,-1767.9122791856616,-1769.6819611468084,600.0
hs114.bch,coconutbenchmark-library2,smearsum,xtaylor,complete,752,2.0955210000000006,-1767.432016200798,-1769.201217418216,600.0
hs114.bch,coconutbenchmark-library2,smearmax,xtaylor,complete,776,2.0572240000000006,-1767.2292712902272,-1768.9982695597869,600.0
hs114.bch,coconutbenchmark-library2,smearmaxrel,xtaylor,complete,1302,3.147403000000001,-1768.7293270232558,-1770.4998268501058,600.0
hs114.bch,coconutbenchmark-library2,largestfirst,xtaylor,timeout,342028,600.0013420000002,-1693.185231913023,-2206.8238094777153,600.0
hs114.bch,coconutbenchmark-library2,roundrobin,xtaylor,complete,408,1.1263100000000004,-1768.3585146698715,-1770.1286433131845,600.0
hs116.bch,coconutbenchmark-library2,lsmear,xtaylor,complete,64,0.24388400000000007,97.61406069092793,97.51654414678116,600.0
hs116.bch,coconutbenchmark-library2,lsmear-box,xtaylor,complete,64,0.248816,97.61406069092793,97.51654414678116,600.0
hs116.bch,coconutbenchmark-library2,smearsumrel,xtaylor,complete,68,0.2513830000000001,97.61209974827219,97.51458516310909,600.0
hs116.bch,coconutbenchmark-library2,smearsum,xtaylor,complete,144,0.6498760000000002,97.64738970596778,97.58011671760413,600.0
hs116.bch,coconutbenchmark-library2,smearmax,xtaylor,complete,234,1.0993490000000004,97.6676796995187,97.58061202892324,600.0
hs116.bch,coconutbenchmark-library2,smearmaxrel,xtaylor,complete,340,1.4461920000000006,97.59101310684399,97.49351958725674,600.0
hs116.bch,coconutbenchmark-library2,largestfirst,xtaylor,timeout,78748,600.0117310000002,99.2426021856233,82.0601873932544,600.0
hs116.bch,coconutbenchmark-library2,roundrobin,xtaylor,complete,108,0.45057600000000014,97.6396425266231,97.54210042619692,600.0
hs117.bch,coconutbenchmark-library2,lsmear,xtaylor,complete,16692,90.41125500000003,32.350982648028584,32.31866398404455,600.0
hs117.bch,coconutbenchmark-library2,lsmear-box,xtaylor,complete,17158,92.34929100000004,32.35032972334096,32.31801171162934,600.0
hs117.bch,coconutbenchmark-library2,smearsumrel,xtaylor,complete,90176,388.05388100000016,32.35193769138884,32.31961807331553,600.0
hs117.bch,coconutbenchmark-library2,smearsum,xtaylor,complete,35424,181.32857400000006,32.34971733871847,32.3173999387797,600.0
hs117.bch,coconutbenchmark-library2,smearmax,xtaylor,complete,58360,297.5181330000001,32.350278676096714,32.31796071538134,600.0
hs117.bch,coconutbenchmark-library2,smearmaxrel,xtaylor,timeout,175496,600.0021290000001,35.71747039370789,-144.85670602497532,600.0
hs117.bch,coconutbenchmark-library2,largestfirst,xtaylor,timeout,188306,600.0060180000002,47.22786885569295,-274552.6284214491,600.0
hs117.bch,coconutbenchmark-library2,roundrobin,xtaylor,timeout,138602,600.0005000000002,32.35159345390462,32.14191965126936,600.0
hs118.bch,coconutbenchmark-library2,lsmear,xtaylor,timeout,866220,600.0003210000003,inf,664.820449935543,600.0
hs118.bch,coconutbenchmark-library2,lsmear-box,xtaylor,timeout,863988,600.0003520000002,inf,664.820449935543,600.0
hs118.bch,coconutbenchmark-library2,smearsumrel,xtaylor,timeout,1013720,600.0001670000001,inf,664.820449935543,600.0
hs118.bch,coconutbenchmark-library2,smearsum,xtaylor,timeout,732254,600.0005920000002,inf,664.8204499355436,600.0
hs118.bch,coconutbenchmark-library2,smearmax,xtaylor,timeout,822912,600.0002890000002,inf,664.8204499355365,600.0
hs118.bch,coconutbenchmark-library2,smearmaxrel,xtaylor,timeout,609718,600.0003210000003,inf,664.816016879256,600.0
hs118.bch,coconutbenchmark-library2,largestfirst,xtaylor,timeout,467394,600.0010490000002,inf,664.5123348405917,600.0
hs118.bch,coconutbenchmark-library2,roundrobin,xtaylor,timeout,870620,600.0022240000002,inf,664.8204499354389,600.0
hs119.bch,coconutbenchmark-library2,lsmear,xtaylor,complete,2628,20.155454000000002,244.9557299119085,244.7110188930155,600.0
hs119.bch,coconutbenchmark-library2,lsmear-box,xtaylor,complete,3130,23.096820000000008,244.92388410839118,244.67920490348772,600.0
hs119.bch,coconutbenchmark-library2,smearsumrel,xtaylor,complete,1616,18.23932200000001,244.96700329252926,244.72228101151777,600.0
hs119.bch,coconutbenchmark-library2,smearsum,xtaylor,complete,1414,12.758123000000003,244.9508814523597,244.70617527708265,600.0
hs119.bch,coconutbenchmark-library2,smearmax,xtaylor,complete,1454,13.014119000000003,244.9200816463295,244.67540624008942,600.0
hs119.bch,coconutbenchmark-library2,smearmaxrel,xtaylor,complete,2442,26.015303000000003,244.93042374618807,244.68573800817992,600.0
hs119.bch,coconutbenchmark-library2,largestfirst,xtaylor,timeout,171618,600.0044090000001,252.27123468118054,51.0625,600.0
hs119.bch,coconutbenchmark-library2,roundrobin,xtaylor,complete,2280,20.344167000000006,244.93202268328184,244.68733534793392,600.0
hs21mod.bch,coconutbenchmark-library2,lsmear,xtaylor,complete,14,0.011154,-95.96,-95.96000000000001,600.0
hs21mod.bch,coconutbenchmark-library2,lsmear-box,xtaylor,complete,14,0.010274000000000002,-95.96,-95.96000000000001,600.0
hs21mod.bch,coconutbenchmark-library2,smearsumrel,xtaylor,complete,14,0.010430000000000002,-95.96,-95.96000000000001,600.0
hs21mod.bch,coconutbenchmark-library2,smearsum,xtaylor,complete,10,0.006389000000000001,-95.94278663435102,-95.96000000000001,600.0
hs21mod.bch,coconutbenchmark-library2,smearmax,xtaylor,complete,10,0.006412000000000001,-95.94278663435102,-95.96000000000001,600.0
hs21mod.bch,coconutbenchmark-library2,smearmaxrel,xtaylor,complete,14,0.010337000000000004,-95.96,-95.96000000000001,600.0
hs21mod.bch,coconutbenchmark-library2,largestfirst,xtaylor,complete,64,0.04663900000000001,-95.95567090095341,-95.96000000000001,600.0
hs21mod.bch,coconutbenchmark-library2,roundrobin,xtaylor,complete,10,0.007171000000000001,-95.9370677171251,-95.96000000000001,600.0
hydro.bch,medium,lsmear,xtaylor,complete,454,7.298275000000002,4370832.371130939,4366465.905225714,600.0
hydro.bch,medium,lsmear-box,xtaylor,complete,454,7.301725000000003,4370832.371130939,4366465.905225714,600.0
hydro.bch,medium,smearsumrel,xtaylor,complete,312,3.8700730000000005,4368555.197302896,4364191.0062966,600.0
hydro.bch,medium,smearsum,xtaylor,complete,474,5.507145000000002,4370009.272455876,4365643.628827049,600.0
hydro.bch,medium,smearmax,xtaylor,complete,474,5.529748000000001,4370009.272455876,4365643.628827049,600.0
hydro.bch,medium,smearmaxrel,xtaylor,complete,638,7.758981000000001,4367052.012177349,4362689.322854496,600.0
hydro.bch,medium,largestfirst,xtaylor,timeout,96228,600.0121800000003,4372241.938140103,4192806.925878487,600.0
hydro.bch,medium,roundrobin,xtaylor,complete,556,6.966713000000001,4371099.963254084,4366733.230024061,600.0
immun.bch,medium,lsmear,xtaylor,complete,392,1.7798530000000004,0,0,600.0
immun.bch,medium,lsmear-box,xtaylor,complete,392,1.7671860000000006,0,0,600.0
immun.bch,medium,smearsumrel,xtaylor,complete,2656,12.156012000000002,3.289479482235247e-08,0,600.0
immun.bch,medium,smearsum,xtaylor,complete,10398,47.51625700000001,9.902217458038543e-08,0,600.0
immun.bch,medium,smearmax,xtaylor,complete,4862,20.96027800000001,1.3915985844792388e-08,0,600.0
immun.bch,medium,smearmaxrel,xtaylor,complete,36042,120.58235700000004,7.513516621776509e-08,0,600.0
immun.bch,medium,largestfirst,xtaylor,timeout,1840052,600.0004750000002,9398430242.760494,0,600.0
immun.bch,medium,roundrobin,xtaylor,complete,682,3.6222150000000006,0,0,600.0
launch.bch,medium,lsmear,xtaylor,complete,174,3.326869000000001,2257.797584090296,2255.5420420482483,600.0
launch.bch,medium,lsmear-box,xtaylor,complete,94,2.2490140000000007,2257.800115768187,2255.5445711969905,600.0
launch.bch,medium,smearsumrel,xtaylor,complete,488,9.043628000000004,2259.3539324111366,2257.582928480895,600.0
launch.bch,medium,smearsum,xtaylor,complete,3174,49.57963100000002,2257.8375879937716,2255.582005987784,600.0
launch.bch,medium,smearmax,xtaylor,complete,2658,44.90383600000001,2258.3664226087535,2256.110312296458,600.0
launch.bch,medium,smearmaxrel,xtaylor,complete,1524,22.481248000000008,2259.8222048467155,2257.5646402065095,600.0
launch.bch,medium,largestfirst,xtaylor,timeout,58432,600.0337660000002,2481.9353224965316,2073.6436173779357,600.0
launch.bch,medium,roundrobin,xtaylor,complete,2282,33.465595000000015,2257.8085987570726,2257.7295219793036,600.0
launch__coconut.bch,coconutbenchmark-library2,lsmear,xtaylor,complete,0,1.0000000000287557e-06,inf,-inf,600.0
launch__coconut.bch,coconutbenchmark-library2,lsmear-box,xtaylor,complete,0,2.000000000002e-06,inf,-inf,600.0
launch__coconut.bch,coconutbenchmark-library2,smearsumrel,xtaylor,complete,0,2.000000000002e-06,inf,-inf,600.0
launch__coconut.bch,coconutbenchmark-library2,smearsum,xtaylor,complete,0,2.000000000002e-06,inf,-inf,600.0
launch__coconut.bch,coconutbenchmark-library2,smearmax,xtaylor,complete,0,2.000000000002e-06,inf,-inf,600.0
launch__coconut.bch,coconutbenchmark-library2,smearmaxrel,xtaylor,complete,0,2.000000000002e-06,inf,-inf,600.0
launch__coconut.bch,coconutbenchmark-library2,largestfirst,xtaylor,complete,0,2.000000000002e-06,inf,-inf,600.0
launch__coconut.bch,coconutbenchmark-library2,roundrobin,xtaylor,complete,0,2.000000000002e-06,inf,-inf,600.0
least.bch,unsolved,lsmear,xtaylor,timeout,780074,600.0008330000002,14268.480354482039,0,600.0
least.bch,unsolved,lsmear-box,xtaylor,timeout,778034,600.0011330000001,14268.480354482039,0,600.0
least.bch,unsolved,smearsumrel,xtaylor,timeout,920296,600.0003240000002,14268.480354482039,0,600.0
least.bch,unsolved,smearsum,xtaylor,timeout,905248,600.0011170000001,14268.480354482039,0,600.0
least.bch,unsolved,smearmax,xtaylor,timeout,930388,600.0008300000002,14268.480354482039,0,600.0
least.bch,unsolved,smearmaxrel,xtaylor,timeout,932528,600.0011520000002,14268.480354482039,0,600.0
least.bch,unsolved,largestfirst,xtaylor,timeout,1326178,600.0003810000003,24674.865853749867,0,600.0
least.bch,unsolved,roundrobin,xtaylor,timeout,1193714,600.0010020000002,16307.471185291033,1548.6724327400968,600.0
like-1.bch,medium,lsmear,xtaylor,unbounded,2606,3.1210840000000006,inf,-inf,600.0
like-1.bch,medium,lsmear-box,xtaylor,unbounded,2606,3.142404000000001,inf,-inf,600.0
like-1.bch,medium,smearsumrel,xtaylor,unbounded,2606,3.133028000000001,inf,-inf,600.0
like-1.bch,medium,smearsum,xtaylor,unbounded,2606,3.125616000000001,inf,-inf,600.0
like-1.bch,medium,smearmax,xtaylor,unbounded,2606,3.1305430000000007,inf,-inf,600.0
like-1.bch,medium,smearmaxrel,xtaylor,unbounded,2606,3.137609000000001,inf,-inf,600.0
like-1.bch,medium,largestfirst,xtaylor,unbounded,2606,3.019470000000001,inf,-inf,600.0
like-1.bch,medium,roundrobin,xtaylor,unbounded,2708,1.0662420000000006,1860.7819445436835,-inf,600.0
like.bch,medium,lsmear,xtaylor,unbounded,2638,3.153578000000001,inf,-inf,600.0
like.bch,medium,lsmear-box,xtaylor,unbounded,2638,3.154324000000001,inf,-inf,600.0
like.bch,medium,smearsumrel,xtaylor,unbounded,2638,3.1826340000000006,inf,-inf,600.0
like.bch,medium,smearsum,xtaylor,unbounded,2638,3.1608510000000005,inf,-inf,600.0
like.bch,medium,smearmax,xtaylor,unbounded,2638,3.177679000000001,inf,-inf,600.0
like.bch,medium,smearmaxrel,xtaylor,unbounded,2638,3.1424180000000006,inf,-inf,600.0
like.bch,medium,largestfirst,xtaylor,unbounded,2638,3.0423360000000006,inf,-inf,600.0
like.bch,medium,roundrobin,xtaylor,unbounded,2722,1.6046510000000003,4594.391479275381,-inf,600.0
linear.bch,medium,lsmear,xtaylor,complete,322,4.814649000000002,89.06775729688903,88.97877851837067,600.0
linear.bch,medium,lsmear-box,xtaylor,complete,14962,100.02843600000003,89.05622789629169,88.96726063565605,600.0
linear.bch,medium,smearsumrel,xtaylor,complete,23776,150.27803000000006,89.05814397761674,88.96917480281394,600.0
linear.bch,medium,smearsum,xtaylor,complete,20596,132.94300400000003,89.0287131035773,88.93977333024706,600.0
linear.bch,medium,smearmax,xtaylor,complete,10312,73.98107800000001,89.03667114908734,88.94772342566169,600.0
linear.bch,medium,smearmaxrel,xtaylor,complete,4292,35.882017000000005,89.07527668470578,88.98629039431148,600.0
linear.bch,medium,largestfirst,xtaylor,timeout,79958,600.0023690000002,92.03465132802427,1.5046327690530346e-34,600.0
linear.bch,medium,roundrobin,xtaylor,complete,3874,11.976571000000005,89.05419173148532,88.96522650498035,600.0
loadbal.bch,coconutbenchmark-library2,lsmear,xtaylor,timeout,1915794,600.0000680000002,0.6171134156612641,-inf,600.0
loadbal.bch,coconutbenchmark-library2,lsmear-box,xtaylor,timeout,1908916,600.0000060000002,0.6171134156612641,-inf,600.0
loadbal.bch,coconutbenchmark-library2,smearsumrel,xtaylor,timeout,1904724,600.0004100000002,0.6171134156612641,-inf,600.0
loadbal.bch,coconutbenchmark-library2,smearsum,xtaylor,timeout,1904504,600.0001440000002,0.6171134156612641,-inf,600.0
loadbal.bch,coconutbenchmark-library2,smearmax,xtaylor,timeout,1905318,600.0004760000003,0.6171134156612641,-inf,600.0
loadbal.bch,coconutbenchmark-library2,smearmaxrel,xtaylor,timeout,1911038,600.0002240000003,0.6171134156612641,-inf,600.0
loadbal.bch,coconutbenchmark-library2,largestfirst,xtaylor,timeout,2095584,600.0004340000003,0.6171134156612641,-inf,600.0
loadbal.bch,coconutbenchmark-library2,roundrobin,xtaylor,timeout,1159886,600.0001550000002,0.6387639377643201,-inf,600.0
lotschd.bch,coconutbenchmark-library2,lsmear,xtaylor,complete,2,0.013207000000000003,2398.415837407334,2396.019817589745,600.0
lotschd.bch,coconutbenchmark-library2,lsmear-box,xtaylor,complete,2,0.01310400000000001,2398.415837407334,2396.019817589745,600.0
lotschd.bch,coconutbenchmark-library2,smearsumrel,xtaylor,complete,2,0.016488000000000006,2398.415837407334,2396.019817589745,600.0
lotschd.bch,coconutbenchmark-library2,smearsum,xtaylor,complete,2,0.019913000000000004,2398.415837407334,2396.019817589745,600.0
lotschd.bch,coconutbenchmark-library2,smearmax,xtaylor,complete,2,0.020002000000000002,2398.415837407334,2396.019817589745,600.0
lotschd.bch,coconutbenchmark-library2,smearmaxrel,xtaylor,complete,2,0.01971400000000001,2398.415837407334,2396.019817589745,600.0
lotschd.bch,coconutbenchmark-library2,largestfirst,xtaylor,complete,2,0.01205900000000001,2398.415837407334,2396.019817589745,600.0
lotschd.bch,coconutbenchmark-library2,roundrobin,xtaylor,complete,2,0.011942000000000001,2398.415837407334,2396.019817589745,600.0
m4wd.bch,easy,lsmear,xtaylor,complete,350,0.46900600000000015,0.029317440388890625,0.029288152236653972,600.0
m4wd.bch,easy,lsmear-box,xtaylor,complete,282,0.40931000000000006,0.02931679540109413,0.02928750789320093,600.0
m4wd.bch,easy,smearsumrel,xtaylor,complete,216,0.3046560000000001,0.029316991460781143,0.029287703757024122,600.0
m4wd.bch,easy,smearsum,xtaylor,complete,570,0.7038160000000002,0.029311394613465422,0.02928211250096446,600.0
m4wd.bch,easy,smearmax,xtaylor,complete,576,0.6759080000000003,0.029312555486309535,0.029283272214095442,600.0
m4wd.bch,easy,smearmaxrel,xtaylor,complete,1088,1.3262810000000005,0.029310927708564496,0.029281646062501998,600.0
m4wd.bch,easy,largestfirst,xtaylor,timeout,480354,600.0006950000002,0.029311227743104074,0.0281372342500711,600.0
m4wd.bch,easy,roundrobin,xtaylor,complete,406,0.5161820000000001,0.02931434560641091,0.02928506054586505,600.0
makela3.bch,coconutbenchmark-library2,lsmear,xtaylor,complete,3062,1.5271820000000005,1.9090181766298808e-08,0,600.0
makela3.bch,coconutbenchmark-library2,lsmear-box,xtaylor,complete,3062,1.5085140000000006,1.9090181766298808e-08,0,600.0
makela3.bch,coconutbenchmark-library2,smearsumrel,xtaylor,complete,3062,1.4294410000000004,1.9090181766298808e-08,0,600.0
makela3.bch,coconutbenchmark-library2,smearsum,xtaylor,complete,3062,1.4548880000000004,1.9090181766298808e-08,0,600.0
makela3.bch,coconutbenchmark-library2,smearmax,xtaylor,complete,18450,20.215040000000005,3.743818624504811e-08,0,600.0
makela3.bch,coconutbenchmark-library2,smearmaxrel,xtaylor,complete,18472,20.583173000000006,8.870741579281717e-09,0,600.0
makela3.bch,coconutbenchmark-library2,largestfirst,xtaylor,complete,32952,23.470333000000007,4.514926293676334e-08,0,600.0
makela3.bch,coconutbenchmark-library2,roundrobin,xtaylor,complete,11266,12.399921000000004,9.806998895670037e-08,0,600.0
makela4.bch,coconutbenchmark-library2,lsmear,xtaylor,complete,0,1.000000000001e-06,1e-09,-9.899999999999997e-08,600.0
makela4.bch,coconutbenchmark-library2,lsmear-box,xtaylor,complete,0,1.000000000001e-06,1e-09,-9.899999999999997e-08,600.0
makela4.bch,coconutbenchmark-library2,smearsumrel,xtaylor,complete,0,1.000000000001e-06,1e-09,-9.899999999999997e-08,600.0
makela4.bch,coconutbenchmark-library2,smearsum,xtaylor,complete,0,2.000000000002e-06,1e-09,-9.899999999999997e-08,600.0
makela4.bch,coconutbenchmark-library2,smearmax,xtaylor,complete,0,1.9999999999985307e-06,1e-09,-9.899999999999997e-08,600.0
makela4.bch,coconutbenchmark-library2,smearmaxrel,xtaylor,complete,0,1.9999999999985307e-06,1e-09,-9.899999999999997e-08,600.0
makela4.bch,coconutbenchmark-library2,largestfirst,xtaylor,complete,0,1.000000000001e-06,1e-09,-9.899999999999997e-08,600.0
makela4.bch,coconutbenchmark-library2,roundrobin,xtaylor,complete,0,1.000000000001e-06,1e-09,-9.899999999999997e-08,600.0
matrix2.bch,coconutbenchmark-library2,lsmear,xtaylor,complete,5656,2.015429000000001,3.459566598295274e-08,0,600.0
matrix2.bch,coconutbenchmark-library2,lsmear-box,xtaylor,complete,5656,1.9778770000000003,3.459566598295274e-08,0,600.0
matrix2.bch,coconutbenchmark-library2,smearsumrel,xtaylor,complete,5662,1.7948920000000004,2.7249344655960163e-08,0,600.0
matrix2.bch,coconutbenchmark-library2,smearsum,xtaylor,complete,5490,1.6484910000000004,6.72516083439194e-08,0,600.0
matrix2.bch,coconutbenchmark-library2,smearmax,xtaylor,complete,5616,1.6118610000000004,2.4885315010465968e-08,0,600.0
matrix2.bch,coconutbenchmark-library2,smearmaxrel,xtaylor,complete,5486,1.7370320000000004,5.781200497066938e-08,0,600.0
matrix2.bch,coconutbenchmark-library2,largestfirst,xtaylor,complete,3294,0.7944770000000003,6.703282648333262e-09,0,600.0
matrix2.bch,coconutbenchmark-library2,roundrobin,xtaylor,complete,3092,1.1485620000000003,6.243038540931753e-08,0,600.0
mconcon.bch,coconutbenchmark-library2,lsmear,xtaylor,timeout,257532,600.0028780000001,inf,-24222272.90114686,600.0
mconcon.bch,coconutbenchmark-library2,lsmear-box,xtaylor,timeout,213418,600.0002400000001,inf,-24222272.90114686,600.0
mconcon.bch,coconutbenchmark-library2,smearsumrel,xtaylor,timeout,374870,600.0028420000001,inf,-24222272.90114686,600.0
mconcon.bch,coconutbenchmark-library2,smearsum,xtaylor,timeout,318398,600.0004180000002,inf,-24222272.90114686,600.0
mconcon.bch,coconutbenchmark-library2,smearmax,xtaylor,timeout,387948,600.0054350000001,inf,-24222272.90114686,600.0
mconcon.bch,coconutbenchmark-library2,smearmaxrel,xtaylor,timeout,1112542,600.0001570000003,inf,-24222272.90114686,600.0
mconcon.bch,coconutbenchmark-library2,largestfirst,xtaylor,timeout,240092,600.0009410000002,inf,-24222272.90114686,600.0
mconcon.bch,coconutbenchmark-library2,roundrobin,xtaylor,timeout,370056,600.0020050000002,inf,-959578.3206955389,600.0
meanvar.bch,medium,lsmear,xtaylor,complete,934,2.0182750000000005,5.243555919890058,5.238317602287771,600.0
meanvar.bch,medium,lsmear-box,xtaylor,complete,934,2.0083610000000007,5.243555919890058,5.238317602287771,600.0
meanvar.bch,medium,smearsumrel,xtaylor,complete,706,1.6817930000000005,5.2438748567553395,5.238636220534806,600.0
meanvar.bch,medium,smearsum,xtaylor,complete,716,1.6215630000000003,5.2437448028413725,5.238506296544829,600.0
meanvar.bch,medium,smearmax,xtaylor,complete,708,1.6345200000000004,5.243718998104194,5.238480517586608,600.0
meanvar.bch,medium,smearmaxrel,xtaylor,complete,784,1.7456280000000006,5.243795343263434,5.238556786476958,600.0
meanvar.bch,medium,largestfirst,xtaylor,timeout,540118,600.0001770000002,5.243418911412308,0,600.0
meanvar.bch,medium,roundrobin,xtaylor,complete,934,1.9631380000000005,5.244076451476197,5.238837613862335,600.0
minlphi.bch,blowup,lsmear,xtaylor,timeout,111282,600.0052100000001,inf,-inf,600.0
minlphi.bch,blowup,lsmear-box,xtaylor,timeout,118616,600.0022200000001,inf,-inf,600.0
minlphi.bch,blowup,smearsumrel,xtaylor,timeout,213656,600.0080760000002,inf,-inf,600.0
minlphi.bch,blowup,smearsum,xtaylor,timeout,146398,600.0022620000002,inf,-inf,600.0
minlphi.bch,blowup,smearmax,xtaylor,timeout,137936,600.0045670000001,inf,-inf,600.0
minlphi.bch,blowup,smearmaxrel,xtaylor,timeout,198600,600.0022330000004,inf,-inf,600.0
minlphi.bch,blowup,largestfirst,xtaylor,timeout,200348,600.0057590000001,inf,-inf,600.0
minlphi.bch,blowup,roundrobin,xtaylor,timeout,166506,600.0098090000002,inf,582.236124055936,600.0
minlphi1.bch,blowup,lsmear,xtaylor,timeout,192804,600.0002810000001,inf,-inf,600.0
minlphi1.bch,blowup,lsmear-box,xtaylor,timeout,182574,600.0030960000003,inf,-inf,600.0
minlphi1.bch,blowup,smearsumrel,xtaylor,timeout,373350,600.0024660000001,inf,-inf,600.0
minlphi1.bch,blowup,smearsum,xtaylor,timeout,232044,600.0025610000002,inf,-inf,600.0
minlphi1.bch,blowup,smearmax,xtaylor,timeout,215580,600.0064880000002,inf,-inf,600.0
minlphi1.bch,blowup,smearmaxrel,xtaylor,timeout,336354,600.0024810000002,inf,-inf,600.0
minlphi1.bch,blowup,largestfirst,xtaylor,timeout,324348,600.0015310000002,inf,-inf,600.0
minlphi1.bch,blowup,roundrobin,xtaylor,timeout,256402,600.0008100000002,inf,582.2361121734533,600.0
mistake.bch,coconutbenchmark-library2,lsmear,xtaylor,timeout,221544,600.0036250000002,-0.9999010676317628,-1.0048085907589743,600.0
mistake.bch,coconutbenchmark-library2,lsmear-box,xtaylor,timeout,221578,600.0014490000002,-0.999917997831622,-1.0044758468884376,600.0
mistake.bch,coconutbenchmark-library2,smearsumrel,xtaylor,timeout,221340,600.0048250000001,-0.9997885543302976,-1.3542166311903778,600.0
mistake.bch,coconutbenchmark-library2,smearsum,xtaylor,timeout,195622,600.0035710000001,-0.9999573703183026,-1.0051558886696705,600.0
mistake.bch,coconutbenchmark-library2,smearmax,xtaylor,timeout,187880,600.0011430000002,-0.9999557195978006,-1.0050508481661453,600.0
mistake.bch,coconutbenchmark-library2,smearmaxrel,xtaylor,timeout,166510,600.0119380000002,inf,-10000000054711228,600.0
mistake.bch,coconutbenchmark-library2,largestfirst,xtaylor,timeout,125752,600.0036470000002,-0.9962312936697921,-783759614.0715617,600.0
mistake.bch,coconutbenchmark-library2,roundrobin,xtaylor,timeout,210890,600.0042570000002,-0.9999553831808738,-1.0055890730797166,600.0
modele_opti.bch,coconutbenchmark-library2,lsmear,xtaylor,timeout,3794600,600.0001930000002,-70327.69650099911,-inf,600.0
modele_opti.bch,coconutbenchmark-library2,lsmear-box,xtaylor,timeout,3798800,600.0000700000002,-79296.58347486284,-inf,600.0
modele_opti.bch,coconutbenchmark-library2,smearsumrel,xtaylor,timeout,3767198,600.0000350000003,-79296.57234196183,-inf,600.0
modele_opti.bch,coconutbenchmark-library2,smearsum,xtaylor,timeout,3754832,600.0002140000003,-12807.269398942382,-inf,600.0
modele_opti.bch,coconutbenchmark-library2,smearmax,xtaylor,timeout,3844306,600.0000360000001,-70546.53025821556,-inf,600.0
modele_opti.bch,coconutbenchmark-library2,smearmaxrel,xtaylor,timeout,3528654,600.0001640000002,-79296.57234196183,-inf,600.0
modele_opti.bch,coconutbenchmark-library2,largestfirst,xtaylor,timeout,4104372,600.0002860000002,-10363.676724346988,-inf,600.0
modele_opti.bch,coconutbenchmark-library2,roundrobin,xtaylor,unbounded,790,1.3381780000000003,inf,-inf,600.0
odfits.bch,coconutbenchmark-library2,lsmear,xtaylor,complete,18460,33.86588000000002,-2379.8661453286995,-2382.2483937224215,600.0
odfits.bch,coconutbenchmark-library2,lsmear-box,xtaylor,complete,20078,35.10035600000001,-2379.9229715120873,-2382.3052767888757,600.0
odfits.bch,coconutbenchmark-library2,smearsumrel,xtaylor,timeout,399792,600.0000680000003,-2379.8451004856815,-2806.010855430581,600.0
odfits.bch,coconutbenchmark-library2,smearsum,xtaylor,complete,13206,25.175242000000004,-2379.9736850869454,-2382.356041128073,600.0
odfits.bch,coconutbenchmark-library2,smearmax,xtaylor,complete,15438,30.658021000000005,-2379.961416481333,-2382.343760241574,600.0
odfits.bch,coconutbenchmark-library2,smearmaxrel,xtaylor,timeout,516014,600.0033310000001,-2216.98752834224,-45085204.55021651,600.0
odfits.bch,coconutbenchmark-library2,largestfirst,xtaylor,timeout,391012,600.0015540000002,-1529.3744829805555,-93781708.92269793,600.0
odfits.bch,coconutbenchmark-library2,roundrobin,xtaylor,complete,96468,105.86095800000004,-2379.9639710800348,-2382.346317397432,600.0
optcntrl.bch,coconutbenchmark-library2,lsmear,xtaylor,complete,0,1.000000000001e-06,549.9999905803837,549.4505400403435,600.0
optcntrl.bch,coconutbenchmark-library2,lsmear-box,xtaylor,complete,0,2.000000000002e-06,549.9999905803837,549.4505400403435,600.0
optcntrl.bch,coconutbenchmark-library2,smearsumrel,xtaylor,complete,0,2.000000000002e-06,549.9999905803837,549.4505400403435,600.0
optcntrl.bch,coconutbenchmark-library2,smearsum,xtaylor,complete,0,2.000000000002e-06,549.9999905803837,549.4505400403435,600.0
optcntrl.bch,coconutbenchmark-library2,smearmax,xtaylor,complete,0,1.000000000001e-06,549.9999905803837,549.4505400403435,600.0
optcntrl.bch,coconutbenchmark-library2,smearmaxrel,xtaylor,complete,0,1.000000000001e-06,549.9999905803837,549.4505400403435,600.0
optcntrl.bch,coconutbenchmark-library2,largestfirst,xtaylor,complete,0,2.000000000002e-06,549.9999905803837,549.4505400403435,600.0
optcntrl.bch,coconutbenchmark-library2,roundrobin,xtaylor,complete,0,1.000000000001e-06,549.9999905803837,549.4505400403435,600.0
optmass.bch,coconutbenchmark-library2,lsmear,xtaylor,timeout,27380,600.0319770000002,inf,-0.5733444854109502,600.0
optmass.bch,coconutbenchmark-library2,lsmear-box,xtaylor,timeout,27090,600.0810010000002,inf,-0.5733444854109502,600.0
optmass.bch,coconutbenchmark-library2,smearsumrel,xtaylor,timeout,23680,600.0071450000004,-0.1791095339380777,-0.5483731806713205,600.0
optmass.bch,coconutbenchmark-library2,smearsum,xtaylor,timeout,18470,600.1137260000003,-0.1799154968668036,-0.6339563715800559,600.0
optmass.bch,coconutbenchmark-library2,smearmax,xtaylor,timeout,25166,600.0665730000002,-0.17089528858208447,-0.6550478772670519,600.0
optmass.bch,coconutbenchmark-library2,smearmaxrel,xtaylor,timeout,55492,600.0113400000002,-0.1483259855270714,-0.6482641223848628,600.0
optmass.bch,coconutbenchmark-library2,largestfirst,xtaylor,timeout,46158,600.0071880000003,inf,-0.6597576266650557,600.0
optmass.bch,coconutbenchmark-library2,roundrobin,xtaylor,timeout,18722,600.0371000000001,-0.11510648494203055,-0.625106367620056,600.0
optprloc.bch,coconutbenchmark-library2,lsmear,xtaylor,complete,6,0.12356200000000012,-16.41135693400454,-16.42778471872326,600.0
optprloc.bch,coconutbenchmark-library2,lsmear-box,xtaylor,complete,6,0.12303100000000017,-16.41135693400454,-16.42778471872326,600.0
optprloc.bch,coconutbenchmark-library2,smearsumrel,xtaylor,complete,4,0.2350910000000001,-16.407759693251055,-16.42418387712818,600.0
optprloc.bch,coconutbenchmark-library2,smearsum,xtaylor,complete,4,0.23375200000000002,-16.407759693251055,-16.42418387712818,600.0
optprloc.bch,coconutbenchmark-library2,smearmax,xtaylor,complete,10,0.4576900000000001,-16.418483456364054,-16.43491837473879,600.0
optprloc.bch,coconutbenchmark-library2,smearmaxrel,xtaylor,complete,18,0.6330560000000003,-16.410746150298326,-16.427173323621943,600.0
optprloc.bch,coconutbenchmark-library2,largestfirst,xtaylor,complete,12,0.3134360000000001,-16.412811067129862,-16.429240307437297,600.0
optprloc.bch,coconutbenchmark-library2,roundrobin,xtaylor,complete,8,0.14242800000000005,-16.41861318920534,-16.435048237442782,600.0
orthregb.bch,coconutbenchmark-library2,lsmear,xtaylor,timeout,103326,600.0005600000002,inf,-1.500000019499995e+17,600.0
orthregb.bch,coconutbenchmark-library2,lsmear-box,xtaylor,timeout,102366,600.0088190000001,inf,-1.500000019499995e+17,600.0
orthregb.bch,coconutbenchmark-library2,smearsumrel,xtaylor,timeout,103974,600.0074530000002,inf,-1.500000019499995e+17,600.0
orthregb.bch,coconutbenchmark-library2,smearsum,xtaylor,timeout,105544,600.0038470000002,inf,-1.3000000309999947e+17,600.0
orthregb.bch,coconutbenchmark-library2,smearmax,xtaylor,timeout,87438,600.0040720000002,inf,-1.1000000164999946e+17,600.0
orthregb.bch,coconutbenchmark-library2,smearmaxrel,xtaylor,timeout,92042,600.0083850000002,inf,-1.1000000194999946e+17,600.0
orthregb.bch,coconutbenchmark-library2,largestfirst,xtaylor,error:IbexError,0,0.0,inf,-inf,600.0
orthregb.bch,coconutbenchmark-library2,roundrobin,xtaylor,timeout,90110,600.0097500000002,inf,-1.1000000224999946e+17,600.0
orthrege.bch,coconutbenchmark-library2,lsmear,xtaylor,timeout,93490,600.0035050000002,inf,-2.9640000000000006e+17,600.0
orthrege.bch,coconutbenchmark-library2,lsmear-box,xtaylor,timeout,92802,600.0381800000001,inf,-2.9640000000000006e+17,600.0
orthrege.bch,coconutbenchmark-library2,smearsumrel,xtaylor,timeout,101904,600.0054620000002,inf,-2.9640000000000006e+17,600.0
orthrege.bch,coconutbenchmark-library2,smearsum,xtaylor,timeout,182150,600.0011600000003,inf,-2.9640000000000006e+17,600.0
orthrege.bch,coconutbenchmark-library2,smearmax,xtaylor,timeout,151264,600.0017800000003,inf,-2.300000006286171e+17,600.0
orthrege.bch,coconutbenchmark-library2,smearmaxrel,xtaylor,timeout,73876,600.0103210000003,99999999013296560,-2.9000000000000006e+17,600.0
orthrege.bch,coconutbenchmark-library2,largestfirst,xtaylor,timeout,114250,600.0101940000002,inf,-2.8640000000000003e+17,600.0
orthrege.bch,coconutbenchmark-library2,roundrobin,xtaylor,timeout,41020,600.0015690000001,1.9999999683561206e+17,-2.4000000111042045e+17,600.0
pentagon.bch,coconutbenchmark-library2,lsmear,xtaylor,timeout,833556,600.0009930000001,0.00013886518363134234,7.23565156018426e-08,600.0
pentagon.bch,coconutbenchmark-library2,lsmear-box,xtaylor,timeout,829068,600.0007930000002,0.00013888752050077307,7.235651560111738e-08,600.0
pentagon.bch,coconutbenchmark-library2,smearsumrel,xtaylor,timeout,836706,600.0004190000001,0.00013887499390691162,7.235651560122404e-08,600.0
pentagon.bch,coconutbenchmark-library2,smearsum,xtaylor,timeout,827344,600.0005550000002,0.00013892654061607997,7.23565156011523e-08,600.0
pentagon.bch,coconutbenchmark-library2,smearmax,xtaylor,timeout,837526,600.0014620000002,0.0001389302182172029,7.235651560111672e-08,600.0
pentagon.bch,coconutbenchmark-library2,smearmaxrel,xtaylor,timeout,815232,600.0005030000001,0.00013890582020631285,7.23565156010786e-08,600.0
pentagon.bch,coconutbenchmark-library2,largestfirst,xtaylor,timeout,950962,600.0012930000003,0.0001395824434477885,7.235651560105571e-08,600.0
pentagon.bch,coconutbenchmark-library2,roundrobin,xtaylor,complete,28872,30.706026000000005,0.00013652169113436587,0.00013638530582853737,600.0
polak1.bch,coconutbenchmark-library2,lsmear,xtaylor,complete,4406,0.93278,2.718281829459046,2.715566263195851,600.0
polak1.bch,coconutbenchmark-library2,lsmear-box,xtaylor,complete,4406,0.9334250000000003,2.718281829459046,2.715566263195851,600.0
polak1.bch,coconutbenchmark-library2,smearsumrel,xtaylor,complete,4406,0.9354290000000003,2.718281829459046,2.715566263195851,600.0
polak1.bch,coconutbenchmark-library2,smearsum,xtaylor,complete,4406,0.9363840000000002,2.718281829459046,2.715566263195851,600.0
polak1.bch,coconutbenchmark-library2,smearmax,xtaylor,complete,4406,0.9329480000000003,2.718281829459046,2.715566263195851,600.0
polak1.bch,coconutbenchmark-library2,smearmaxrel,xtaylor,complete,4406,0.9367610000000002,2.718281829459046,2.715566263195851,600.0
polak1.bch,coconutbenchmark-library2,largestfirst,xtaylor,complete,4406,0.7034630000000002,2.718281829459046,2.715566263195851,600.0
polak1.bch,coconutbenchmark-library2,roundrobin,xtaylor,complete,16,0.0022090000000000005,2.718281829459045,2.71556626319585,600.0
polak2.bch,coconutbenchmark-library2,lsmear,xtaylor,complete,22104,1.7464260000000005,54.59815003414477,54.54360642771706,600.0
polak2.bch,coconutbenchmark-library2,lsmear-box,xtaylor,complete,22104,1.7524640000000002,54.59815003414477,54.54360642771706,600.0
polak2.bch,coconutbenchmark-library2,smearsumrel,xtaylor,complete,22104,1.7664500000000005,54.59815003414477,54.54360642771706,600.0
polak2.bch,coconutbenchmark-library2,smearsum,xtaylor,complete,22104,1.7506790000000003,54.59815003414477,54.54360642771706,600.0
polak2.bch,coconutbenchmark-library2,smearmax,xtaylor,complete,22104,1.7649560000000006,54.59815003414477,54.54360642771706,600.0
polak2.bch,coconutbenchmark-library2,smearmaxrel,xtaylor,complete,22104,1.7639230000000004,54.59815003414477,54.54360642771706,600.0
polak2.bch,coconutbenchmark-library2,largestfirst,xtaylor,complete,22104,1.4526620000000006,54.59815003414477,54.54360642771706,600.0
polak2.bch,coconutbenchmark-library2,roundrobin,xtaylor,complete,146,0.10791000000000002,54.61550329888491,54.560942356528386,600.0
polak3.bch,coconutbenchmark-library2,lsmear,xtaylor,timeout,1685628,600.0004380000004,5.937108491649096,2.6895578633467414,600.0
polak3.bch,coconutbenchmark-library2,lsmear-box,xtaylor,timeout,1698062,600.0001770000002,5.937108491649096,2.6895578633467414,600.0
polak3.bch,coconutbenchmark-library2,smearsumrel,xtaylor,timeout,1713394,600.0003040000003,5.937108491649096,2.6895578633467414,600.0
polak3.bch,coconutbenchmark-library2,smearsum,xtaylor,timeout,1690290,600.0002870000002,5.937108491649096,2.6895578633467414,600.0
polak3.bch,coconutbenchmark-library2,smearmax,xtaylor,timeout,1702470,600.0001900000003,5.937108491649096,2.6895578633467414,600.0
polak3.bch,coconutbenchmark-library2,smearmaxrel,xtaylor,timeout,1707364,600.0007620000002,5.937108491649096,2.6895578633467414,600.0
polak3.bch,coconutbenchmark-library2,largestfirst,xtaylor,timeout,1932276,600.0002700000002,5.937108491649096,2.689557863346742,600.0
polak3.bch,coconutbenchmark-library2,roundrobin,xtaylor,timeout,66032,600.0105270000003,5.979268086789619,5.731474244708831,600.0
polak4.bch,coconutbenchmark-library2,lsmear,xtaylor,complete,3224,0.09598300000000003,1.0000004158072788e-09,0,600.0
polak4.bch,coconutbenchmark-library2,lsmear-box,xtaylor,complete,3224,0.09618800000000001,1.0000004158072788e-09,0,600.0
polak4.bch,coconutbenchmark-library2,smearsumrel,xtaylor,complete,3224,0.09360300000000002,1.0000004158072788e-09,0,600.0
polak4.bch,coconutbenchmark-library2,smearsum,xtaylor,complete,3236,0.09731600000000003,1.0000004158072788e-09,0,600.0
polak4.bch,coconutbenchmark-library2,smearmax,xtaylor,complete,3236,0.09610300000000002,1.0000004158072788e-09,0,600.0
polak4.bch,coconutbenchmark-library2,smearmaxrel,xtaylor,complete,3224,0.09812500000000003,1.0000004158072788e-09,0,600.0
polak4.bch,coconutbenchmark-library2,largestfirst,xtaylor,complete,3198,0.08722100000000002,1.0000004158072788e-09,0,600.0
polak4.bch,coconutbenchmark-library2,roundrobin,xtaylor,complete,1270,0.3553580000000001,1.0114846737963035e-09,-9.898851532620368e-08,600.0
polak5.bch,coconutbenchmark-library2,lsmear,xtaylor,complete,4344,0.22472400000000006,50.000000001000146,49.9500499510491,600.0
polak5.bch,coconutbenchmark-library2,lsmear-box,xtaylor,complete,4344,0.22328800000000007,50.000000001000146,49.9500499510491,600.0
polak5.bch,coconutbenchmark-library2,smearsumrel,xtaylor,complete,4344,0.21474500000000005,50.000000001000146,49.9500499510491,600.0
polak5.bch,coconutbenchmark-library2,smearsum,xtaylor,complete,4328,0.21430500000000005,50.00000000100191,49.950049951050865,600.0
polak5.bch,coconutbenchmark-library2,smearmax,xtaylor,complete,4328,0.21545200000000003,50.00000000100191,49.950049951050865,600.0
polak5.bch,coconutbenchmark-library2,smearmaxrel,xtaylor,complete,4328,0.21533700000000006,50.00000000100191,49.950049951050865,600.0
polak5.bch,coconutbenchmark-library2,largestfirst,xtaylor,complete,4346,0.18845000000000003,50.0148841959606,49.96491927668392,600.0
polak5.bch,coconutbenchmark-library2,roundrobin,xtaylor,complete,300,0.05525200000000001,50.000000001,49.95004995104895,600.0
polak6.bch,coconutbenchmark-library2,lsmear,xtaylor,timeout,455264,600.0002230000001,116376,-100000000,600.0
polak6.bch,coconutbenchmark-library2,lsmear-box,xtaylor,timeout,461782,600.0015930000002,114014.5,-100000000,600.0
polak6.bch,coconutbenchmark-library2,smearsumrel,xtaylor,timeout,470152,600.0018920000001,114014.5,-100000000,600.0
polak6.bch,coconutbenchmark-library2,smearsum,xtaylor,timeout,481228,600.0003000000002,95894.1764717102,-100000000,600.0
polak6.bch,coconutbenchmark-library2,smearmax,xtaylor,timeout,455088,600.0024490000002,77941.69940570687,-100000000,600.0
polak6.bch,coconutbenchmark-library2,smearmaxrel,xtaylor,timeout,459614,600.0005090000001,83376.31531302744,-100000000,600.0
polak6.bch,coconutbenchmark-library2,largestfirst,xtaylor,timeout,357826,600.0019130000001,280832.79854412796,-100000000,600.0
polak6.bch,coconutbenchmark-library2,roundrobin,xtaylor,timeout,650182,600.0004590000002,inf,-100000000,600.0
pollut.bch,unsolved,lsmear,xtaylor,timeout,45394,600.0119600000003,-5353167.0906362245,-5693922.192498339,600.0
pollut.bch,unsolved,lsmear-box,xtaylor,timeout,46762,600.0169040000003,-5353167.0906362245,-5651997.620467607,600.0
pollut.bch,unsolved,smearsumrel,xtaylor,timeout,50106,600.0042750000002,-5353167.0906362245,-5966024.79446861,600.0
pollut.bch,unsolved,smearsum,xtaylor,timeout,45408,600.0495980000003,-5353167.0906362245,-5748566.676774389,600.0
pollut.bch,unsolved,smearmax,xtaylor,timeout,45772,600.0222880000001,-5353167.0906362245,-5693922.192498339,600.0
pollut.bch,unsolved,smearmaxrel,xtaylor,timeout,54550,600.0066390000003,-5353167.0906362245,-6565953.290737581,600.0
pollut.bch,unsolved,largestfirst,xtaylor,timeout,74088,600.0028440000002,-5353167.0906362245,-6511168.536064505,600.0
pollut.bch,unsolved,roundrobin,xtaylor,timeout,45896,600.0050390000002,-5353167.0906362245,-6314765.707362714,600.0
polygon25.bch,others,lsmear,xtaylor,timeout,10528,600.0153810000002,inf,-7.1875,600.0
polygon25.bch,others,lsmear-box,xtaylor,timeout,15072,600.0026280000002,inf,-7.562610856728132,600.0
polygon25.bch,others,smearsumrel,xtaylor,timeout,20858,600.0118760000003,-0.7340556783370593,-10.222271824131521,600.0
polygon25.bch,others,smearsum,xtaylor,timeout,19322,600.0019270000003,-0.7429322732148277,-11.000000000000021,600.0
polygon25.bch,others,smearmax,xtaylor,timeout,9484,600.0932610000002,inf,-8.594220851487849,600.0
polygon25.bch,others,smearmaxrel,xtaylor,timeout,34730,600.0072820000003,inf,-11.5,600.0
polygon25.bch,others,largestfirst,xtaylor,timeout,70554,600.0019730000002,inf,-11.5,600.0
polygon25.bch,others,roundrobin,xtaylor,timeout,19076,600.0227230000002,-0.6165111516350238,-11,600.0
portfl1.bch,coconutbenchmark-library2,lsmear,xtaylor,timeout,92494,600.0063180000003,0.020570174917635613,0.008509797303582261,600.0
portfl1.bch,coconutbenchmark-library2,lsmear-box,xtaylor,timeout,94052,600.0057260000002,0.020570174917635613,0.008536661313808955,600.0
portfl1.bch,coconutbenchmark-library2,smearsumrel,xtaylor,timeout,98500,600.0143750000001,0.020650189149417852,0.006992588365165853,600.0
portfl1.bch,coconutbenchmark-library2,smearsum,xtaylor,timeout,99010,600.0035710000003,0.02061503875466516,0.006571012310454624,600.0
portfl1.bch,coconutbenchmark-library2,smearmax,xtaylor,timeout,98820,600.0066280000003,0.02063934240038561,0.006504029311477163,600.0
portfl1.bch,coconutbenchmark-library2,smearmaxrel,xtaylor,timeout,96174,600.0022990000002,0.020671057212155036,0.007737331622162408,600.0
portfl1.bch,coconutbenchmark-library2,largestfirst,xtaylor,timeout,131992,600.0043210000002,0.024807528119043867,0.0007547679850676925,600.0
portfl1.bch,coconutbenchmark-library2,roundrobin,xtaylor,timeout,98640,600.0017170000002,0.020612232351219915,0.009143048372705527,600.0
pressure-vessel.bch,easy,lsmear,xtaylor,complete,8,0.005325000000000001,3085.310372038208,3082.228143894314,600.0
pressure-vessel.bch,easy,lsmear-box,xtaylor,complete,8,0.005613000000000001,3085.310372038208,3082.228143894314,600.0
pressure-vessel.bch,easy,smearsumrel,xtaylor,complete,8,0.005675000000000001,3085.310372038208,3082.228143894314,600.0
pressure-vessel.bch,easy,smearsum,xtaylor,complete,10,0.004793000000000001,3085.655072426925,3082.5724999269983,600.0
pressure-vessel.bch,easy,smearmax,xtaylor,complete,10,0.005035000000000003,3085.655072426925,3082.5724999269983,600.0
pressure-vessel.bch,easy,smearmaxrel,xtaylor,complete,8,0.005714000000000001,3085.310372038208,3082.228143894314,600.0
pressure-vessel.bch,easy,largestfirst,xtaylor,complete,10,0.006236000000000002,3085.829830886557,3082.747083802755,600.0
pressure-vessel.bch,easy,roundrobin,xtaylor,complete,10,0.007034000000000002,3084.719411460836,3081.637773687149,600.0
process.bch,easy,lsmear,xtaylor,complete,154,0.5255690000000002,-1160.3729792993418,-1161.5345138131547,600.0
process.bch,easy,lsmear-box,xtaylor,complete,78,0.3208850000000001,-1161.3361759919107,-1161.4705722173915,600.0
process.bch,easy,smearsumrel,xtaylor,complete,218,0.6169890000000001,-1160.2591186126929,-1161.4205391518444,600.0
process.bch,easy,smearsum,xtaylor,complete,374,1.1298750000000002,-1161.2851238453813,-1162.447571416798,600.0
process.bch,easy,smearmax,xtaylor,complete,334,1.0584400000000003,-1161.3360856113104,-1162.4985841955056,600.0
process.bch,easy,smearmaxrel,xtaylor,complete,1596,1.9118540000000006,-1160.724517038895,-1161.8864034423373,600.0
process.bch,easy,largestfirst,xtaylor,complete,1492,4.763551000000001,-1160.6022599625858,-1161.764023986572,600.0
process.bch,easy,roundrobin,xtaylor,complete,276,0.8141710000000002,-1161.2526046084377,-1162.4150196280655,600.0
prolog.bch,unsolved,lsmear,xtaylor,timeout,55754,600.0070360000002,2.0956285879947245e-06,-44532.43003245804,600.0
prolog.bch,unsolved,lsmear-box,xtaylor,timeout,55662,600.0094570000002,2.0956285879947245e-06,-44686.38770167221,600.0
prolog.bch,unsolved,smearsumrel,xtaylor,timeout,66302,600.0084200000002,9.378239341080189,-197025.47387328465,600.0
prolog.bch,unsolved,smearsum,xtaylor,timeout,49502,600.0254540000002,5.934271030128002e-06,-372662.4599288779,600.0
prolog.bch,unsolved,smearmax,xtaylor,timeout,48150,600.0166280000002,4.533096216619015e-06,-469240.7926803852,600.0
prolog.bch,unsolved,smearmaxrel,xtaylor,timeout,71586,600.0020430000002,354.9691117095639,-590177.5090440139,600.0
prolog.bch,unsolved,largestfirst,xtaylor,timeout,84574,600.0108520000001,111.38641924317928,-71335449.28163102,600.0
prolog.bch,unsolved,roundrobin,xtaylor,timeout,61192,600.0226970000001,26.919755701289034,-15016975.575103171,600.0
qp1-1.bch,unsolved,lsmear,xtaylor,timeout,6582,600.0179320000002,0.03725981724991517,-4.371295943009055,600.0
qp1-1.bch,unsolved,lsmear-box,xtaylor,timeout,6254,600.0679200000003,0.03725981724991517,-4.371295943009055,600.0
qp1-1.bch,unsolved,smearsumrel,xtaylor,timeout,6544,600.1514950000002,0.01816039650974781,-6.018061493979762,600.0
qp1-1.bch,unsolved,smearsum,xtaylor,timeout,5832,600.3001060000001,0.029348060126444364,-4.923092368848432,600.0
qp1-1.bch,unsolved,smearmax,xtaylor,timeout,6538,600.1327180000003,0.017512073336044452,-4.313082677603534,600.0
qp1-1.bch,unsolved,smearmaxrel,xtaylor,timeout,5688,600.1163260000003,0.02883951225488224,-4.949470797269997,600.0
qp1-1.bch,unsolved,largestfirst,xtaylor,timeout,9766,600.0195690000002,0.008231509124126865,-37.918395007348295,600.0
qp1-1.bch,unsolved,roundrobin,xtaylor,timeout,7672,600.0126050000002,0.01697852578231729,-4.806455772984406,600.0
qp1.bch,unsolved,lsmear,xtaylor,timeout,6456,600.0684110000002,0.03462584283766565,-4.396571721701795,600.0
qp1.bch,unsolved,lsmear-box,xtaylor,timeout,6476,600.1003780000002,0.03462584283766565,-4.396571721701795,600.0
qp1.bch,unsolved,smearsumrel,xtaylor,timeout,6326,600.1578780000002,0.01742684578618082,-5.999187333924369,600.0
qp1.bch,unsolved,smearsum,xtaylor,timeout,5898,600.1640930000002,0.01327484170780773,-4.933382663319182,600.0
qp1.bch,unsolved,smearmax,xtaylor,timeout,7394,600.2613340000001,0.022248658667957385,-3.8552443435303725,600.0
qp1.bch,unsolved,smearmaxrel,xtaylor,timeout,5716,600.0936920000001,0.020286466641288546,-4.9823085831874945,600.0
qp1.bch,unsolved,largestfirst,xtaylor,timeout,10382,600.0027610000002,0.006327238969135144,-37.918395272949525,600.0
qp1.bch,unsolved,roundrobin,xtaylor,timeout,7196,600.0098250000003,0.016978525458447285,-4.791230757861167,600.0
qp2.bch,unsolved,lsmear,xtaylor,timeout,12394,600.0291010000002,0.021256478655090866,-4.428724892337877,600.0
qp2.bch,unsolved,lsmear-box,xtaylor,timeout,12474,600.0707280000001,0.021256478655090866,-4.428724892337877,600.0
qp2.bch,unsolved,smearsumrel,xtaylor,timeout,11258,600.0226590000002,0.02935584527281875,-5.014108982495502,600.0
qp2.bch,unsolved,smearsum,xtaylor,timeout,10912,600.0511260000003,0.024297915581615166,-3.711074286385949,600.0
qp2.bch,unsolved,smearmax,xtaylor,timeout,12594,600.0327560000002,0.017709608371633125,-3.6956140183755233,600.0
qp2.bch,unsolved,smearmaxrel,xtaylor,timeout,10274,600.0521940000003,0.03220934062865198,-3.767847524603186,600.0
qp2.bch,unsolved,largestfirst,xtaylor,timeout,19270,600.0397210000002,0.004573500948836257,-37.93126294657967,600.0
qp2.bch,unsolved,roundrobin,xtaylor,timeout,14428,600.0137530000002,0.014536391838681358,-4.732824029494784,600.0
ramsey.bch,blowup,lsmear,xtaylor,complete,112,1.8178050000000003,-2.487222407696942,-2.4877868686026083,600.0
ramsey.bch,blowup,lsmear-box,xtaylor,complete,112,1.8041830000000003,-2.487222407696942,-2.4877868686026083,600.0
ramsey.bch,blowup,smearsumrel,xtaylor,complete,420,7.102765000000001,-2.4867389675792233,-2.4892281957749978,600.0
ramsey.bch,blowup,smearsum,xtaylor,complete,118,1.0954490000000006,-2.486021310413955,-2.4885098202341887,600.0
ramsey.bch,blowup,smearmax,xtaylor,complete,162,1.4059740000000003,-2.487265456979065,-2.489755212191256,600.0
ramsey.bch,blowup,smearmaxrel,xtaylor,complete,1128,14.909639000000004,-2.487132655326611,-2.489622277604215,600.0
ramsey.bch,blowup,largestfirst,xtaylor,timeout,42876,600.0233000000002,-2.4872586361114544,-2.492271973698756,600.0
ramsey.bch,blowup,roundrobin,xtaylor,complete,508,7.307429000000003,-2.485610066680056,-2.4880981648449003,600.0
ramseybis.bch,blowup,lsmear,xtaylor,complete,94,1.3870960000000003,-2.4870155436435795,-2.4884377988603528,600.0
ramseybis.bch,blowup,lsmear-box,xtaylor,complete,76,1.2509490000000003,-2.4870977401337653,-2.4882417124525777,600.0
ramseybis.bch,blowup,smearsumrel,xtaylor,complete,788,13.759912000000002,-2.486541825770876,-2.4890308566275032,600.0
ramseybis.bch,blowup,smearsum,xtaylor,complete,92,1.0149680000000005,-2.4870034570983135,-2.4894929500483616,600.0
ramseybis.bch,blowup,smearmax,xtaylor,complete,68,0.7776330000000001,-2.486018923994978,-2.4885074314264037,600.0
ramseybis.bch,blowup,smearmaxrel,xtaylor,complete,940,11.736835000000003,-2.4871349342975835,-2.4896245588564394,600.0
ramseybis.bch,blowup,largestfirst,xtaylor,complete,4978,71.72711100000002,-2.487024554982243,-2.4895140690512942,600.0
ramseybis.bch,blowup,roundrobin,xtaylor,complete,296,3.8004350000000007,-2.485918824116292,-2.4884072313476393,600.0
rastrigin.bch,easy,lsmear,xtaylor,complete,10,0.007007000000000002,2.1316282072803006e-14,0,600.0
rastrigin.bch,easy,lsmear-box,xtaylor,complete,10,0.007003000000000001,2.1316282072803006e-14,0,600.0
rastrigin.bch,easy,smearsumrel,xtaylor,complete,10,0.006222000000000003,2.1316282072803006e-14,0,600.0
rastrigin.bch,easy,smearsum,xtaylor,complete,10,0.006230000000000001,2.1316282072803006e-14,0,600.0
rastrigin.bch,easy,smearmax,xtaylor,complete,10,0.0066690000000000004,2.1316282072803006e-14,0,600.0
rastrigin.bch,easy,smearmaxrel,xtaylor,complete,14,0.008851000000000003,2.1316282072803006e-14,0,600.0
rastrigin.bch,easy,largestfirst,xtaylor,complete,526,0.21994000000000005,2.240518881535536e-09,0,600.0
rastrigin.bch,easy,roundrobin,xtaylor,complete,10,0.00538,2.1316282072803006e-14,0,600.0
rk23.bch,coconutbenchmark-library2,lsmear,xtaylor,timeout,6580546,600.0000850000001,inf,0,600.0
rk23.bch,coconutbenchmark-library2,lsmear-box,xtaylor,timeout,6621086,600.0001320000001,inf,0,600.0
rk23.bch,coconutbenchmark-library2,smearsumrel,xtaylor,timeout,6607778,600.0000720000002,inf,0,600.0
rk23.bch,coconutbenchmark-library2,smearsum,xtaylor,timeout,6591548,600.0000540000001,inf,0,600.0
rk23.bch,coconutbenchmark-library2,smearmax,xtaylor,timeout,6617692,600.0001780000002,inf,0,600.0
rk23.bch,coconutbenchmark-library2,smearmaxrel,xtaylor,timeout,6596916,600.0001570000002,inf,0,600.0
rk23.bch,coconutbenchmark-library2,largestfirst,xtaylor,timeout,7495180,600.0000840000002,inf,0,600.0
rk23.bch,coconutbenchmark-library2,roundrobin,xtaylor,timeout,6923044,600.0001820000002,inf,0,600.0
robot.bch,coconutbenchmark-library2,lsmear,xtaylor,error:IbexError,0,0.0,inf,-inf,600.0
robot.bch,coconutbenchmark-library2,lsmear-box,xtaylor,error:IbexError,0,0.0,inf,-inf,600.0
robot.bch,coconutbenchmark-library2,smearsumrel,xtaylor,error:IbexError,0,0.0,inf,-inf,600.0
robot.bch,coconutbenchmark-library2,smearsum,xtaylor,error:IbexError,0,0.0,inf,-inf,600.0
robot.bch,coconutbenchmark-library2,smearmax,xtaylor,error:IbexError,0,0.0,inf,-inf,600.0
robot.bch,coconutbenchmark-library2,smearmaxrel,xtaylor,error:IbexError,0,0.0,inf,-inf,600.0
robot.bch,coconutbenchmark-library2,largestfirst,xtaylor,error:IbexError,0,0.0,inf,-inf,600.0
robot.bch,coconutbenchmark-library2,roundrobin,xtaylor,error:IbexError,0,0.0,inf,-inf,600.0
rosenbrock.bch,easy,lsmear,xtaylor,complete,26,0.008664000000000003,8.684164890845983e-08,0,600.0
rosenbrock.bch,easy,lsmear-box,xtaylor,complete,26,0.008683000000000001,8.684164890845983e-08,0,600.0
rosenbrock.bch,easy,smearsumrel,xtaylor,complete,26,0.007573000000000001,8.684164890845983e-08,0,600.0
rosenbrock.bch,easy,smearsum,xtaylor,complete,26,0.007582000000000001,8.684164890845983e-08,0,600.0
rosenbrock.bch,easy,smearmax,xtaylor,complete,26,0.007532000000000002,8.684164890845983e-08,0,600.0
rosenbrock.bch,easy,smearmaxrel,xtaylor,complete,26,0.007532000000000002,8.684164890845983e-08,0,600.0
rosenbrock.bch,easy,largestfirst,xtaylor,complete,26,0.007123000000000001,3.0502629393252446e-08,0,600.0
rosenbrock.bch,easy,roundrobin,xtaylor,complete,44,0.012646000000000001,1.1163298775639015e-09,0,600.0
rosenbrock10.bch,easy,lsmear,xtaylor,complete,362,0.35651600000000006,7.820011099682076e-08,0,600.0
rosenbrock10.bch,easy,lsmear-box,xtaylor,complete,362,0.35029500000000013,7.820011099682076e-08,0,600.0
rosenbrock10.bch,easy,smearsumrel,xtaylor,complete,362,0.3250980000000001,7.820011099682076e-08,0,600.0
rosenbrock10.bch,easy,smearsum,xtaylor,complete,362,0.32238300000000014,7.820011099682076e-08,0,600.0
rosenbrock10.bch,easy,smearmax,xtaylor,complete,362,0.32282700000000014,7.820011099682076e-08,0,600.0
rosenbrock10.bch,easy,smearmaxrel,xtaylor,complete,362,0.32780100000000006,7.820011099682076e-08,0,600.0
rosenbrock10.bch,easy,largestfirst,xtaylor,complete,950,0.5268730000000001,2.5104442994223378e-08,0,600.0
rosenbrock10.bch,easy,roundrobin,xtaylor,complete,304,0.24842900000000004,7.877675956391796e-08,0,600.0
concon.bch,coconutbenchmark-library2,roundrobin,xtaylor,error:IbexError,0,0.0,inf,-inf,600.0
dipigri.bch,coconutbenchmark-library2,largestfirst,xtaylor,error:IbexError,0,0.0,inf,-inf,600.0
ex8_4_2.bch,unsolved,largestfirst,xtaylor,error:IbexError,0,0.0,inf,-inf,600.0
ex8_4_2bis.bch,unsolved,largestfirst,xtaylor,error:IbexError,0,0.0,inf,-inf,600.0
ex8_4_6bis.bch,blowup,lsmear,xtaylor,error:IbexError,0,0.0,inf,-inf,600.0
ex8_4_6bis.bch,blowup,lsmear-box,xtaylor,error:IbexError,0,0.0,inf,-inf,600.0
ex8_4_6bis.bch,blowup,smearmax,xtaylor,error:IbexError,0,0.0,inf,-inf,600.0
ex8_4_6bis.bch,blowup,smearmaxrel,xtaylor,error:IbexError,0,0.0,inf,-inf,600.0
ex8_4_6bis.bch,blowup,largestfirst,xtaylor,error:IbexError,0,0.0,inf,-inf,600.0
hs090.bch,coconutbenchmark-library2,largestfirst,xtaylor,error:IbexError,0,0.0,inf,-inf,600.0
orthregb.bch,coconutbenchmark-library2,largestfirst,xtaylor,error:IbexError,0,0.0,inf,-inf,600.0
robot.bch,coconutbenchmark-library2,lsmear,xtaylor,killed,0,960.0,inf,-inf,600.0
robot.bch,coconutbenchmark-library2,lsmear-box,xtaylor,killed,0,960.0,inf,-inf,600.0
robot.bch,coconutbenchmark-library2,smearsumrel,xtaylor,killed,0,960.0,inf,-inf,600.0
robot.bch,coconutbenchmark-library2,smearsum,xtaylor,killed,0,960.0,inf,-inf,600.0
robot.bch,coconutbenchmark-library2,smearmax,xtaylor,killed,0,960.0,inf,-inf,600.0
robot.bch,coconutbenchmark-library2,smearmaxrel,xtaylor,killed,0,960.0,inf,-inf,600.0
robot.bch,coconutbenchmark-library2,largestfirst,xtaylor,killed,0,960.0,inf,-inf,600.0
robot.bch,coconutbenchmark-library2,roundrobin,xtaylor,killed,0,960.0,inf,-inf,600.0
s365mod.bch,coconutbenchmark-library2,lsmear,xtaylor,timeout,518084,600.0003740000003,inf,0.25000000000000006,600.0
s365mod.bch,coconutbenchmark-library2,lsmear-box,xtaylor,timeout,536584,600.0007220000001,inf,0.25000000000000006,600.0
s365mod.bch,coconutbenchmark-library2,smearsumrel,xtaylor,timeout,625504,600.0010680000003,inf,0.25000000000000006,600.0
s365mod.bch,coconutbenchmark-library2,smearsum,xtaylor,timeout,753834,600.0008670000002,inf,0.25,600.0
s365mod.bch,coconutbenchmark-library2,smearmax,xtaylor,timeout,711820,600.0018070000001,inf,0.25,600.0
s365mod.bch,coconutbenchmark-library2,smearmaxrel,xtaylor,timeout,650510,600.0002310000001,inf,0.25,600.0
s365mod.bch,coconutbenchmark-library2,largestfirst,xtaylor,timeout,356030,600.0065570000002,inf,0.2500000000000006,600.0
s365mod.bch,coconutbenchmark-library2,roundrobin,xtaylor,timeout,691536,600.0026900000003,inf,0.25,600.0
sambal.bch,hard,lsmear,xtaylor,timeout,117084,600.0152390000001,3.996167856487494,3.6760405125163853,600.0
sambal.bch,hard,lsmear-box,xtaylor,timeout,117690,600.0077070000001,3.9999191408094257,3.653904057313409,600.0
sambal.bch,hard,smearsumrel,xtaylor,timeout,122772,600.0027760000003,3.9796865115609403,2.901246793986781,600.0
sambal.bch,hard,smearsum,xtaylor,timeout,111474,600.0086210000002,3.974045998006988,2.9686750622987836,600.0
sambal.bch,hard,smearmax,xtaylor,timeout,108586,600.0021260000002,3.979369262703089,2.852462435963579,600.0
sambal.bch,hard,smearmaxrel,xtaylor,timeout,164850,600.0044370000003,4.076015373722224,1.702404996938922,600.0
sambal.bch,hard,largestfirst,xtaylor,timeout,435886,600.0029020000001,4.656995369288687,1.3645372076067186e-28,600.0
sambal.bch,hard,roundrobin,xtaylor,timeout,114342,600.0016800000001,3.9863799986720525,3.123468130286449,600.0
schaffer.bch,easy,lsmear,xtaylor,complete,66,0.014330000000000006,2.55351295663786e-15,0,600.0
schaffer.bch,easy,lsmear-box,xtaylor,complete,66,0.014097000000000004,2.55351295663786e-15,0,600.0
schaffer.bch,easy,smearsumrel,xtaylor,complete,66,0.013278000000000003,2.55351295663786e-15,0,600.0
schaffer.bch,easy,smearsum,xtaylor,complete,66,0.014122000000000004,2.55351295663786e-15,0,600.0
schaffer.bch,easy,smearmax,xtaylor,complete,66,0.014018000000000006,2.55351295663786e-15,0,600.0
schaffer.bch,easy,smearmaxrel,xtaylor,complete,66,0.014076000000000003,2.55351295663786e-15,0,600.0
schaffer.bch,easy,largestfirst,xtaylor,complete,68,0.015820000000000008,4.648798779260943e-08,0,600.0
schaffer.bch,easy,roundrobin,xtaylor,complete,6,0.0007309999999999999,5.551115123125783e-17,0,600.0
schwefel5-abs.bch,medium,lsmear,xtaylor,timeout,4679476,600.0001960000002,0.5138382092809479,-324.06838738812485,600.0
schwefel5-abs.bch,medium,lsmear-box,xtaylor,timeout,4666234,600.0001260000004,0.5138382092809479,-324.0683873881808,600.0
schwefel5-abs.bch,medium,smearsumrel,xtaylor,timeout,4677762,600.0001090000003,0.5138382092809479,-324.0683873881312,600.0
schwefel5-abs.bch,medium,smearsum,xtaylor,timeout,4603920,600.0000390000002,0.5138382092809479,-324.0683873883004,600.0
schwefel5-abs.bch,medium,smearmax,xtaylor,timeout,4630032,600.0002320000002,0.5138382092809479,-324.0683873882781,600.0
schwefel5-abs.bch,medium,smearmaxrel,xtaylor,timeout,4675506,600.0000720000002,0.5138382092809479,-324.0683873881417,600.0
schwefel5-abs.bch,medium,largestfirst,xtaylor,timeout,4722172,600.0001490000002,0.5138382092809479,-324.06838738788565,600.0
schwefel5-abs.bch,medium,roundrobin,xtaylor,complete,6534,5.944192000000001,6.3660053001513e-05,6.356005300151303e-05,600.0
schwefel5.bch,medium,lsmear,xtaylor,timeout,4423900,600.0000660000003,0.5138307193028595,-324.06838742477703,600.0
schwefel5.bch,medium,lsmear-box,xtaylor,timeout,4537234,600.0002410000002,0.5138307193028595,-324.0683874089841,600.0
schwefel5.bch,medium,smearsumrel,xtaylor,timeout,4492856,600.0002510000004,0.5138307193028595,-324.06838741540423,600.0
schwefel5.bch,medium,smearsum,xtaylor,timeout,4397048,600.0002180000002,0.5138307193028595,-324.06838742837044,600.0
schwefel5.bch,medium,smearmax,xtaylor,timeout,4312196,600.0002370000002,0.5138307193028595,-324.06838743917206,600.0
schwefel5.bch,medium,smearmaxrel,xtaylor,timeout,4450712,600.0002250000002,0.5138307193028595,-324.06838742115497,600.0
schwefel5.bch,medium,largestfirst,xtaylor,timeout,4528068,600.0000830000002,0.5138307193028595,-324.0683874103065,600.0
schwefel5.bch,medium,roundrobin,xtaylor,complete,6628,6.207165000000002,6.364789442159235e-05,6.354789442159238e-05,600.0
ship-1.bch,easy,lsmear,xtaylor,timeout,520952,600.0011400000001,1.114946696622263,0,600.0
ship-1.bch,easy,lsmear-box,xtaylor,timeout,716156,600.0012150000001,1.1155878226017684,0,600.0
ship-1.bch,easy,smearsumrel,xtaylor,timeout,432676,600.0015310000002,1.1056017499633504,0,600.0
ship-1.bch,easy,smearsum,xtaylor,timeout,787796,600.0014200000002,1.152478961767268,0,600.0
ship-1.bch,easy,smearmax,xtaylor,timeout,595452,600.0019250000003,1.1170756038323173,0,600.0
ship-1.bch,easy,smearmaxrel,xtaylor,timeout,692470,600.0009330000001,1.1177988334468354,0,600.0
ship-1.bch,easy,largestfirst,xtaylor,timeout,707688,600.0023230000002,1.1114066258968145,0,600.0
ship-1.bch,easy,roundrobin,xtaylor,complete,222,0.37080300000000016,0,0,600.0
ship.bch,others,lsmear,xtaylor,unbounded,2900,17.744911000000005,inf,-inf,600.0
ship.bch,others,lsmear-box,xtaylor,unbounded,2900,17.712374000000004,inf,-inf,600.0
ship.bch,others,smearsumrel,xtaylor,unbounded,2900,18.204911000000006,inf,-inf,600.0
ship.bch,others,smearsum,xtaylor,unbounded,2900,17.757454000000003,inf,-inf,600.0
ship.bch,others,smearmax,xtaylor,unbounded,2900,17.729523000000007,inf,-inf,600.0
ship.bch,others,smearmaxrel,xtaylor,unbounded,2900,17.660168000000006,inf,-inf,600.0
ship.bch,others,largestfirst,xtaylor,unbounded,2900,17.870413000000006,inf,-inf,600.0
ship.bch,others,roundrobin,xtaylor,unbounded,856,0.24637900000000004,inf,-inf,600.0
srcpm.bch,medium,lsmear,xtaylor,complete,364,6.147494000000001,2110.2067879308593,2108.098689241618,600.0
srcpm.bch,medium,lsmear-box,xtaylor,complete,360,6.228248000000002,2110.1650930449855,2108.057036008977,600.0
srcpm.bch,medium,smearsumrel,xtaylor,timeout,57874,600.0373230000002,2119.9399591843926,1457.8124755836361,600.0
srcpm.bch,medium,smearsum,xtaylor,complete,1070,17.869910000000004,2110.153004590789,2108.0449596311582,600.0
srcpm.bch,medium,smearmax,xtaylor,complete,412,7.047314000000002,2110.369512566858,2108.2612513155427,600.0
srcpm.bch,medium,smearmaxrel,xtaylor,timeout,69642,600.0083750000001,2122.2203991965825,1255.4662216135216,600.0
srcpm.bch,medium,largestfirst,xtaylor,timeout,123178,600.0015250000001,2136.3474158204217,1134.102053623438,600.0
srcpm.bch,medium,roundrobin,xtaylor,timeout,67844,600.0234120000001,2115.767548455716,1269.4628767421352,600.0
synthes1.bch,coconutbenchmark-library2,lsmear,xtaylor,complete,26,0.059657000000000016,0.7599282550822171,0.7591690859962209,600.0
synthes1.bch,coconutbenchmark-library2,lsmear-box,xtaylor,complete,26,0.05956000000000001,0.7599282550822171,0.7591690859962209,600.0
synthes1.bch,coconutbenchmark-library2,smearsumrel,xtaylor,complete,32,0.06737700000000002,0.7594382293299304,0.7586795497801504,600.0
synthes1.bch,coconutbenchmark-library2,smearsum,xtaylor,complete,38,0.06995800000000002,0.7594117556736961,0.7586531025711251,600.0
synthes1.bch,coconutbenchmark-library2,smearmax,xtaylor,complete,32,0.06190100000000002,0.7597631274958871,0.7590041233725148,600.0
synthes1.bch,coconutbenchmark-library2,smearmaxrel,xtaylor,complete,34,0.07482000000000004,0.7595261758155551,0.7587674084071481,600.0
synthes1.bch,coconutbenchmark-library2,largestfirst,xtaylor,complete,406,0.41784100000000013,0.7593256225718186,0.7585670555163023,600.0
synthes1.bch,coconutbenchmark-library2,roundrobin,xtaylor,complete,56,0.08852000000000002,0.7593117014807262,0.758553148332394,600.0
test_infinity2.bch,easy,lsmear,xtaylor,complete,4,0.001281,0,0,600.0
test_infinity2.bch,easy,lsmear-box,xtaylor,complete,4,0.0014700000000000004,0,0,600.0
test_infinity2.bch,easy,smearsumrel,xtaylor,complete,4,0.0013720000000000004,0,0,600.0
test_infinity2.bch,easy,smearsum,xtaylor,complete,10,0.0031510000000000006,0,0,600.0
test_infinity2.bch,easy,smearmax,xtaylor,complete,10,0.002764000000000001,0,0,600.0
test_infinity2.bch,easy,smearmaxrel,xtaylor,complete,4,0.0014020000000000007,0,0,600.0
test_infinity2.bch,easy,largestfirst,xtaylor,complete,32,0.008460000000000002,1.2366757231057333e-08,0,600.0
test_infinity2.bch,easy,roundrobin,xtaylor,complete,4,0.001038,0,0,600.0
test_infinity3.bch,others,lsmear,xtaylor,unbounded,112,0.002898000000000001,5.9086217615757586e+56,-inf,600.0
test_infinity3.bch,others,lsmear-box,xtaylor,unbounded,112,0.0029910000000000006,5.9086217615757586e+56,-inf,600.0
test_infinity3.bch,others,smearsumrel,xtaylor,unbounded,112,0.0029360000000000007,5.9086217615757586e+56,-inf,600.0
test_infinity3.bch,others,smearsum,xtaylor,unbounded,112,0.002887000000000001,5.9086217615757586e+56,-inf,600.0
test_infinity3.bch,others,smearmax,xtaylor,unbounded,112,0.0033140000000000005,5.9086217615757586e+56,-inf,600.0
test_infinity3.bch,others,smearmaxrel,xtaylor,unbounded,112,0.0029150000000000005,5.9086217615757586e+56,-inf,600.0
test_infinity3.bch,others,largestfirst,xtaylor,unbounded,112,0.0029100000000000016,5.9086217615757586e+56,-inf,600.0
test_infinity3.bch,others,roundrobin,xtaylor,unbounded,110,0.003060000000000001,5.9086217615757586e+56,-inf,600.0
test_infinity4.bch,others,lsmear,xtaylor,unbounded,214,0.012714000000000005,-1.7976931348623157e+308,-inf,600.0
test_infinity4.bch,others,lsmear-box,xtaylor,unbounded,214,0.012027000000000003,-1.7976931348623157e+308,-inf,600.0
test_infinity4.bch,others,smearsumrel,xtaylor,unbounded,214,0.011931000000000002,-1.7976931348623157e+308,-inf,600.0
test_infinity4.bch,others,smearsum,xtaylor,unbounded,214,0.012058000000000003,-1.7976931348623157e+308,-inf,600.0
test_infinity4.bch,others,smearmax,xtaylor,unbounded,214,0.012008000000000001,-1.7976931348623157e+308,-inf,600.0
test_infinity4.bch,others,smearmaxrel,xtaylor,unbounded,214,0.011773000000000004,-1.7976931348623157e+308,-inf,600.0
test_infinity4.bch,others,largestfirst,xtaylor,unbounded,214,0.012302000000000002,-1.7976931348623157e+308,-inf,600.0
test_infinity4.bch,others,roundrobin,xtaylor,unbounded,218,0.011827000000000002,-1.7976931348623157e+308,-inf,600.0
wall.bch,easy,lsmear,xtaylor,complete,10,0.016380000000000006,-1.0000046713908908,-1.0000056086090123,600.0
wall.bch,easy,lsmear-box,xtaylor,complete,10,0.015542,-1.0000046713908908,-1.0000056086090123,600.0
wall.bch,easy,smearsumrel,xtaylor,complete,10,0.015077000000000002,-1.0000046713908908,-1.0000056086090123,600.0
wall.bch,easy,smearsum,xtaylor,complete,10,0.01596600000000001,-1.0000046713908908,-1.0000056086090123,600.0
wall.bch,easy,smearmax,xtaylor,complete,10,0.015133000000000006,-1.0000046713908908,-1.0000056086090123,600.0
wall.bch,easy,smearmaxrel,xtaylor,complete,10,0.01524600000000001,-1.0000046713908908,-1.0000056086090123,600.0
wall.bch,easy,largestfirst,xtaylor,complete,10,0.015191000000000005,-1.0000046713908908,-1.0000056086090123,600.0
wall.bch,easy,roundrobin,xtaylor,complete,8,0.012905000000000003,-0.9999953465968965,-1.000996342939836,600.0
water-abs.bch,unsolved,lsmear,xtaylor,timeout,26820,600.0532470000002,1716.616554729162,413.6356536718676,600.0
water-abs.bch,unsolved,lsmear-box,xtaylor,timeout,16888,600.0749820000002,inf,550.7117945626289,600.0
water-abs.bch,unsolved,smearsumrel,xtaylor,timeout,27004,600.0083520000002,1354.4444509012073,235.79644509012246,600.0
water-abs.bch,unsolved,smearsum,xtaylor,timeout,25274,600.0473560000001,1723.254833442557,241.19850569498212,600.0
water-abs.bch,unsolved,smearmax,xtaylor,timeout,26680,600.0806300000003,1640.212763298737,233.45088021494138,600.0
water-abs.bch,unsolved,smearmaxrel,xtaylor,timeout,27378,600.0138100000001,1976.8665127634758,220.48504873845877,600.0
water-abs.bch,unsolved,largestfirst,xtaylor,timeout,77490,600.0063440000001,inf,141.25176120977434,600.0
water-abs.bch,unsolved,roundrobin,xtaylor,timeout,31958,600.0349710000002,inf,450.6878928097197,600.0
water.bch,unsolved,lsmear,xtaylor,timeout,47590,600.0190670000002,inf,141.25176120954777,600.0
water.bch,unsolved,lsmear-box,xtaylor,timeout,47264,600.0078500000002,inf,141.25176120954777,600.0
water.bch,unsolved,smearsumrel,xtaylor,timeout,46950,600.0167490000002,inf,141.25176120954777,600.0
water.bch,unsolved,smearsum,xtaylor,timeout,47536,600.0069810000001,inf,141.25176120954777,600.0
water.bch,unsolved,smearmax,xtaylor,timeout,47392,600.0110610000003,inf,141.25176120954777,600.0
water.bch,unsolved,smearmaxrel,xtaylor,timeout,47192,600.0147760000002,inf,141.25176120954777,600.0
water.bch,unsolved,largestfirst,xtaylor,timeout,47282,600.0040480000002,inf,141.25176120954777,600.0
water.bch,unsolved,roundrobin,xtaylor,timeout,44952,600.0021310000002,inf,141.29570655255034,600.0
water1-abs.bch,unsolved,lsmear,xtaylor,timeout,24512,600.0544300000001,50592.48148544645,156.3749593195557,600.0
water1-abs.bch,unsolved,lsmear-box,xtaylor,timeout,19328,600.0044260000002,inf,214.87171842480228,600.0
water1-abs.bch,unsolved,smearsumrel,xtaylor,timeout,30026,600.0149190000002,28201.941601013157,158.39457632612033,600.0
water1-abs.bch,unsolved,smearsum,xtaylor,timeout,22262,600.1664520000003,246194.13312169735,147.40478421888753,600.0
water1-abs.bch,unsolved,smearmax,xtaylor,timeout,21732,600.0587950000003,inf,146.40399181325157,600.0
water1-abs.bch,unsolved,smearmaxrel,xtaylor,timeout,31284,600.0088960000002,inf,141.25176120977397,600.0
water1-abs.bch,unsolved,largestfirst,xtaylor,timeout,52254,600.0477960000002,inf,141.251761208514,600.0
water1-abs.bch,unsolved,roundrobin,xtaylor,timeout,37518,600.0351050000002,88131.14921171029,145.5040587765914,600.0
water1.bch,unsolved,lsmear,xtaylor,timeout,67436,600.0012590000002,inf,141.25176120977437,600.0
water1.bch,unsolved,lsmear-box,xtaylor,timeout,67542,600.0013520000002,inf,141.25176120977437,600.0
water1.bch,unsolved,smearsumrel,xtaylor,timeout,67726,600.0086060000003,inf,141.25176120977437,600.0
water1.bch,unsolved,smearsum,xtaylor,timeout,67698,600.0031840000003,inf,141.25176120977437,600.0
water1.bch,unsolved,smearmax,xtaylor,timeout,66130,600.0086780000001,inf,141.25176120977437,600.0
water1.bch,unsolved,smearmaxrel,xtaylor,timeout,67356,600.0246690000002,inf,141.25176120977437,600.0
water1.bch,unsolved,largestfirst,xtaylor,timeout,66866,600.0033070000003,inf,141.25176120977437,600.0
water1.bch,unsolved,roundrobin,xtaylor,timeout,32116,600.0624370000002,1546.9544464568119,512.4048602682435,600.0
concon.bch,coconutbenchmark-library2,roundrobin,xtaylor,error:IbexError,0,0.0,inf,-inf,600.0
dipigri.bch,coconutbenchmark-library2,largestfirst,xtaylor,error:IbexError,0,0.0,inf,-inf,600.0
ex8_4_2.bch,unsolved,largestfirst,xtaylor,error:IbexError,0,0.0,inf,-inf,600.0
ex8_4_2bis.bch,unsolved,largestfirst,xtaylor,error:IbexError,0,0.0,inf,-inf,600.0
ex8_4_6bis.bch,blowup,lsmear,xtaylor,error:IbexError,0,0.0,inf,-inf,600.0
ex8_4_6bis.bch,blowup,lsmear-box,xtaylor,error:IbexError,0,0.0,inf,-inf,600.0
ex8_4_6bis.bch,blowup,smearmax,xtaylor,error:IbexError,0,0.0,inf,-inf,600.0
ex8_4_6bis.bch,blowup,smearmaxrel,xtaylor,error:IbexError,0,0.0,inf,-inf,600.0
ex8_4_6bis.bch,blowup,largestfirst,xtaylor,error:IbexError,0,0.0,inf,-inf,600.0
hs090.bch,coconutbenchmark-library2,largestfirst,xtaylor,error:IbexError,0,0.0,inf,-inf,600.0
orthregb.bch,coconutbenchmark-library2,largestfirst,xtaylor,error:IbexError,0,0.0,inf,-inf,600.0
