instance,set,rule,relax,status,nodes,time,loup,uplo,timeout
3pk-borne.bch,coconutbenchmark-library2,lsmear,both,timeout,97374,600.0123500000003,4859.016611612017,-113169.26003462265,600.0
3pk-borne.bch,coconutbenchmark-library2,lsmear-box,both,timeout,97666,600.0065940000001,4859.016611612017,-113169.26003462265,600.0
3pk-borne.bch,coconutbenchmark-library2,smearsumrel,both,timeout,99670,600.0063710000003,4859.016611612017,-112639.99890590223,600.0
3pk-borne.bch,coconutbenchmark-library2,smearsum,both,timeout,99392,600.0072060000002,4859.016611612017,-112740.8648486565,600.0
3pk-borne.bch,coconutbenchmark-library2,smearmax,both,timeout,99734,600.0135700000002,4859.016611612017,-112637.64270029003,600.0
3pk-borne.bch,coconutbenchmark-library2,smearmaxrel,both,timeout,98882,600.0047500000003,4859.016611612017,-112854.04014786938,600.0
3pk-borne.bch,coconutbenchmark-library2,largestfirst,both,timeout,113438,600.0062260000002,9115.837173818396,-2221143.036823218,600.0
3pk-borne.bch,coconutbenchmark-library2,roundrobin,both,timeout,129634,600.0033240000001,28933.88104958765,-1149870.7122596838,600.0
3pk.bch,coconutbenchmark-library2,lsmear,both,unbounded,62,0.017657000000000034,5.270870301420892e+23,-inf,600.0
3pk.bch,coconutbenchmark-library2,lsmear-box,both,unbounded,62,0.017789,5.270870301420892e+23,-inf,600.0
3pk.bch,coconutbenchmark-library2,smearsumrel,both,unbounded,62,0.01766899999999999,5.270870301420892e+23,-inf,600.0
3pk.bch,coconutbenchmark-library2,smearsum,both,unbounded,62,0.017791,5.270870301420892e+23,-inf,600.0
3pk.bch,coconutbenchmark-library2,smearmax,both,unbounded,62,0.017857000000000012,5.270870301420892e+23,-inf,600.0
3pk.bch,coconutbenchmark-library2,smearmaxrel,both,unbounded,62,0.017631000000000008,5.270870301420892e+23,-inf,600.0
3pk.bch,coconutbenchmark-library2,largestfirst,both,unbounded,62,0.01618900000000001,5.270870301420892e+23,-inf,600.0
3pk.bch,coconutbenchmark-library2,roundrobin,both,unbounded,62,0.016168000000000016,5.270870301420892e+23,-inf,600.0
abel.bch,unsolved,lsmear,both,timeout,65958,600.0175780000002,122648.05985773428,-1074435.5041293753,600.0
abel.bch,unsolved,lsmear-box,both,timeout,47848,600.0003990000002,115488.52212478095,-1071993.7188248984,600.0
abel.bch,unsolved,smearsumrel,both,timeout,51792,600.0491880000002,59768.29785710474,-1508786.4024221245,600.0
abel.bch,unsolved,smearsum,both,timeout,82456,600.0114520000003,157881.2361518703,-779733.9589038884,600.0
abel.bch,unsolved,smearmax,both,timeout,81246,600.0097500000003,35464.30903949168,-779391.0143612078,600.0
abel.bch,unsolved,smearmaxrel,both,timeout,79934,600.0098960000003,57341.054993339974,-3727163.5303807626,600.0
abel.bch,unsolved,largestfirst,both,timeout,102408,600.0008350000003,425105.83263491443,-6305418.382878161,600.0
abel.bch,unsolved,roundrobin,both,timeout,48684,600.0218600000002,95381.95920573447,-1236442.9372373424,600.0
abelbis-1.bch,unsolved,lsmear,both,timeout,33818,600.0036180000003,255.5712420152994,-279.89378583379,600.0
abelbis-1.bch,unsolved,lsmear-box,both,timeout,27652,600.0390130000003,241.8549934469776,-208.45937297413298,600.0
abelbis-1.bch,unsolved,smearsumrel,both,timeout,73082,600.0059860000002,30798.131490564738,-894724.2440717295,600.0
abelbis-1.bch,unsolved,smearsum,both,timeout,28432,600.0179750000002,271.04765556776005,-449.6026278470607,600.0
abelbis-1.bch,unsolved,smearmax,both,timeout,29402,600.0194780000004,263.5171799978098,-611.9178778081096,600.0
abelbis-1.bch,unsolved,smearmaxrel,both,timeout,91984,600.0037140000002,29270.563942338125,-1940435.9883168174,600.0
abelbis-1.bch,unsolved,largestfirst,both,timeout,110768,600.0037130000004,215094.1767102709,-1559979.6073397303,600.0
abelbis-1.bch,unsolved,roundrobin,both,timeout,29626,600.0422420000002,284.9841916981026,-4147.753745277176,600.0
abelbis.bch,unsolved,lsmear,both,timeout,101508,600.0127750000004,395055.7246061318,-6614738379.990052,600.0
abelbis.bch,unsolved,lsmear-box,both,timeout,71788,600.1102780000002,67971.10367401733,-2713286050.9147396,600.0
abelbis.bch,unsolved,smearsumrel,both,timeout,69240,600.0145650000002,1552.7082035038397,-118477.43078020502,600.0
abelbis.bch,unsolved,smearsum,both,timeout,17522,600.1143710000001,7680.454256380338,-879414630671474.6,600.0
abelbis.bch,unsolved,smearmax,both,timeout,16478,600.0810210000003,7805.478965873397,-889710095412922,600.0
abelbis.bch,unsolved,smearmaxrel,both,timeout,89556,600.0013640000002,6329260465621.586,-108000467535880.66,600.0
abelbis.bch,unsolved,largestfirst,both,timeout,132986,600.0036170000002,inf,-35858836291267720,600.0
abelbis.bch,unsolved,roundrobin,both,timeout,24766,600.0386520000003,13812.625207546585,-310065264240.3298,600.0
abelter-1.bch,unsolved,lsmear,both,timeout,64998,600.0038770000002,243.94544810350433,73.56672209002575,600.0
abelter-1.bch,unsolved,lsmear-box,both,timeout,64976,600.0043730000003,243.76794782563064,73.23082501714394,600.0
abelter-1.bch,unsolved,smearsumrel,both,timeout,51010,600.0023630000003,230.19060715838305,51.77569484324617,600.0
abelter-1.bch,unsolved,smearsum,both,timeout,61594,600.0111280000002,228.30490324348224,60.307053132250054,600.0
abelter-1.bch,unsolved,smearmax,both,timeout,58880,600.0150930000002,235.60511686819072,67.89329301713629,600.0
abelter-1.bch,unsolved,smearmaxrel,both,timeout,91516,600.0047970000003,238.09691108338032,4.811827183892824,600.0
abelter-1.bch,unsolved,largestfirst,both,timeout,117100,600.0032010000002,279.53858982069096,9.087677628146056e-28,600.0
abelter-1.bch,unsolved,roundrobin,both,timeout,42158,600.0069300000001,275.0728317927882,56.16127055718375,600.0
ackley_5.bch,easy,lsmear,both,complete,126,0.06561300000000003,-8.284590364837641e-07,-8.284590578000461e-07,600.0
ackley_5.bch,easy,lsmear-box,both,complete,126,0.06556100000000001,-8.284590364837641e-07,-8.284590578000461e-07,600.0
ackley_5.bch,easy,smearsumrel,both,complete,126,0.06928600000000001,-8.284590364837641e-07,-8.284590578000461e-07,600.0
ackley_5.bch,easy,smearsum,both,complete,126,0.06476400000000002,-8.284590364837641e-07,-8.284590578000461e-07,600.0
ackley_5.bch,easy,smearmax,both,complete,126,0.07220400000000002,-8.284590364837641e-07,-8.284590578000461e-07,600.0
ackley_5.bch,easy,smearmaxrel,both,complete,126,0.06489000000000003,-8.284590364837641e-07,-8.284590578000461e-07,600.0
ackley_5.bch,easy,largestfirst,both,complete,366,0.16300300000000006,-7.734256293190356e-07,-8.284590578000461e-07,600.0
ackley_5.bch,easy,roundrobin,both,complete,12,0.006238000000000003,-8.284590364837641e-07,-8.284590578000461e-07,600.0
aircraftb.bch,coconutbenchmark-library2,lsmear,both,complete,2888,2.078926000000001,5.3332261686616916e-08,0,600.0
aircraftb.bch,coconutbenchmark-library2,lsmear-box,both,complete,2888,2.0768860000000005,5.3332261686616916e-08,0,600.0
aircraftb.bch,coconutbenchmark-library2,smearsumrel,both,complete,2888,1.9665600000000005,5.3332261686616916e-08,0,600.0
aircraftb.bch,coconutbenchmark-library2,smearsum,both,complete,2888,1.9543440000000003,5.3332261686616916e-08,0,600.0
aircraftb.bch,coconutbenchmark-library2,smearmax,both,complete,2888,1.9373960000000006,5.3332261686616916e-08,0,600.0
aircraftb.bch,coconutbenchmark-library2,smearmaxrel,both,complete,2888,1.9458230000000005,5.3332261686616916e-08,0,600.0
aircraftb.bch,coconutbenchmark-library2,largestfirst,both,complete,35118,19.292911000000004,4.1899752140815977e-08,0,600.0
aircraftb.bch,coconutbenchmark-library2,roundrobin,both,complete,1024,0.6400890000000002,2.637262287301443e-08,0,600.0
alkyl.bch,medium,lsmear,both,complete,62,0.2816680000000001,-1.7647197026586614,-1.7664861888475087,600.0
alkyl.bch,medium,lsmear-box,both,complete,30,0.15350300000000003,-1.7635237536924926,-1.7652890427352277,600.0
alkyl.bch,medium,smearsumrel,both,complete,240,0.8313390000000002,-1.7636897567222585,-1.7654552119341924,600.0
alkyl.bch,medium,smearsum,both,complete,214,0.7336260000000001,-1.763479817499011,-1.7652450625615723,600.0
alkyl.bch,medium,smearmax,both,complete,232,0.8168490000000003,-1.7634360476947046,-1.7652012489436482,600.0
alkyl.bch,medium,smearmaxrel,both,complete,282,1.0791800000000003,-1.7644166663751397,-1.7661828492243639,600.0
alkyl.bch,medium,largestfirst,both,complete,968,2.564661000000001,-1.7634548179098806,-1.7652200379478282,600.0
alkyl.bch,medium,roundrobin,both,complete,152,0.5480520000000001,-1.763744374392271,-1.7655098842765473,600.0
alkylbis.bch,medium,lsmear,both,complete,60,0.2672040000000001,-1.7649955093152219,-1.7667622715868085,600.0
alkylbis.bch,medium,lsmear-box,both,complete,52,0.24105800000000002,-1.7649929152334476,-1.7650027276170661,600.0
alkylbis.bch,medium,smearsumrel,both,complete,268,0.9254460000000002,-1.7640014783802336,-1.7657672456258593,600.0
alkylbis.bch,medium,smearsum,both,complete,280,0.9980590000000004,-1.7646857439424366,-1.766452196138575,600.0
alkylbis.bch,medium,smearmax,both,complete,220,0.8230720000000002,-1.7649927691943041,-1.766759528723027,600.0
alkylbis.bch,medium,smearmaxrel,both,complete,248,0.8809020000000002,-1.7650000448769472,-1.7667668116886357,600.0
alkylbis.bch,medium,largestfirst,both,complete,1182,3.078180000000001,-1.7649809908871497,-1.7667477386257753,600.0
alkylbis.bch,medium,roundrobin,both,complete,148,0.5426950000000001,-1.7636115765754194,-1.7653769535289483,600.0
avgasa.bch,coconutbenchmark-library2,lsmear,both,complete,262,0.7670940000000003,-4.410429342459319,-4.414844186645964,600.0
avgasa.bch,coconutbenchmark-library2,lsmear-box,both,complete,262,0.7637010000000003,-4.410429342459319,-4.414844186645964,600.0
avgasa.bch,coconutbenchmark-library2,smearsumrel,both,complete,392,1.0855520000000005,-4.41074617679645,-4.415161338134584,600.0
avgasa.bch,coconutbenchmark-library2,smearsum,both,complete,306,0.9685940000000003,-4.410367561850667,-4.414782344194861,600.0
avgasa.bch,coconutbenchmark-library2,smearmax,both,complete,328,1.0076400000000003,-4.410012775605447,-4.414427202808254,600.0
avgasa.bch,coconutbenchmark-library2,smearmaxrel,both,timeout,302820,600.0010480000001,-4.410821396395684,-4.461714161396478,600.0
avgasa.bch,coconutbenchmark-library2,largestfirst,both,timeout,431672,600.0001080000001,-4.409670095662158,-6.2475762310809575,600.0
avgasa.bch,coconutbenchmark-library2,roundrobin,both,complete,402,1.1971460000000005,-4.410544437851744,-4.4149593972489924,600.0
avgasb.bch,coconutbenchmark-library2,lsmear,both,complete,84,0.3217780000000001,-4.48027589986936,-4.484760660529889,600.0
avgasb.bch,coconutbenchmark-library2,lsmear-box,both,complete,84,0.31784600000000013,-4.48027589986936,-4.484760660529889,600.0
avgasb.bch,coconutbenchmark-library2,smearsumrel,both,complete,78,0.3216540000000001,-4.479856641399293,-4.484340982381673,600.0
avgasb.bch,coconutbenchmark-library2,smearsum,both,complete,72,0.27628700000000006,-4.482170208739869,-4.4866568656054735,600.0
avgasb.bch,coconutbenchmark-library2,smearmax,both,complete,44,0.20672600000000008,-4.480922420083516,-4.485407827911427,600.0
avgasb.bch,coconutbenchmark-library2,smearmaxrel,both,complete,124,0.4530210000000001,-4.482417834186937,-4.486904738925862,600.0
avgasb.bch,coconutbenchmark-library2,largestfirst,both,timeout,403660,600.0024650000003,-4.480209042403721,-5.625198185123666,600.0
avgasb.bch,coconutbenchmark-library2,roundrobin,both,complete,78,0.28165500000000004,-4.479229430820908,-4.483713143964872,600.0
avion2.bch,coconutbenchmark-library2,lsmear,both,timeout,97006,600.0068810000001,213664116.49302188,94552248.23987706,600.0
avion2.bch,coconutbenchmark-library2,lsmear-box,both,timeout,109900,600.0009990000002,238313524.65259072,94552248.23987706,600.0
avion2.bch,coconutbenchmark-library2,smearsumrel,both,timeout,107582,600.0088410000002,222679344.1876471,94552248.23987706,600.0
avion2.bch,coconutbenchmark-library2,smearsum,both,complete,79580,469.6620750000001,94771399.31030908,94676722.58772138,600.0
avion2.bch,coconutbenchmark-library2,smearmax,both,timeout,97606,600.0057670000001,264045399.96931988,94552248.23987706,600.0
avion2.bch,coconutbenchmark-library2,smearmaxrel,both,timeout,114894,600.0128230000003,264045399.96931988,94552248.23987706,600.0
avion2.bch,coconutbenchmark-library2,largestfirst,both,timeout,124298,600.0044020000001,95015125.30488169,94552248.23987706,600.0
avion2.bch,coconutbenchmark-library2,roundrobin,both,complete,834,6.755643000000003,94725184.51838344,94630553.96441904,600.0
batch.bch,coconutbenchmark-library2,lsmear,both,complete,184,5.4925830000000015,259364.60831559502,259105.50281278227,600.0
batch.bch,coconutbenchmark-library2,lsmear-box,both,complete,182,4.890435000000002,259314.06922342253,259055.01420921335,600.0
batch.bch,coconutbenchmark-library2,smearsumrel,both,complete,410,10.198086000000002,259267.75311357266,259008.7443692035,600.0
batch.bch,coconutbenchmark-library2,smearsum,both,complete,264,9.045165000000004,259300.08125831236,259041.0402180943,600.0
batch.bch,coconutbenchmark-library2,smearmax,both,complete,320,11.453661000000004,259375.6595389998,259116.54299600382,600.0
batch.bch,coconutbenchmark-library2,smearmaxrel,both,complete,536,14.772328000000002,259401.5950265087,259142.4525739348,600.0
batch.bch,coconutbenchmark-library2,largestfirst,both,timeout,36710,600.0035130000002,302079.90932775935,143919.06423663645,600.0
batch.bch,coconutbenchmark-library2,roundrobin,both,complete,692,25.204862000000006,259399.99761127072,259140.85675451622,600.0
bearing.bch,medium,lsmear,both,complete,2744,17.032939000000002,1.951070227311431,1.9510659818878682,600.0
bearing.bch,medium,lsmear-box,both,complete,1994,14.010441000000005,1.9510736738024217,1.9510659657178497,600.0
bearing.bch,medium,smearsumrel,both,complete,11190,43.97779000000002,1.9510992514078334,1.9510659800459829,600.0
bearing.bch,medium,smearsum,both,timeout,1064058,600.0004250000002,2.657628559289661,1.9510659858208916,600.0
bearing.bch,medium,smearmax,both,timeout,1377106,600.0004810000001,2.3186034610660746,1.9510659865839204,600.0
bearing.bch,medium,smearmaxrel,both,complete,32318,110.36757400000002,1.9513299156687771,1.9493805351336437,600.0
bearing.bch,medium,largestfirst,both,complete,5956,24.18421100000001,1.9515616179195014,1.949612005913588,600.0
bearing.bch,medium,roundrobin,both,complete,10822,40.43123400000002,1.951066012210175,1.9510659865754396,600.0
brownal.bch,coconutbenchmark-library2,lsmear,both,timeout,14433950,600.0000760000001,3.4060331638127953e+21,0,600.0
brownal.bch,coconutbenchmark-library2,lsmear-box,both,timeout,14078796,600.0000680000003,3.4060331638127953e+21,0,600.0
brownal.bch,coconutbenchmark-library2,smearsumrel,both,timeout,14403058,600.0000590000002,3.4060331638127953e+21,0,600.0
brownal.bch,coconutbenchmark-library2,smearsum,both,timeout,14026488,600.0000970000002,3.4060331638127953e+21,0,600.0
brownal.bch,coconutbenchmark-library2,smearmax,both,timeout,14323202,600.0000780000003,3.4060331638127953e+21,0,600.0
brownal.bch,coconutbenchmark-library2,smearmaxrel,both,timeout,14472290,600.0000470000002,3.4060331638127953e+21,0,600.0
brownal.bch,coconutbenchmark-library2,largestfirst,both,timeout,16837002,600.0000800000001,3.4060331638127953e+21,0,600.0
brownal.bch,coconutbenchmark-library2,roundrobin,both,timeout,17114266,600.0000700000002,5.957294764441748,0,600.0
catena.bch,coconutbenchmark-library2,lsmear,both,timeout,80046,600.0115480000002,-21632.667827427154,-26687.628390512844,600.0
catena.bch,coconutbenchmark-library2,lsmear-box,both,timeout,80526,600.0106140000003,-21632.667827427154,-26687.437456274976,600.0
catena.bch,coconutbenchmark-library2,smearsumrel,both,timeout,79640,600.0140220000002,-21593.68576546903,-26683.30266497437,600.0
catena.bch,coconutbenchmark-library2,smearsum,both,timeout,58170,600.0145610000003,-6015.41738847034,-24401.668742792055,600.0
catena.bch,coconutbenchmark-library2,smearmax,both,timeout,59890,600.0056390000001,-6015.41738847034,-24092.5689757406,600.0
catena.bch,coconutbenchmark-library2,smearmaxrel,both,timeout,111668,600.0080180000001,-13367.68991228937,-26977.50013488753,600.0
catena.bch,coconutbenchmark-library2,largestfirst,both,timeout,202834,600.0060660000001,-10375.67123027457,-26977.50013488753,600.0
catena.bch,coconutbenchmark-library2,roundrobin,both,timeout,66560,600.0186420000001,-16706.909523034028,-26294.665107138004,600.0
chakra-1.bch,unsolved,lsmear,both,timeout,16850,600.0579140000002,inf,-188.45306271315414,600.0
chakra-1.bch,unsolved,lsmear-box,both,timeout,17872,600.0084600000002,-177.56878658272163,-186.53385107805886,600.0
chakra-1.bch,unsolved,smearsumrel,both,timeout,27504,600.0346620000003,-178.67903342172602,-184.71649150677294,600.0
chakra-1.bch,unsolved,smearsum,both,timeout,19576,600.0114080000002,-178.1427825424625,-185.7849834409718,600.0
chakra-1.bch,unsolved,smearmax,both,timeout,16458,600.0140850000001,-177.6380872545322,-186.41556130049923,600.0
chakra-1.bch,unsolved,smearmaxrel,both,timeout,25478,600.0060620000004,-176.92903981494686,-193.87900196514326,600.0
chakra-1.bch,unsolved,largestfirst,both,timeout,31762,600.0175660000002,-167.5080038118093,-192.8557338866089,600.0
chakra-1.bch,unsolved,roundrobin,both,timeout,23978,600.0202710000001,-177.18393245270553,-185.01728044122538,600.0
chakra.bch,unsolved,lsmear,both,timeout,16596,600.0150980000002,inf,-188.46832988155526,600.0
chakra.bch,unsolved,lsmear-box,both,timeout,14162,600.050645,-175.4573115608346,-187.71510915328116,600.0
chakra.bch,unsolved,smearsumrel,both,timeout,26930,600.0308320000001,-178.5479992816918,-185.1038491920079,600.0
chakra.bch,unsolved,smearsum,both,timeout,18788,600.0776200000001,-178.17229050857654,-185.98850817246955,600.0
chakra.bch,unsolved,smearmax,both,timeout,17414,600.0217930000003,-177.29213498473726,-186.42628188897226,600.0
chakra.bch,unsolved,smearmaxrel,both,timeout,25540,600.0360240000002,-175.7560753188578,-194.8235809235254,600.0
chakra.bch,unsolved,largestfirst,both,timeout,32874,600.0075770000002,-168.1714296079523,-193.73809349144724,600.0
chakra.bch,unsolved,roundrobin,both,timeout,25746,600.0502040000003,-176.45790290288312,-184.8034535800662,600.0
chance.bch,easy,lsmear,both,complete,6,0.006159000000000001,29.921503736758343,29.891612124633713,600.0
chance.bch,easy,lsmear-box,both,complete,8,0.009423,29.91544929890906,29.88556373517389,600.0
chance.bch,easy,smearsumrel,both,complete,6,0.009141000000000002,29.908787559758952,29.878908651107846,600.0
chance.bch,easy,smearsum,both,complete,8,0.011541000000000003,29.910682942986686,29.880802140845844,600.0
chance.bch,easy,smearmax,both,complete,10,0.013561000000000004,29.906147959318098,29.884236459017597,600.0
chance.bch,easy,smearmaxrel,both,complete,8,0.011483000000000002,29.910682942986686,29.880802140845844,600.0
chance.bch,easy,largestfirst,both,complete,6,0.009685000000000001,29.91368173665451,29.883797938715798,600.0
chance.bch,easy,roundrobin,both,complete,6,0.008774,29.905804721619837,29.875928792827015,600.0
chem-1.bch,hard,lsmear,both,complete,29952,102.21518900000002,-47.702675549812675,-47.75042597578846,600.0
chem-1.bch,hard,lsmear-box,both,complete,30160,103.07719900000004,-47.701715314290205,-47.74946477906927,600.0
chem-1.bch,hard,smearsumrel,both,complete,126116,361.6707710000002,-47.70535874648783,-47.75311185834617,600.0
chem-1.bch,hard,smearsum,both,complete,55896,176.83123700000004,-47.703734742795966,-47.751486229024984,600.0
chem-1.bch,hard,smearmax,both,complete,49476,156.15915000000007,-47.703780328068454,-47.75153185992838,600.0
chem-1.bch,hard,smearmaxrel,both,timeout,278234,600.0054690000002,-47.58296269664692,-52.877756715386674,600.0
chem-1.bch,hard,largestfirst,both,timeout,354314,600.0010500000002,-47.4496334578538,-85.72558872952466,600.0
chem-1.bch,hard,roundrobin,both,timeout,219968,600.0039380000001,-47.70554191208346,-47.90765437813256,600.0
chem.bch,hard,lsmear,both,complete,29952,101.80080600000004,-47.702675549812675,-47.75042597578846,600.0
chem.bch,hard,lsmear-box,both,complete,30160,103.38378100000003,-47.701715314290205,-47.74946477906927,600.0
chem.bch,hard,smearsumrel,both,complete,126116,357.8240180000002,-47.70535874648783,-47.75311185834617,600.0
chem.bch,hard,smearsum,both,complete,55896,173.72970600000008,-47.703734742795966,-47.751486229024984,600.0
chem.bch,hard,smearmax,both,complete,49476,155.76606200000003,-47.703780328068454,-47.75153185992838,600.0
chem.bch,hard,smearmaxrel,both,timeout,277954,600.0074880000002,-47.58296269664692,-52.877756715386674,600.0
chem.bch,hard,largestfirst,both,timeout,351012,600.0002520000002,-47.4496334578538,-85.72558872952466,600.0
chem.bch,hard,roundrobin,both,timeout,218904,600.0013600000002,-47.70554191208346,-47.90969904402124,600.0
chembis.bch,hard,lsmear,both,complete,16074,51.423220000000015,-47.70120688072462,-47.74895583656117,600.0
chembis.bch,hard,lsmear-box,both,complete,15932,50.65383100000001,-47.70117180291376,-47.74892072363739,600.0
chembis.bch,hard,smearsumrel,both,complete,82388,233.79848000000004,-47.70514301676557,-47.75289591267824,600.0
chembis.bch,hard,smearsum,both,complete,34262,101.45240300000005,-47.70516534248453,-47.75291826074527,600.0
chembis.bch,hard,smearmax,both,complete,31954,94.77008100000003,-47.70516881320673,-47.752921734941665,600.0
chembis.bch,hard,smearmaxrel,both,timeout,269888,600.0023440000002,-47.7047546835213,-47.922930087680946,600.0
chembis.bch,hard,largestfirst,both,timeout,346030,600.0028370000001,-47.552032245476205,-73.7575536158732,600.0
chembis.bch,hard,roundrobin,both,complete,185600,504.9044950000001,-47.70565868039393,-47.753412092486414,600.0
chenery-1.bch,unsolved,lsmear,both,timeout,23216,600.0267480000001,inf,-1279.5019779035547,600.0
chenery-1.bch,unsolved,lsmear-box,both,timeout,26798,600.0276470000001,inf,-1254.5229422752757,600.0
chenery-1.bch,unsolved,smearsumrel,both,timeout,25020,600.0834020000001,inf,-1541.2777258782585,600.0
chenery-1.bch,unsolved,smearsum,both,complete,14702,472.02261600000014,-1244.8639529516038,-1246.1100630146182,600.0
chenery-1.bch,unsolved,smearmax,both,complete,23010,441.0250060000001,-1244.049421580085,-1245.2947162963812,600.0
chenery-1.bch,unsolved,smearmaxrel,both,timeout,19754,600.0054440000001,inf,-1434.4549414574055,600.0
chenery-1.bch,unsolved,largestfirst,both,timeout,39018,600.0236600000002,-356.06836510851895,-2025.8252458503443,600.0
chenery-1.bch,unsolved,roundrobin,both,timeout,18528,600.0614840000003,-1173.145009370098,-1445.3416731022676,600.0
chenery.bch,unsolved,lsmear,both,timeout,111910,600.0038750000002,inf,-1159.2189235342498,600.0
chenery.bch,unsolved,lsmear-box,both,timeout,41814,600.0123960000001,inf,-1135.626782310199,600.0
chenery.bch,unsolved,smearsumrel,both,timeout,22984,600.0016730000002,inf,-1302.7745753587697,600.0
chenery.bch,unsolved,smearsum,both,complete,10678,140.00860500000005,-1058.0492184938103,-1059.1083268206307,600.0
chenery.bch,unsolved,smearmax,both,complete,21066,244.81476900000004,-1058.1652999172081,-1059.2245244416495,600.0
chenery.bch,unsolved,smearmaxrel,both,timeout,20464,600.0278970000003,inf,-1128.34402250615,600.0
chenery.bch,unsolved,largestfirst,both,timeout,43034,600.0220910000003,inf,-1473.6884934189768,600.0
chenery.bch,unsolved,roundrobin,both,timeout,18360,600.0038700000002,-1009.9278800401676,-1116.3604755303083,600.0
concon.bch,coconutbenchmark-library2,lsmear,both,timeout,3053560,600.0001630000003,inf,-42003638.92,600.0
concon.bch,coconutbenchmark-library2,lsmear-box,both,timeout,3022490,600.0002500000002,inf,-42003638.92000001,600.0
concon.bch,coconutbenchmark-library2,smearsumrel,both,timeout,3527050,600.0009520000003,inf,-42003638.92000001,600.0
concon.bch,coconutbenchmark-library2,smearsum,both,timeout,3467722,600.0001390000003,inf,-42003638.91999931,600.0
concon.bch,coconutbenchmark-library2,smearmax,both,timeout,3331112,600.0007440000003,inf,-42003638.91999113,600.0
concon.bch,coconutbenchmark-library2,smearmaxrel,both,timeout,4482386,600.0009900000002,inf,-42003638.92000001,600.0
concon.bch,coconutbenchmark-library2,largestfirst,both,timeout,4306192,600.0000130000002,inf,-42003638.91947439,600.0
concon.bch,coconutbenchmark-library2,roundrobin,both,error:IbexError,0,0.0,inf,-inf,600.0
cresc4.bch,coconutbenchmark-library2,lsmear,both,timeout,400552,600.0011500000002,15400404.97265625,-1.483632916401483e+17,600.0
cresc4.bch,coconutbenchmark-library2,lsmear-box,both,timeout,430788,600.0027960000001,16856972.83203125,-1.483632916401483e+17,600.0
cresc4.bch,coconutbenchmark-library2,smearsumrel,both,timeout,468770,600.0014970000001,15399979.994140625,-1.483632916401483e+17,600.0
cresc4.bch,coconutbenchmark-library2,smearsum,both,timeout,456606,600.0022990000002,29050951.291015625,-1.4836313524876544e+17,600.0
cresc4.bch,coconutbenchmark-library2,smearmax,both,timeout,484318,600.0012030000001,5191470.9453125,-1.483632916401483e+17,600.0
cresc4.bch,coconutbenchmark-library2,smearmaxrel,both,timeout,457276,600.0008550000002,5196693.658203125,-1.483632916401483e+17,600.0
cresc4.bch,coconutbenchmark-library2,largestfirst,both,timeout,462778,600.0028160000002,5758137.4677734375,-1.4836331768193613e+17,600.0
cresc4.bch,coconutbenchmark-library2,roundrobin,both,timeout,359326,600.0018210000002,65936.88235473633,-2.9960743824672915e+26,600.0
dipigri.bch,coconutbenchmark-library2,lsmear,both,complete,556,1.2365430000000006,681.0584630152083,680.3780849302782,600.0
dipigri.bch,coconutbenchmark-library2,lsmear-box,both,complete,628,1.4613750000000005,680.9431297742545,680.2628669073473,600.0
dipigri.bch,coconutbenchmark-library2,smearsumrel,both,complete,912,1.8170710000000003,680.9889084569706,680.3085998571137,600.0
dipigri.bch,coconutbenchmark-library2,smearsum,both,complete,716,1.5606110000000004,681.1261114821473,680.445665816331,600.0
dipigri.bch,coconutbenchmark-library2,smearmax,both,complete,590,1.2309600000000003,680.998514497524,680.3181963012229,600.0
dipigri.bch,coconutbenchmark-library2,smearmaxrel,both,complete,1548,2.881456000000001,680.9146042122034,680.2343698423612,600.0
dipigri.bch,coconutbenchmark-library2,largestfirst,both,timeout,567666,600.0003090000002,683.2703016157049,583.1308971817165,600.0
dipigri.bch,coconutbenchmark-library2,roundrobin,both,complete,988,1.8729110000000004,680.9056959679283,680.2254704974309,600.0
disc2.bch,coconutbenchmark-library2,lsmear,both,complete,298,3.4570330000000014,1.5624999909070552,1.5609390518552002,600.0
disc2.bch,coconutbenchmark-library2,lsmear-box,both,complete,298,3.437697000000001,1.5624999909070552,1.5609390518552002,600.0
disc2.bch,coconutbenchmark-library2,smearsumrel,both,complete,298,3.3611930000000005,1.5624999909070552,1.5609390518552002,600.0
disc2.bch,coconutbenchmark-library2,smearsum,both,complete,306,4.267317000000001,1.562536151474453,1.560975176298155,600.0
disc2.bch,coconutbenchmark-library2,smearmax,both,complete,1072,16.643415000000005,1.562544850195571,1.560983866329242,600.0
disc2.bch,coconutbenchmark-library2,smearmaxrel,both,complete,382,7.311388000000002,1.5634101625402765,1.5618483142260506,600.0
disc2.bch,coconutbenchmark-library2,largestfirst,both,timeout,157950,600.0036470000001,inf,1.5588166689610192,600.0
disc2.bch,coconutbenchmark-library2,roundrobin,both,complete,1252,17.829165000000007,1.5628576942036039,1.5612963978057983,600.0
discs.bch,coconutbenchmark-library2,lsmear,both,timeout,25880,600.0345000000002,inf,-1140000000,600.0
discs.bch,coconutbenchmark-library2,lsmear-box,both,timeout,25784,600.0168000000003,inf,-1140000000,600.0
discs.bch,coconutbenchmark-library2,smearsumrel,both,timeout,27048,600.1105740000003,inf,-1140000000,600.0
discs.bch,coconutbenchmark-library2,smearsum,both,timeout,23802,600.0225710000002,inf,-1180000000,600.0
discs.bch,coconutbenchmark-library2,smearmax,both,timeout,26692,600.0125310000002,inf,-1180000000,600.0
discs.bch,coconutbenchmark-library2,smearmaxrel,both,timeout,40096,600.0281740000003,inf,-1121000000,600.0
discs.bch,coconutbenchmark-library2,largestfirst,both,timeout,91808,600.0090270000002,inf,-1180000000,600.0
discs.bch,coconutbenchmark-library2,roundrobin,both,timeout,54190,600.0073900000002,inf,-1180000000,600.0
dixchlng.bch,coconutbenchmark-library2,lsmear,both,complete,2516,8.894640000000003,8.934993016267264e-09,-9.10650069837327e-08,600.0
dixchlng.bch,coconutbenchmark-library2,lsmear-box,both,complete,1744,5.869791000000002,5.1787156643690654e-08,-4.8212843356309335e-08,600.0
dixchlng.bch,coconutbenchmark-library2,smearsumrel,both,complete,2370,8.054847000000002,6.835038339541707e-08,-3.164961660458292e-08,600.0
dixchlng.bch,coconutbenchmark-library2,smearsum,both,complete,2334,7.2721740000000015,9.984580731284576e-08,-1.5419268715423195e-10,600.0
dixchlng.bch,coconutbenchmark-library2,smearmax,both,complete,2506,8.464374000000003,2.8034457862387893e-08,-2.1331875073029968e-08,600.0
dixchlng.bch,coconutbenchmark-library2,smearmaxrel,both,timeout,224316,600.0014460000002,0.1079121765706809,-0.9284384203600583,600.0
dixchlng.bch,coconutbenchmark-library2,largestfirst,both,timeout,320600,600.0020210000001,6.447557930698768,-2060.2602083928996,600.0
dixchlng.bch,coconutbenchmark-library2,roundrobin,both,complete,1318,5.199019000000002,5.997775544995215e-08,-4.0022244550047835e-08,600.0
dnieper.bch,coconutbenchmark-library2,lsmear,both,timeout,52308,600.0111320000002,inf,18730.71748264067,600.0
dnieper.bch,coconutbenchmark-library2,lsmear-box,both,timeout,53984,600.0117850000003,inf,18730.71748264067,600.0
dnieper.bch,coconutbenchmark-library2,smearsumrel,both,complete,372,20.103388000000006,18745.043711148297,18726.317393754547,600.0
dnieper.bch,coconutbenchmark-library2,smearsum,both,timeout,38948,600.0122540000002,inf,18733.8550194928,600.0
dnieper.bch,coconutbenchmark-library2,smearmax,both,timeout,37640,600.0309700000001,inf,18730.405894598232,600.0
dnieper.bch,coconutbenchmark-library2,smearmaxrel,both,timeout,28324,600.0152770000002,18753.341931954757,18551.15671318847,600.0
dnieper.bch,coconutbenchmark-library2,largestfirst,both,timeout,18532,600.0238190000001,19803.35947464136,13181.664934858753,600.0
dnieper.bch,coconutbenchmark-library2,roundrobin,both,timeout,41592,600.0258890000002,58545.163360294355,14759.704699044552,600.0
dualc1.bch,others,lsmear,both,complete,632,11.944769000000004,6155.8753796619485,6149.725654007942,600.0
dualc1.bch,others,lsmear-box,both,complete,632,13.906960000000003,6155.8753796619485,6149.725654007942,600.0
dualc1.bch,others,smearsumrel,both,complete,528,13.460528000000004,6158.3823067432695,6152.230076666604,600.0
dualc1.bch,others,smearsum,both,complete,524,14.049679000000005,6156.279304089973,6150.129174915059,600.0
dualc1.bch,others,smearmax,both,complete,524,13.620632000000002,6156.279304089973,6150.129174915059,600.0
dualc1.bch,others,smearmaxrel,both,complete,504,13.496528000000003,6157.174485363491,6151.02346190159,600.0
dualc1.bch,others,largestfirst,both,timeout,79310,600.0068230000003,6155.957120819221,-1275.0449673720068,600.0
dualc1.bch,others,roundrobin,both,complete,1256,15.686018000000004,6156.148590906867,6149.998592314553,600.0
dualc1__coconut.bch,coconutbenchmark-library2,lsmear,both,complete,600,2.533425000000001,6155.426319343455,6149.277042301155,600.0
dualc1__coconut.bch,coconutbenchmark-library2,lsmear-box,both,complete,600,2.5466860000000007,6155.426319343455,6149.277042301155,600.0
dualc1__coconut.bch,coconutbenchmark-library2,smearsumrel,both,complete,484,2.295134000000001,6157.995679777623,6151.843835941682,600.0
dualc1__coconut.bch,coconutbenchmark-library2,smearsum,both,complete,576,2.409328000000001,6157.219817000879,6151.068748252627,600.0
dualc1__coconut.bch,coconutbenchmark-library2,smearmax,both,complete,580,2.492457000000001,6158.042562733522,6151.890672061461,600.0
dualc1__coconut.bch,coconutbenchmark-library2,smearmaxrel,both,complete,554,2.504505000000001,6157.1350824154915,6150.984098317175,600.0
dualc1__coconut.bch,coconutbenchmark-library2,largestfirst,both,timeout,238352,600.0022230000002,6162.895428708963,-1919.394545102767,600.0
dualc1__coconut.bch,coconutbenchmark-library2,roundrobin,both,complete,1292,3.984504000000001,6155.3733092248685,6149.22408513973,600.0
dualc2.bch,coconutbenchmark-library2,lsmear,both,complete,174,0.5084510000000002,3554.216572536493,3550.6659066298635,600.0
dualc2.bch,coconutbenchmark-library2,lsmear-box,both,complete,174,0.5093530000000002,3554.216572536493,3550.6659066298635,600.0
dualc2.bch,coconutbenchmark-library2,smearsumrel,both,complete,148,0.49426600000000015,3552.942789677193,3549.3933962809124,600.0
dualc2.bch,coconutbenchmark-library2,smearsum,both,complete,178,0.5335500000000002,3554.4992948350937,3550.9483464886057,600.0
dualc2.bch,coconutbenchmark-library2,smearmax,both,complete,164,0.5033970000000002,3552.685372095595,3549.1362358597357,600.0
dualc2.bch,coconutbenchmark-library2,smearmaxrel,both,complete,186,0.5947800000000002,3552.6821699262305,3549.1330368893414,600.0
dualc2.bch,coconutbenchmark-library2,largestfirst,both,timeout,286686,600.0022840000001,3778.466276500828,-18996.59983731243,600.0
dualc2.bch,coconutbenchmark-library2,roundrobin,both,complete,234,0.6392840000000001,3552.1155252543776,3548.566958296082,600.0
dualc5.bch,coconutbenchmark-library2,lsmear,both,complete,31970,64.63572500000002,427.3259603155342,426.89906125427996,600.0
dualc5.bch,coconutbenchmark-library2,lsmear-box,both,complete,31970,64.63440800000002,427.3259603155342,426.89906125427996,600.0
dualc5.bch,coconutbenchmark-library2,smearsumrel,both,complete,20810,46.02093900000001,427.292839437666,426.86597346420183,600.0
dualc5.bch,coconutbenchmark-library2,smearsum,both,complete,25424,52.31109900000001,427.30643800661585,426.87955844816776,600.0
dualc5.bch,coconutbenchmark-library2,smearmax,both,complete,25042,50.48748400000001,427.2994386022549,426.87256603621876,600.0
dualc5.bch,coconutbenchmark-library2,smearmaxrel,both,complete,20768,44.662552000000005,427.2928394376661,426.86597346420194,600.0
dualc5.bch,coconutbenchmark-library2,largestfirst,both,timeout,456654,600.0005880000001,432.7153461831702,-26942.462333751686,600.0
dualc5.bch,coconutbenchmark-library2,roundrobin,both,complete,25798,52.08520700000001,427.28957685427673,426.86271414013663,600.0
dualc8.bch,coconutbenchmark-library2,lsmear,both,complete,124422,300.70235500000007,18309.451517340513,18291.16035698353,600.0
dualc8.bch,coconutbenchmark-library2,lsmear-box,both,complete,124328,303.3502730000001,18309.36691610871,18291.075840268444,600.0
dualc8.bch,coconutbenchmark-library2,smearsumrel,both,complete,81806,237.70951600000004,18309.391918941008,18291.10081812289,600.0
dualc8.bch,coconutbenchmark-library2,smearsum,both,complete,84142,235.8183870000001,18309.52628668052,18291.235051628897,600.0
dualc8.bch,coconutbenchmark-library2,smearmax,both,complete,84850,235.85469400000005,18309.573081102837,18291.28179930354,600.0
dualc8.bch,coconutbenchmark-library2,smearmaxrel,both,complete,80346,230.05175700000007,18309.43258515865,18291.14144371494,600.0
dualc8.bch,coconutbenchmark-library2,largestfirst,both,timeout,348064,600.0016220000002,18609.850029224017,-493972.1482961509,600.0
dualc8.bch,coconutbenchmark-library2,roundrobin,both,complete,117584,311.22768300000007,18309.361174302026,18291.070104197832,600.0
eigencco.bch,coconutbenchmark-library2,lsmear,both,timeout,27976,600.0061150000002,2.69804374012434,0,600.0
eigencco.bch,coconutbenchmark-library2,lsmear-box,both,timeout,30880,600.0317280000002,3.0011199720787185,0,600.0
eigencco.bch,coconutbenchmark-library2,smearsumrel,both,timeout,211340,600.0019780000002,2.7319535584287635,0,600.0
eigencco.bch,coconutbenchmark-library2,smearsum,both,timeout,84642,600.2712800000003,7310446676993118,0,600.0
eigencco.bch,coconutbenchmark-library2,smearmax,both,timeout,76410,600.0250090000002,inf,0,600.0
eigencco.bch,coconutbenchmark-library2,smearmaxrel,both,timeout,89456,600.0018320000003,26255938295759732,0,600.0
eigencco.bch,coconutbenchmark-library2,largestfirst,both,timeout,83972,600.0071500000003,inf,0,600.0
eigencco.bch,coconutbenchmark-library2,roundrobin,both,timeout,26488,600.0630020000002,2.0015022541131557,0,600.0
eigmaxc.bch,coconutbenchmark-library2,lsmear,both,complete,298,2.0270610000000007,-10.746194195149464,-10.756951146295759,600.0
eigmaxc.bch,coconutbenchmark-library2,lsmear-box,both,complete,298,2.0293230000000007,-10.746194195149464,-10.756951146295759,600.0
eigmaxc.bch,coconutbenchmark-library2,smearsumrel,both,complete,298,1.9659130000000005,-10.746194195149464,-10.756951146295759,600.0
eigmaxc.bch,coconutbenchmark-library2,smearsum,both,complete,286,1.8674830000000004,-10.746194197993214,-10.756951149142354,600.0
eigmaxc.bch,coconutbenchmark-library2,smearmax,both,complete,104,1.4565320000000004,0,0,600.0
eigmaxc.bch,coconutbenchmark-library2,smearmaxrel,both,complete,78,1.2410180000000004,-10.746194197993171,-10.756951149142312,600.0
eigmaxc.bch,coconutbenchmark-library2,largestfirst,both,timeout,49706,600.0080650000002,inf,-10.747686928284903,600.0
eigmaxc.bch,coconutbenchmark-library2,roundrobin,both,complete,46,0.7034470000000002,-10.746194197992184,-10.756951149141322,600.0
eigminc.bch,coconutbenchmark-library2,lsmear,both,complete,6,0.21211100000000002,-1,-1,600.0
eigminc.bch,coconutbenchmark-library2,lsmear-box,both,complete,6,0.21088700000000002,-1,-1,600.0
eigminc.bch,coconutbenchmark-library2,smearsumrel,both,complete,6,0.205265,-1,-1,600.0
eigminc.bch,coconutbenchmark-library2,smearsum,both,complete,8,0.24683400000000005,-1,-1,600.0
eigminc.bch,coconutbenchmark-library2,smearmax,both,complete,8,0.3180920000000001,-1,-1,600.0
eigminc.bch,coconutbenchmark-library2,smearmaxrel,both,complete,10,0.25308100000000006,-1,-1,600.0
eigminc.bch,coconutbenchmark-library2,largestfirst,both,complete,110,1.2904290000000005,-1,-1,600.0
eigminc.bch,coconutbenchmark-library2,roundrobin,both,complete,6,0.20376300000000008,-1,-1,600.0
ex14_1_1.bch,easy,lsmear,both,complete,30,0.03274600000000001,1.264213267404557e-08,-8.735786732595441e-08,600.0
ex14_1_1.bch,easy,lsmear-box,both,complete,30,0.025608000000000006,1.264213267404557e-08,-8.735786732595441e-08,600.0
ex14_1_1.bch,easy,smearsumrel,both,complete,30,0.022019000000000007,1.264213267404557e-08,-8.735786732595441e-08,600.0
ex14_1_1.bch,easy,smearsum,both,complete,30,0.021886000000000006,1.264213267404557e-08,-8.735786732595441e-08,600.0
ex14_1_1.bch,easy,smearmax,both,complete,30,0.022002,1.0001031114370562e-09,-9.899989688856293e-08,600.0
ex14_1_1.bch,easy,smearmaxrel,both,complete,30,0.021767000000000005,1.264213267404557e-08,-8.735786732595441e-08,600.0
ex14_1_1.bch,easy,largestfirst,both,complete,50,0.029728000000000015,6.725542789354222e-09,-9.327445721064576e-08,600.0
ex14_1_1.bch,easy,roundrobin,both,complete,26,0.017368000000000005,1.028694018856413e-09,-9.897130598114357e-08,600.0
ex14_1_2.bch,easy,lsmear,both,complete,154,0.40782300000000016,5.352723674653811e-09,-9.464727632534617e-08,600.0
ex14_1_2.bch,easy,lsmear-box,both,complete,154,0.4099170000000001,5.352723674653811e-09,-9.464727632534617e-08,600.0
ex14_1_2.bch,easy,smearsumrel,both,complete,154,0.39278800000000014,5.352723674653811e-09,-9.464727632534617e-08,600.0
ex14_1_2.bch,easy,smearsum,both,complete,122,0.3282740000000001,1.0000756787869284e-09,-9.899992432121305e-08,600.0
ex14_1_2.bch,easy,smearmax,both,complete,116,0.28601900000000013,2.749464876105679e-08,-7.250535123894319e-08,600.0
ex14_1_2.bch,easy,smearmaxrel,both,complete,140,0.3087090000000001,2.7407673119591875e-08,-7.259232688040811e-08,600.0
ex14_1_2.bch,easy,largestfirst,both,complete,412,0.6837220000000003,1.6793139425387766e-08,-8.320686057461222e-08,600.0
ex14_1_2.bch,easy,roundrobin,both,complete,130,0.2491190000000001,1.0628165346963274e-08,-8.937183465303671e-08,600.0
ex14_1_3.bch,easy,lsmear,both,complete,14,0.007865000000000002,3.924753630597799e-08,-6.075246369402199e-08,600.0
ex14_1_3.bch,easy,lsmear-box,both,complete,14,0.0075860000000000025,3.924753630597799e-08,-6.075246369402199e-08,600.0
ex14_1_3.bch,easy,smearsumrel,both,complete,14,0.00665,3.924753630597799e-08,-6.075246369402199e-08,600.0
ex14_1_3.bch,easy,smearsum,both,complete,16,0.007274000000000002,5.773203048432818e-09,-1.9632294117713677e-09,600.0
ex14_1_3.bch,easy,smearmax,both,complete,18,0.008810000000000002,1.5171069067676513e-08,-8.482893093232347e-08,600.0
ex14_1_3.bch,easy,smearmaxrel,both,complete,14,0.006693000000000003,3.924753630597799e-08,-6.075246369402199e-08,600.0
ex14_1_3.bch,easy,largestfirst,both,complete,16,0.007575999999999999,1.8765939210560467e-09,-1.3362785421856399e-09,600.0
ex14_1_3.bch,easy,roundrobin,both,complete,14,0.005070000000000002,9.136905314288679e-08,-8.630946857113202e-09,600.0
ex14_1_4.bch,easy,lsmear,both,complete,16,0.014683000000000007,7.420377096957996e-08,-2.5796229030420032e-08,600.0
ex14_1_4.bch,easy,lsmear-box,both,complete,16,0.014431000000000003,7.420377096957996e-08,-2.5796229030420032e-08,600.0
ex14_1_4.bch,easy,smearsumrel,both,complete,16,0.013752000000000004,7.420377096957996e-08,-2.5796229030420032e-08,600.0
ex14_1_4.bch,easy,smearsum,both,complete,16,0.014587000000000004,1.0058167909665627e-09,-9.899418320903342e-08,600.0
ex14_1_4.bch,easy,smearmax,both,complete,16,0.014899000000000006,1.0061899646807149e-09,-9.899381003531927e-08,600.0
ex14_1_4.bch,easy,smearmaxrel,both,complete,16,0.014869000000000004,1.0058169575000164e-09,-9.899418304249997e-08,600.0
ex14_1_4.bch,easy,largestfirst,both,complete,12,0.011433000000000002,3.771732462465316e-08,-6.228267537534682e-08,600.0
ex14_1_4.bch,easy,roundrobin,both,complete,14,0.010884000000000001,6.545850578983385e-09,-9.34541494210166e-08,600.0
ex14_1_5.bch,easy,lsmear,both,complete,12,0.043504000000000015,6.029458488043815e-09,-9.397054151195617e-08,600.0
ex14_1_5.bch,easy,lsmear-box,both,complete,12,0.04293300000000001,6.029458488043815e-09,-9.397054151195617e-08,600.0
ex14_1_5.bch,easy,smearsumrel,both,complete,12,0.042581000000000015,6.029458488043815e-09,-9.397054151195617e-08,600.0
ex14_1_5.bch,easy,smearsum,both,complete,18,0.05413900000000002,1.0000302808066408e-09,-9.899996971919334e-08,600.0
ex14_1_5.bch,easy,smearmax,both,complete,18,0.05411800000000001,1.0000302808066408e-09,-9.899996971919334e-08,600.0
ex14_1_5.bch,easy,smearmaxrel,both,complete,18,0.05484800000000002,1.0000302808066408e-09,-9.899996971919334e-08,600.0
ex14_1_5.bch,easy,largestfirst,both,complete,8,0.027351000000000007,6.023609167016275e-09,-9.397639083298371e-08,600.0
ex14_1_5.bch,easy,roundrobin,both,complete,8,0.023762000000000002,5.16592213450906e-09,-9.483407786549092e-08,600.0
ex14_1_6.bch,others,lsmear,both,complete,90,0.21412500000000004,1.000000082740371e-09,-9.899999991725961e-08,600.0
ex14_1_6.bch,others,lsmear-box,both,complete,90,0.213367,1.000000082740371e-09,-9.899999991725961e-08,600.0
ex14_1_6.bch,others,smearsumrel,both,complete,90,0.21002200000000004,1.000000082740371e-09,-9.899999991725961e-08,600.0
ex14_1_6.bch,others,smearsum,both,complete,52,0.12197200000000002,2.8103872332617408e-08,-7.189612766738257e-08,600.0
ex14_1_6.bch,others,smearmax,both,complete,42,0.092281,1.668105304330114e-08,-8.331894695669884e-08,600.0
ex14_1_6.bch,others,smearmaxrel,both,complete,54,0.11359500000000004,6.1987694836296845e-09,-9.38012305163703e-08,600.0
ex14_1_6.bch,others,largestfirst,both,complete,30302,35.65623800000001,3.666109630691656e-08,-5.333634413478609e-15,600.0
ex14_1_6.bch,others,roundrobin,both,complete,46,0.09211300000000001,7.287578250631162e-08,-2.7124217493688377e-08,600.0
ex14_1_7.bch,medium,lsmear,both,complete,15308,86.36132000000002,1.3492409706177986e-09,-5.395657405435289e-10,600.0
ex14_1_7.bch,medium,lsmear-box,both,complete,15308,86.50758400000001,1.3492409706177986e-09,-5.395657405435289e-10,600.0
ex14_1_7.bch,medium,smearsumrel,both,complete,15308,83.91280600000003,1.3492409706177986e-09,-5.395657405435289e-10,600.0
ex14_1_7.bch,medium,smearsum,both,complete,20134,112.48994400000004,7.940228398829047e-09,-9.205977160117094e-08,600.0
ex14_1_7.bch,medium,smearmax,both,complete,32042,179.05600500000003,1.7597101528753559e-09,-9.824028984712463e-08,600.0
ex14_1_7.bch,medium,smearmaxrel,both,complete,22928,116.02148900000005,1.000223570635228e-09,-9.899977642936475e-08,600.0
ex14_1_7.bch,medium,largestfirst,both,timeout,312374,600.0033940000003,7.04274948504964,-7.126115784613127,600.0
ex14_1_7.bch,medium,roundrobin,both,complete,25274,140.92229000000006,6.073233898423736e-08,-3.9267661015762634e-08,600.0
ex14_1_8.bch,easy,lsmear,both,complete,12,0.010100000000000005,2.732591042331478e-09,-9.72674089576685e-08,600.0
ex14_1_8.bch,easy,lsmear-box,both,complete,12,0.009980000000000001,2.732591042331478e-09,-9.72674089576685e-08,600.0
ex14_1_8.bch,easy,smearsumrel,both,complete,12,0.009636000000000002,2.732591042331478e-09,-9.72674089576685e-08,600.0
ex14_1_8.bch,easy,smearsum,both,complete,12,0.014110000000000004,6.639108818262685e-08,-3.3608911817373144e-08,600.0
ex14_1_8.bch,easy,smearmax,both,complete,12,0.011549000000000004,6.639108818262685e-08,-3.3608911817373144e-08,600.0
ex14_1_8.bch,easy,smearmaxrel,both,complete,12,0.008444000000000005,6.639108818262685e-08,-3.3608911817373144e-08,600.0
ex14_1_8.bch,easy,largestfirst,both,complete,34,0.020885000000000004,1.0000391625908378e-09,-9.899996083740914e-08,600.0
ex14_1_8.bch,easy,roundrobin,both,complete,16,0.007843000000000003,1.1903580343641806e-09,-9.88096419656358e-08,600.0
ex14_1_9.bch,easy,lsmear,both,complete,14,0.009366000000000003,1.1368967989255907e-09,-9.886310320107439e-08,600.0
ex14_1_9.bch,easy,lsmear-box,both,complete,14,0.009258000000000002,1.1368967989255907e-09,-9.886310320107439e-08,600.0
ex14_1_9.bch,easy,smearsumrel,both,complete,14,0.008452000000000003,1.1368967989255907e-09,-9.886310320107439e-08,600.0
ex14_1_9.bch,easy,smearsum,both,complete,14,0.008427000000000002,1.1368967989255907e-09,-9.886310320107439e-08,600.0
ex14_1_9.bch,easy,smearmax,both,complete,14,0.008565000000000001,1.1368967989255907e-09,-9.886310320107439e-08,600.0
ex14_1_9.bch,easy,smearmaxrel,both,complete,14,0.008776000000000003,1.1368967989255907e-09,-9.886310320107439e-08,600.0
ex14_1_9.bch,easy,largestfirst,both,complete,14,0.008190000000000001,1.1368967989255907e-09,-9.886310320107439e-08,600.0
ex14_1_9.bch,easy,roundrobin,both,complete,24,0.009477000000000003,1.4575419982065796e-08,-8.542458001793419e-08,600.0
ex14_2_1.bch,easy,lsmear,both,complete,194,0.43439200000000006,1.2852132830198926e-09,0,600.0
ex14_2_1.bch,easy,lsmear-box,both,complete,194,0.42521700000000007,1.2852132830198926e-09,0,600.0
ex14_2_1.bch,easy,smearsumrel,both,complete,194,0.4113070000000001,1.2852132830198926e-09,0,600.0
ex14_2_1.bch,easy,smearsum,both,complete,178,0.3936220000000001,2.426966727586688e-08,0,600.0
ex14_2_1.bch,easy,smearmax,both,complete,134,0.3106960000000001,1.2508270752498163e-08,0,600.0
ex14_2_1.bch,easy,smearmaxrel,both,complete,184,0.3712220000000001,1.5117467182006644e-09,0,600.0
ex14_2_1.bch,easy,largestfirst,both,complete,2228,5.069489000000003,2.0777258691317968e-08,0,600.0
ex14_2_1.bch,easy,roundrobin,both,complete,164,0.2822110000000001,4.009064602517043e-08,0,600.0
ex14_2_2.bch,easy,lsmear,both,complete,14,0.017148000000000007,1.5617470404199422e-09,0,600.0
ex14_2_2.bch,easy,lsmear-box,both,complete,14,0.017152000000000004,1.5617470404199422e-09,0,600.0
ex14_2_2.bch,easy,smearsumrel,both,complete,14,0.016484000000000002,1.5617470404199422e-09,0,600.0
ex14_2_2.bch,easy,smearsum,both,complete,14,0.016471000000000003,1.5617470404199422e-09,0,600.0
ex14_2_2.bch,easy,smearmax,both,complete,14,0.016581000000000005,1.5617470404199422e-09,0,600.0
ex14_2_2.bch,easy,smearmaxrel,both,complete,14,0.016343000000000003,1.5617470404199422e-09,0,600.0
ex14_2_2.bch,easy,largestfirst,both,complete,16,0.015705000000000004,1.179273567686323e-09,0,600.0
ex14_2_2.bch,easy,roundrobin,both,complete,20,0.015465000000000005,3.4329899145646436e-08,0,600.0
ex14_2_3.bch,medium,lsmear,both,complete,290,1.0893350000000004,8.707225146453723e-08,0,600.0
ex14_2_3.bch,medium,lsmear-box,both,complete,290,1.0932070000000005,8.707225146453723e-08,0,600.0
ex14_2_3.bch,medium,smearsumrel,both,complete,290,1.0425230000000003,8.707225146453723e-08,0,600.0
ex14_2_3.bch,medium,smearsum,both,complete,220,0.7585480000000002,1.28142588299474e-09,0,600.0
ex14_2_3.bch,medium,smearmax,both,complete,336,1.1585960000000004,6.047197576020125e-09,0,600.0
ex14_2_3.bch,medium,smearmaxrel,both,complete,434,1.3906840000000003,2.4125488343185175e-09,0,600.0
ex14_2_3.bch,medium,largestfirst,both,timeout,214070,600.0005450000002,0.011495483091429594,0,600.0
ex14_2_3.bch,medium,roundrobin,both,complete,252,0.6370500000000002,1.0054926811551891e-09,0,600.0
ex14_2_4.bch,easy,lsmear,both,complete,204,0.6199260000000002,1.1368752050877617e-09,0,600.0
ex14_2_4.bch,easy,lsmear-box,both,complete,204,0.6093750000000002,1.1368752050877617e-09,0,600.0
ex14_2_4.bch,easy,smearsumrel,both,complete,204,0.5970710000000001,1.1368752050877617e-09,0,600.0
ex14_2_4.bch,easy,smearsum,both,complete,160,0.48078700000000013,1.0148656149989646e-09,0,600.0
ex14_2_4.bch,easy,smearmax,both,complete,168,0.44163900000000017,5.111806894442239e-09,0,600.0
ex14_2_4.bch,easy,smearmaxrel,both,complete,180,0.5085580000000002,2.2432493785756903e-09,0,600.0
ex14_2_4.bch,easy,largestfirst,both,complete,330,0.9785210000000002,5.946866610262447e-09,0,600.0
ex14_2_4.bch,easy,roundrobin,both,complete,74,0.18746200000000005,1.062790219344681e-09,0,600.0
ex14_2_5.bch,easy,lsmear,both,complete,136,0.11600400000000004,1.2711958152777925e-09,0,600.0
ex14_2_5.bch,easy,lsmear-box,both,complete,136,0.11609100000000006,1.2711958152777925e-09,0,600.0
ex14_2_5.bch,easy,smearsumrel,both,complete,136,0.10625100000000003,1.2711958152777925e-09,0,600.0
ex14_2_5.bch,easy,smearsum,both,complete,496,0.40147400000000016,5.733128122992091e-08,0,600.0
ex14_2_5.bch,easy,smearmax,both,complete,488,0.40322100000000005,2.997074788781232e-08,0,600.0
ex14_2_5.bch,easy,smearmaxrel,both,complete,140,0.11090800000000003,1.009523691468144e-09,0,600.0
ex14_2_5.bch,easy,largestfirst,both,complete,90,0.08124200000000002,1.0000362229424538e-09,0,600.0
ex14_2_5.bch,easy,roundrobin,both,complete,296,0.24392300000000006,3.089771318066868e-08,0,600.0
ex14_2_6.bch,easy,lsmear,both,complete,172,0.45625700000000013,2.0117440768796513e-09,0,600.0
ex14_2_6.bch,easy,lsmear-box,both,complete,172,0.46093800000000007,2.0117440768796513e-09,0,600.0
ex14_2_6.bch,easy,smearsumrel,both,complete,172,0.43856500000000015,2.0117440768796513e-09,0,600.0
ex14_2_6.bch,easy,smearsum,both,complete,146,0.3778680000000001,1.0125339143518541e-08,0,600.0
ex14_2_6.bch,easy,smearmax,both,complete,164,0.4431840000000001,1.0062554053891226e-09,0,600.0
ex14_2_6.bch,easy,smearmaxrel,both,complete,172,0.44777100000000014,1.0089062287767657e-09,0,600.0
ex14_2_6.bch,easy,largestfirst,both,timeout,340066,600.0024830000002,0.029580915269612817,0,600.0
ex14_2_6.bch,easy,roundrobin,both,complete,390,0.7592870000000002,7.660474508203174e-09,0,600.0
ex14_2_7.bch,medium,lsmear,both,complete,3538,14.277199000000005,2.027660428449707e-09,0,600.0
ex14_2_7.bch,medium,lsmear-box,both,complete,3538,14.224807000000006,2.027660428449707e-09,0,600.0
ex14_2_7.bch,medium,smearsumrel,both,complete,3538,13.858270000000003,2.027660428449707e-09,0,600.0
ex14_2_7.bch,medium,smearsum,both,complete,4096,16.587858000000008,1.014258755125129e-09,0,600.0
ex14_2_7.bch,medium,smearmax,both,complete,4130,17.193713000000006,1.021230211506463e-09,0,600.0
ex14_2_7.bch,medium,smearmaxrel,both,complete,5584,23.134371000000005,4.128116515289548e-09,0,600.0
ex14_2_7.bch,medium,largestfirst,both,timeout,209872,600.0026110000002,0.13955027529074115,0,600.0
ex14_2_7.bch,medium,roundrobin,both,complete,10682,30.585456000000008,1.1626280493892693e-09,0,600.0
ex14_2_8.bch,easy,lsmear,both,complete,42,0.08780200000000002,1.246036163138342e-09,0,600.0
ex14_2_8.bch,easy,lsmear-box,both,complete,42,0.08766000000000002,1.246036163138342e-09,0,600.0
ex14_2_8.bch,easy,smearsumrel,both,complete,42,0.08479700000000003,1.246036163138342e-09,0,600.0
ex14_2_8.bch,easy,smearsum,both,complete,42,0.08055300000000001,4.634836514583185e-09,0,600.0
ex14_2_8.bch,easy,smearmax,both,complete,42,0.08081500000000001,4.634836514583185e-09,0,600.0
ex14_2_8.bch,easy,smearmaxrel,both,complete,32,0.06561600000000001,1.5635635008948157e-09,0,600.0
ex14_2_8.bch,easy,largestfirst,both,complete,38,0.07355900000000001,1.012821826407162e-09,0,600.0
ex14_2_8.bch,easy,roundrobin,both,complete,66,0.09825000000000003,1.105334490603127e-09,0,600.0
ex14_2_9.bch,easy,lsmear,both,complete,48,0.10543200000000007,1.003195748694452e-09,0,600.0
ex14_2_9.bch,easy,lsmear-box,both,complete,48,0.10416200000000005,1.003195748694452e-09,0,600.0
ex14_2_9.bch,easy,smearsumrel,both,complete,48,0.10132900000000004,1.003195748694452e-09,0,600.0
ex14_2_9.bch,easy,smearsum,both,complete,42,0.10131100000000003,2.3509795285775285e-08,0,600.0
ex14_2_9.bch,easy,smearmax,both,complete,46,0.10798500000000003,2.833154155723605e-09,0,600.0
ex14_2_9.bch,easy,smearmaxrel,both,complete,46,0.09799800000000003,8.731380063409233e-09,0,600.0
ex14_2_9.bch,easy,largestfirst,both,complete,110,0.12887200000000004,2.0225758845526798e-09,0,600.0
ex14_2_9.bch,easy,roundrobin,both,complete,18,0.036542000000000005,2.20161169295352e-08,0,600.0
ex2_1_1.bch,easy,lsmear,both,complete,6,0.009483000000000002,-17,-17.017017017017015,600.0
ex2_1_1.bch,easy,lsmear-box,both,complete,6,0.009436000000000002,-17,-17.017017017017015,600.0
ex2_1_1.bch,easy,smearsumrel,both,complete,4,0.008569000000000002,-17,-17.017017017017015,600.0
ex2_1_1.bch,easy,smearsum,both,complete,4,0.008373000000000002,-17,-17.017017017017015,600.0
ex2_1_1.bch,easy,smearmax,both,complete,4,0.008394000000000002,-17,-17.017017017017015,600.0
ex2_1_1.bch,easy,smearmaxrel,both,complete,4,0.008410000000000003,-17,-17.017017017017015,600.0
ex2_1_1.bch,easy,largestfirst,both,timeout,744478,600.0011680000001,-17,-18.318181817171855,600.0
ex2_1_1.bch,easy,roundrobin,both,complete,4,0.007665,-17,-17.017017017017015,600.0
ex2_1_10.bch,easy,lsmear,both,complete,2,0.02959600000000001,49318.017960068304,49268.74921085745,600.0
ex2_1_10.bch,easy,lsmear-box,both,complete,2,0.02906499999999998,49318.017960068304,49268.74921085745,600.0
ex2_1_10.bch,easy,smearsumrel,both,complete,2,0.06732100000000002,49318.017960068304,49268.74921085745,600.0
ex2_1_10.bch,easy,smearsum,both,complete,2,0.06645100000000001,49318.017960068304,49268.74921085745,600.0
ex2_1_10.bch,easy,smearmax,both,complete,2,0.06661600000000006,49318.017960068304,49268.74921085745,600.0
ex2_1_10.bch,easy,smearmaxrel,both,complete,2,0.06647000000000006,49318.017960068304,49268.74921085745,600.0
ex2_1_10.bch,easy,largestfirst,both,complete,2,0.029251,49318.017960068304,49268.74921085745,600.0
ex2_1_10.bch,easy,roundrobin,both,complete,2,0.028926000000000007,49318.017960068304,49268.74921085745,600.0
ex2_1_2.bch,easy,lsmear,both,complete,0,1.0000000000001327e-06,-212.99999999000002,-213.2132132032032,600.0
ex2_1_2.bch,easy,lsmear-box,both,complete,0,2.0000000000002655e-06,-212.99999999000002,-213.2132132032032,600.0
ex2_1_2.bch,easy,smearsumrel,both,complete,0,1.0000000000001327e-06,-212.99999999000002,-213.2132132032032,600.0
ex2_1_2.bch,easy,smearsum,both,complete,0,2.0000000000002655e-06,-212.99999999000002,-213.2132132032032,600.0
ex2_1_2.bch,easy,smearmax,both,complete,0,1.0000000000001327e-06,-212.99999999000002,-213.2132132032032,600.0
ex2_1_2.bch,easy,smearmaxrel,both,complete,0,2.0000000000002655e-06,-212.99999999000002,-213.2132132032032,600.0
ex2_1_2.bch,easy,largestfirst,both,complete,0,2.0000000000002655e-06,-212.99999999000002,-213.2132132032032,600.0
ex2_1_2.bch,easy,roundrobin,both,complete,0,1.999999999999398e-06,-212.99999999000002,-213.2132132032032,600.0
ex2_1_3.bch,easy,lsmear,both,complete,16,0.05372600000000002,-14.999999997999998,-15.000000000000057,600.0
ex2_1_3.bch,easy,lsmear-box,both,complete,10,0.04484100000000002,-14.999999997999998,-15.000000000000057,600.0
ex2_1_3.bch,easy,smearsumrel,both,complete,18,0.04912800000000001,-14.999999997999998,-15,600.0
ex2_1_3.bch,easy,smearsum,both,complete,14,0.04209600000000001,-14.999999997999998,-15.000000000000036,600.0
ex2_1_3.bch,easy,smearmax,both,complete,28,0.06816600000000002,-14.999999997999998,-15,600.0
ex2_1_3.bch,easy,smearmaxrel,both,complete,14,0.041575000000000015,-14.999999997999998,-15.000000000000036,600.0
ex2_1_3.bch,easy,largestfirst,both,complete,116,0.18976800000000002,-14.999999997999998,-15.000000000000057,600.0
ex2_1_3.bch,easy,roundrobin,both,complete,10,0.023662000000000006,-14.999999997999998,-15.000000000000043,600.0
ex2_1_4.bch,easy,lsmear,both,complete,0,1.000000000001e-06,-10.999999999499998,-11.011011010510506,600.0
ex2_1_4.bch,easy,lsmear-box,both,complete,0,1.000000000001e-06,-10.999999999499998,-11.011011010510506,600.0
ex2_1_4.bch,easy,smearsumrel,both,complete,0,9.999999999992654e-07,-10.999999999499998,-11.011011010510506,600.0
ex2_1_4.bch,easy,smearsum,both,complete,0,2.0000000000002655e-06,-10.999999999499998,-11.011011010510506,600.0
ex2_1_4.bch,easy,smearmax,both,complete,0,2.0000000000002655e-06,-10.999999999499998,-11.011011010510506,600.0
ex2_1_4.bch,easy,smearmaxrel,both,complete,0,9.999999999992654e-07,-10.999999999499998,-11.011011010510506,600.0
ex2_1_4.bch,easy,largestfirst,both,complete,0,1.000000000001e-06,-10.999999999499998,-11.011011010510506,600.0
ex2_1_4.bch,easy,roundrobin,both,complete,0,2.0000000000002655e-06,-10.999999999499998,-11.011011010510506,600.0
ex2_1_5.bch,easy,lsmear,both,complete,2,0.006191000000000002,-268.0146315264109,-268.2829144408517,600.0
ex2_1_5.bch,easy,lsmear-box,both,complete,2,0.006144000000000004,-268.0146315264109,-268.2829144408517,600.0
ex2_1_5.bch,easy,smearsumrel,both,complete,2,0.019925000000000012,-268.0146315264109,-268.2829144408517,600.0
ex2_1_5.bch,easy,smearsum,both,complete,2,0.020207000000000017,-268.0146315264109,-268.2829144408517,600.0
ex2_1_5.bch,easy,smearmax,both,complete,2,0.02023700000000002,-268.0146315264109,-268.2829144408517,600.0
ex2_1_5.bch,easy,smearmaxrel,both,complete,2,0.020165000000000016,-268.0146315264109,-268.2829144408517,600.0
ex2_1_5.bch,easy,largestfirst,both,complete,2,0.007574000000000004,-268.0146315264109,-268.2829144408517,600.0
ex2_1_5.bch,easy,roundrobin,both,complete,2,0.007557000000000015,-268.0146315264109,-268.2829144408517,600.0
ex2_1_5bis.bch,easy,lsmear,both,complete,2,0.006195000000000006,-268.0146315264109,-268.2829144408517,600.0
ex2_1_5bis.bch,easy,lsmear-box,both,complete,2,0.006214999999999998,-268.0146315264109,-268.2829144408517,600.0
ex2_1_5bis.bch,easy,smearsumrel,both,complete,2,0.019943000000000016,-268.0146315264109,-268.2829144408517,600.0
ex2_1_5bis.bch,easy,smearsum,both,complete,2,0.02036600000000001,-268.0146315264109,-268.2829144408517,600.0
ex2_1_5bis.bch,easy,smearmax,both,complete,2,0.020301000000000013,-268.0146315264109,-268.2829144408517,600.0
ex2_1_5bis.bch,easy,smearmaxrel,both,complete,2,0.020047000000000016,-268.0146315264109,-268.2829144408517,600.0
ex2_1_5bis.bch,easy,largestfirst,both,complete,2,0.0075950000000000045,-268.0146315264109,-268.2829144408517,600.0
ex2_1_5bis.bch,easy,roundrobin,both,complete,2,0.007637000000000012,-268.0146315264109,-268.2829144408517,600.0
ex2_1_6.bch,easy,lsmear,both,complete,4,0.021232000000000008,-39,-39.03903903903903,600.0
ex2_1_6.bch,easy,lsmear-box,both,complete,4,0.021720000000000003,-39,-39.03903903903903,600.0
ex2_1_6.bch,easy,smearsumrel,both,complete,6,0.036521000000000005,-39,-39.03903903903903,600.0
ex2_1_6.bch,easy,smearsum,both,complete,8,0.038903000000000014,-39,-39.03903903903903,600.0
ex2_1_6.bch,easy,smearmax,both,complete,6,0.03320400000000001,-39,-39.03903903903903,600.0
ex2_1_6.bch,easy,smearmaxrel,both,complete,12,0.04816100000000001,-39,-39.03903903903903,600.0
ex2_1_6.bch,easy,largestfirst,both,complete,208,0.4094750000000001,-39,-39.03903903903903,600.0
ex2_1_6.bch,easy,roundrobin,both,complete,10,0.05049600000000001,-39,-39.03903903903903,600.0
ex2_1_7.bch,blowup,lsmear,both,complete,8,0.14744000000000004,-4150.410133654564,-4154.564698352916,600.0
ex2_1_7.bch,blowup,lsmear-box,both,complete,8,0.14730400000000007,-4150.410133654564,-4154.564698352916,600.0
ex2_1_7.bch,blowup,smearsumrel,both,complete,10,0.17188500000000007,-4150.410133654566,-4154.564698352919,600.0
ex2_1_7.bch,blowup,smearsum,both,complete,8,0.162557,-4150.4101336545655,-4154.564698352918,600.0
ex2_1_7.bch,blowup,smearmax,both,complete,8,0.16262500000000002,-4150.4101336545655,-4154.564698352918,600.0
ex2_1_7.bch,blowup,smearmaxrel,both,complete,18,0.2669230000000001,-4150.410133654566,-4154.564698352919,600.0
ex2_1_7.bch,blowup,largestfirst,both,timeout,118782,600.0039660000001,-4060.4913099259934,-5820.012453862151,600.0
ex2_1_7.bch,blowup,roundrobin,both,complete,42,0.4949140000000001,-4150.410133654564,-4154.564698352916,600.0
ex2_1_7__coconut.bch,coconutbenchmark-library2,lsmear,both,complete,8,0.14967800000000006,-4150.410133654565,-4154.564698352917,600.0
ex2_1_7__coconut.bch,coconutbenchmark-library2,lsmear-box,both,complete,8,0.15061800000000003,-4150.410133654565,-4154.564698352917,600.0
ex2_1_7__coconut.bch,coconutbenchmark-library2,smearsumrel,both,complete,10,0.18141200000000005,-4150.410133654566,-4154.564698352919,600.0
ex2_1_7__coconut.bch,coconutbenchmark-library2,smearsum,both,complete,8,0.16901800000000008,-4150.4101336545655,-4154.564698352918,600.0
ex2_1_7__coconut.bch,coconutbenchmark-library2,smearmax,both,complete,8,0.16773700000000002,-4150.4101336545655,-4154.564698352918,600.0
ex2_1_7__coconut.bch,coconutbenchmark-library2,smearmaxrel,both,complete,18,0.2770710000000001,-4150.4101336545655,-4154.564698352918,600.0
ex2_1_7__coconut.bch,coconutbenchmark-library2,largestfirst,both,timeout,116682,600.0054090000002,-4012.7805511139436,-5820.012453862135,600.0
ex2_1_7__coconut.bch,coconutbenchmark-library2,roundrobin,both,complete,42,0.5044120000000001,-4150.410133654561,-4154.564698352913,600.0
ex2_1_8.bch,medium,lsmear,both,complete,4,0.05199500000000001,15638.99998574401,15623.376609134879,600.0
ex2_1_8.bch,medium,lsmear-box,both,complete,4,0.051361000000000004,15638.99998574401,15623.376609134879,600.0
ex2_1_8.bch,medium,smearsumrel,both,complete,4,0.080576,15638.999985744016,15623.376609134883,600.0
ex2_1_8.bch,medium,smearsum,both,complete,4,0.085385,15638.999985744016,15623.376609134883,600.0
ex2_1_8.bch,medium,smearmax,both,complete,4,0.08664700000000003,15638.999985744016,15623.376609134883,600.0
ex2_1_8.bch,medium,smearmaxrel,both,complete,4,0.080237,15638.999985744016,15623.376609134883,600.0
ex2_1_8.bch,medium,largestfirst,both,complete,4,0.06434700000000002,15638.999981676023,15623.376605070953,600.0
ex2_1_8.bch,medium,roundrobin,both,complete,4,0.06541400000000001,15638.999981676023,15623.376605070953,600.0
ex2_1_8__coconut.bch,coconutbenchmark-library2,lsmear,both,complete,4,0.05157400000000001,15638.999985744022,15623.376609134888,600.0
ex2_1_8__coconut.bch,coconutbenchmark-library2,lsmear-box,both,complete,4,0.050981000000000026,15638.999985744022,15623.376609134888,600.0
ex2_1_8__coconut.bch,coconutbenchmark-library2,smearsumrel,both,complete,4,0.08476500000000005,15638.999985744018,15623.376609134884,600.0
ex2_1_8__coconut.bch,coconutbenchmark-library2,smearsum,both,complete,4,0.09024600000000002,15638.999985744018,15623.376609134884,600.0
ex2_1_8__coconut.bch,coconutbenchmark-library2,smearmax,both,complete,4,0.08959500000000004,15638.999985744018,15623.376609134884,600.0
ex2_1_8__coconut.bch,coconutbenchmark-library2,smearmaxrel,both,complete,4,0.08539000000000004,15638.999985744018,15623.376609134884,600.0
ex2_1_8__coconut.bch,coconutbenchmark-library2,largestfirst,both,complete,4,0.065184,15638.999981676017,15623.376605070947,600.0
ex2_1_8__coconut.bch,coconutbenchmark-library2,roundrobin,both,complete,4,0.06664100000000002,15638.999981676017,15623.376605070947,600.0
ex2_1_9.bch,medium,lsmear,both,complete,5008,10.425478000000004,-0.37500000675000006,-0.3753753821321321,600.0
ex2_1_9.bch,medium,lsmear-box,both,complete,5034,10.429615000000004,-0.37500000675000006,-0.3753753821321321,600.0
ex2_1_9.bch,medium,smearsumrel,both,complete,2624,6.794830000000002,-0.37500000675000006,-0.3753753821321321,600.0
ex2_1_9.bch,medium,smearsum,both,complete,2624,6.827546000000001,-0.37500000675000006,-0.3753753821321321,600.0
ex2_1_9.bch,medium,smearmax,both,complete,2688,6.962979000000002,-0.37500000675000006,-0.3753753821321321,600.0
ex2_1_9.bch,medium,smearmaxrel,both,complete,2716,7.087997000000001,-0.37500000675000006,-0.3753753821321321,600.0
ex2_1_9.bch,medium,largestfirst,both,timeout,533730,600.0000960000002,-0.32798355368851656,-2.1628884721979778,600.0
ex2_1_9.bch,medium,roundrobin,both,complete,4208,9.324238000000003,-0.37499719108928997,-0.37537256365294286,600.0
ex2_1_9bis.bch,blowup,lsmear,both,complete,70584,121.64847600000004,-0.37499999925,-0.37537537462462456,600.0
ex2_1_9bis.bch,blowup,lsmear-box,both,complete,70236,122.72511000000002,-0.37499999925,-0.37537537462462456,600.0
ex2_1_9bis.bch,blowup,smearsumrel,both,complete,53696,94.33371100000002,-0.37499999925,-0.37537537462462456,600.0
ex2_1_9bis.bch,blowup,smearsum,both,complete,55182,96.15471100000002,-0.37499999925,-0.37537537462462456,600.0
ex2_1_9bis.bch,blowup,smearmax,both,complete,58918,100.36682500000002,-0.37499999925,-0.37537537462462456,600.0
ex2_1_9bis.bch,blowup,smearmaxrel,both,complete,55628,96.56214200000002,-0.37499999925,-0.37537537462462456,600.0
ex2_1_9bis.bch,blowup,largestfirst,both,timeout,553296,600.0004980000002,-0.3578067652341302,-6.500000000000001,600.0
ex2_1_9bis.bch,blowup,roundrobin,both,complete,63084,103.44486100000005,-0.37499999925,-0.37537537462462456,600.0
ex2_1_9fact.bch,medium,lsmear,both,complete,5124,10.311979000000003,-0.37500000675000006,-0.3753753821321321,600.0
ex2_1_9fact.bch,medium,lsmear-box,both,complete,5092,10.412742000000003,-0.37500000675000006,-0.3753753821321321,600.0
ex2_1_9fact.bch,medium,smearsumrel,both,complete,2596,6.7153230000000015,-0.37500000675000006,-0.3753753821321321,600.0
ex2_1_9fact.bch,medium,smearsum,both,complete,2604,6.601344000000001,-0.37500000675000006,-0.3753753821321321,600.0
ex2_1_9fact.bch,medium,smearmax,both,complete,2622,6.865723000000002,-0.37500000675000006,-0.3753753821321321,600.0
ex2_1_9fact.bch,medium,smearmaxrel,both,complete,2676,6.758956000000001,-0.37500000675000006,-0.3753753821321321,600.0
ex2_1_9fact.bch,medium,largestfirst,both,timeout,548704,600.0023760000001,-0.3272384675877767,-2.162826247981677,600.0
ex2_1_9fact.bch,medium,roundrobin,both,complete,4254,9.264934000000004,-0.3749956155402337,-0.37537098652676043,600.0
ex3_1_1.bch,easy,lsmear,both,complete,94,0.2699810000000001,7053.8541358553475,7046.807328526822,600.0
ex3_1_1.bch,easy,lsmear-box,both,complete,92,0.2701640000000001,7051.802959397213,7044.7582011960185,600.0
ex3_1_1.bch,easy,smearsumrel,both,complete,104,0.3215780000000001,7053.052921650121,7046.006914735386,600.0
ex3_1_1.bch,easy,smearsum,both,complete,108,0.35570600000000013,7053.254751198601,7046.208542655946,600.0
ex3_1_1.bch,easy,smearmax,both,complete,104,0.3062650000000001,7051.50456763655,7044.460107529022,600.0
ex3_1_1.bch,easy,smearmaxrel,both,complete,228,0.7198540000000003,7053.909234467957,7046.862372095861,600.0
ex3_1_1.bch,easy,largestfirst,both,timeout,184834,600.0030310000002,7053.732099404285,3763.2071048733146,600.0
ex3_1_1.bch,easy,roundrobin,both,complete,122,0.3882400000000001,7053.423036140001,7046.376659480522,600.0
ex3_1_2.bch,easy,lsmear,both,complete,4,0.0077300000000000025,-30665.519612544434,-30696.215828372806,600.0
ex3_1_2.bch,easy,lsmear-box,both,complete,4,0.007687000000000005,-30665.519612544434,-30696.215828372806,600.0
ex3_1_2.bch,easy,smearsumrel,both,complete,4,0.009253000000000003,-30665.519612544434,-30696.215828372806,600.0
ex3_1_2.bch,easy,smearsum,both,complete,6,0.006692,-30640.24990366249,-30670.920824486973,600.0
ex3_1_2.bch,easy,smearmax,both,complete,6,0.006738000000000004,-30640.24990366249,-30670.920824486973,600.0
ex3_1_2.bch,easy,smearmaxrel,both,complete,4,0.009213000000000004,-30665.519612544434,-30696.215828372806,600.0
ex3_1_2.bch,easy,largestfirst,both,complete,6,0.004897000000000002,-30635.119369517146,-30665.785154671816,600.0
ex3_1_2.bch,easy,roundrobin,both,complete,6,0.006983000000000001,-30665.538640777326,-30674.267727049362,600.0
ex3_1_3.bch,easy,lsmear,both,complete,4,0.0024720000000000002,-309.9999998420001,-310.00376192832437,600.0
ex3_1_3.bch,easy,lsmear-box,both,complete,4,0.002424999999999999,-309.9999998420001,-310.00376192832437,600.0
ex3_1_3.bch,easy,smearsumrel,both,complete,4,0.0031929999999999997,-309.9999998420001,-310.00376192832437,600.0
ex3_1_3.bch,easy,smearsum,both,complete,4,0.0031670000000000014,-309.9999998420001,-310.00376192832437,600.0
ex3_1_3.bch,easy,smearmax,both,complete,4,0.003188,-309.9999998420001,-310.00376192832437,600.0
ex3_1_3.bch,easy,smearmaxrel,both,complete,4,0.003188,-309.9999998420001,-310.00376192832437,600.0
ex3_1_3.bch,easy,largestfirst,both,complete,4,0.0020359999999999996,-309.9999998420001,-310.00376192832437,600.0
ex3_1_3.bch,easy,roundrobin,both,complete,4,0.002020000000000001,-309.9999998420001,-310.00376192832437,600.0
ex3_1_3bis.bch,easy,lsmear,both,complete,4,0.0024420000000000006,-309.9999998420001,-310.00376192832437,600.0
ex3_1_3bis.bch,easy,lsmear-box,both,complete,4,0.0024300000000000007,-309.9999998420001,-310.00376192832437,600.0
ex3_1_3bis.bch,easy,smearsumrel,both,complete,4,0.0032260000000000006,-309.9999998420001,-310.00376192832437,600.0
ex3_1_3bis.bch,easy,smearsum,both,complete,4,0.0031940000000000007,-309.9999998420001,-310.00376192832437,600.0
ex3_1_3bis.bch,easy,smearmax,both,complete,4,0.0032150000000000026,-309.9999998420001,-310.00376192832437,600.0
ex3_1_3bis.bch,easy,smearmaxrel,both,complete,4,0.003206000000000003,-309.9999998420001,-310.00376192832437,600.0
ex3_1_3bis.bch,easy,largestfirst,both,complete,4,0.002026,-309.9999998420001,-310.00376192832437,600.0
ex3_1_3bis.bch,easy,roundrobin,both,complete,4,0.0020370000000000024,-309.9999998420001,-310.00376192832437,600.0
ex3_1_4.bch,easy,lsmear,both,complete,20,0.018847000000000006,-3.9999974320198666,-4.004001433453319,600.0
ex3_1_4.bch,easy,lsmear-box,both,complete,20,0.018611000000000006,-3.9999974320198666,-4.004001433453319,600.0
ex3_1_4.bch,easy,smearsumrel,both,complete,14,0.011393,-3.999797101658423,-4.003800902560983,600.0
ex3_1_4.bch,easy,smearsum,both,complete,22,0.021310000000000006,-3.9976100576518347,-4.0016116693211545,600.0
ex3_1_4.bch,easy,smearmax,both,complete,22,0.021555000000000005,-3.9976100576518347,-4.0016116693211545,600.0
ex3_1_4.bch,easy,smearmaxrel,both,complete,22,0.019494000000000008,-3.9997671570984963,-4.003770928026522,600.0
ex3_1_4.bch,easy,largestfirst,both,complete,18,0.016602000000000006,-3.999379406691639,-4.003382789481119,600.0
ex3_1_4.bch,easy,roundrobin,both,complete,20,0.013363000000000003,-3.9999999995000004,-4.0040040035035025,600.0
ex4_1_5.bch,easy,lsmear,both,complete,94,0.05048200000000001,1.5249735004696956e-08,-8.475026499530303e-08,600.0
ex4_1_5.bch,easy,lsmear-box,both,complete,94,0.05024900000000001,1.5249735004696956e-08,-8.475026499530303e-08,600.0
ex4_1_5.bch,easy,smearsumrel,both,complete,94,0.04692900000000001,1.5249735004696956e-08,-8.475026499530303e-08,600.0
ex4_1_5.bch,easy,smearsum,both,complete,146,0.07322000000000002,6.502436821608925e-08,-3.497563178391074e-08,600.0
ex4_1_5.bch,easy,smearmax,both,complete,146,0.07389600000000002,6.502436821608925e-08,-3.497563178391074e-08,600.0
ex4_1_5.bch,easy,smearmaxrel,both,complete,174,0.09509200000000002,8.612035903142619e-08,-1.3879640968573803e-08,600.0
ex4_1_5.bch,easy,largestfirst,both,complete,170,0.09697700000000002,3.045790932580161e-08,-6.954209067419837e-08,600.0
ex4_1_5.bch,easy,roundrobin,both,complete,82,0.047640000000000016,1.4329267067459958e-08,-8.567073293254002e-08,600.0
ex4_1_8.bch,easy,lsmear,both,complete,6,0.007857000000000001,-16.73051182152504,-16.747259080605644,600.0
ex4_1_8.bch,easy,lsmear-box,both,complete,6,0.007242000000000001,-16.73051182152504,-16.747259080605644,600.0
ex4_1_8.bch,easy,smearsumrel,both,complete,6,0.006484000000000002,-16.73051182152504,-16.747259080605644,600.0
ex4_1_8.bch,easy,smearsum,both,complete,6,0.006137999999999999,-16.730660820898056,-16.747408229127178,600.0
ex4_1_8.bch,easy,smearmax,both,complete,6,0.006557000000000002,-16.731584905551063,-16.745094266911288,600.0
ex4_1_8.bch,easy,smearmaxrel,both,complete,6,0.005823000000000003,-16.730660820898056,-16.747408229127178,600.0
ex4_1_8.bch,easy,largestfirst,both,complete,6,0.005334000000000002,-16.73051182152504,-16.747259080605644,600.0
ex4_1_8.bch,easy,roundrobin,both,complete,6,0.005494000000000003,-16.725317864881763,-16.73975671773314,600.0
ex4_1_9.bch,easy,lsmear,both,complete,24,0.018549000000000006,-5.50801105864718,-5.510988872548887,600.0
ex4_1_9.bch,easy,lsmear-box,both,complete,24,0.016562000000000007,-5.50801105864718,-5.510988872548887,600.0
ex4_1_9.bch,easy,smearsumrel,both,complete,24,0.014917000000000003,-5.508011058298421,-5.510988872548887,600.0
ex4_1_9.bch,easy,smearsum,both,complete,24,0.015005000000000003,-5.50801105864718,-5.510988872548887,600.0
ex4_1_9.bch,easy,smearmax,both,complete,24,0.014838000000000004,-5.50801105864718,-5.510988872548887,600.0
ex4_1_9.bch,easy,smearmaxrel,both,complete,24,0.014830000000000001,-5.508011058298421,-5.510988872548887,600.0
ex4_1_9.bch,easy,largestfirst,both,complete,24,0.012256000000000005,-5.50801105864718,-5.510988872548887,600.0
ex4_1_9.bch,easy,roundrobin,both,complete,72,0.025064000000000006,-5.506403540199996,-5.51191545565565,600.0
ex5_2_2_case1.bch,easy,lsmear,both,complete,74,0.17258100000000007,-399.8335768211615,-400.00000059466663,600.0
ex5_2_2_case1.bch,easy,lsmear-box,both,complete,74,0.17231000000000005,-399.8335768211615,-400.00000059466663,600.0
ex5_2_2_case1.bch,easy,smearsumrel,both,complete,6,0.026569000000000006,-400.00000048499953,-400.40040088588535,600.0
ex5_2_2_case1.bch,easy,smearsum,both,complete,66,0.17209500000000005,-399.879127986315,-400.27940739370865,600.0
ex5_2_2_case1.bch,easy,smearmax,both,complete,84,0.20600400000000005,-399.6303557630471,-400.0303861491962,600.0
ex5_2_2_case1.bch,easy,smearmaxrel,both,complete,38,0.09164300000000002,-399.6200701175295,-400.00000076518234,600.0
ex5_2_2_case1.bch,easy,largestfirst,both,complete,35898,137.88288200000002,-399.6943915355731,-400.09448602159466,600.0
ex5_2_2_case1.bch,easy,roundrobin,both,complete,96,0.2559100000000001,-399.83869205546716,-400.23893098645357,600.0
ex5_2_2_case2.bch,easy,lsmear,both,complete,42,0.11297200000000004,-599.5359591772826,-600.136095272555,600.0
ex5_2_2_case2.bch,easy,lsmear-box,both,complete,42,0.11418800000000003,-599.5359591772826,-600.136095272555,600.0
ex5_2_2_case2.bch,easy,smearsumrel,both,complete,18,0.07203300000000003,-599.7797627501604,-600.0000007799573,600.0
ex5_2_2_case2.bch,easy,smearsum,both,complete,44,0.11555700000000003,-599.4587091780251,-600.0000007069651,600.0
ex5_2_2_case2.bch,easy,smearmax,both,complete,102,0.2859300000000001,-599.7560772583347,-600.0000007191087,600.0
ex5_2_2_case2.bch,easy,smearmaxrel,both,complete,54,0.15396200000000007,-599.4010822144078,-600.0010832977053,600.0
ex5_2_2_case2.bch,easy,largestfirst,both,timeout,312880,600.0002890000002,-468.4406013388075,-2661.8885996957524,600.0
ex5_2_2_case2.bch,easy,roundrobin,both,complete,98,0.3003170000000001,-599.8023721481966,-600.4027749231196,600.0
ex5_2_2_case3.bch,medium,lsmear,both,complete,24,0.054515000000000015,-750.000000391067,-750.7507511422091,600.0
ex5_2_2_case3.bch,medium,lsmear-box,both,complete,24,0.054253000000000016,-750.000000391067,-750.7507511422091,600.0
ex5_2_2_case3.bch,medium,smearsumrel,both,complete,20,0.07371500000000003,-750.0000004051669,-750.0000004564115,600.0
ex5_2_2_case3.bch,medium,smearsum,both,complete,48,0.11828000000000007,-750.0000004059168,-750.7507511570738,600.0
ex5_2_2_case3.bch,medium,smearmax,both,complete,32,0.08661500000000003,-750.0000004040578,-750.2205234229093,600.0
ex5_2_2_case3.bch,medium,smearmaxrel,both,complete,32,0.07446700000000005,-750.0000004042554,-750.0000004595705,600.0
ex5_2_2_case3.bch,medium,largestfirst,both,complete,82,0.3782180000000001,-750.0000004015003,-750.7507511526528,600.0
ex5_2_2_case3.bch,medium,roundrobin,both,complete,28,0.08999700000000002,-750.0000004002866,-750.750751151438,600.0
ex5_2_4.bch,easy,lsmear,both,complete,50,0.12330000000000003,-450.00001888949987,-450.4504693588587,600.0
ex5_2_4.bch,easy,lsmear-box,both,complete,50,0.12260300000000005,-450.00001888949987,-450.4504693588587,600.0
ex5_2_4.bch,easy,smearsumrel,both,complete,38,0.11680600000000005,-449.76938835993207,-450.21960796789995,600.0
ex5_2_4.bch,easy,smearsum,both,complete,24,0.08808900000000003,-450.00001888949987,-450.4504693588587,600.0
ex5_2_4.bch,easy,smearmax,both,complete,26,0.08984100000000003,-450.00001888649956,-450.4504693558554,600.0
ex5_2_4.bch,easy,smearmaxrel,both,complete,36,0.10705900000000003,-450.00001888949987,-450.4504693588587,600.0
ex5_2_4.bch,easy,largestfirst,both,timeout,334946,600.0019760000002,-444.22172656090333,-1226.0751410702442,600.0
ex5_2_4.bch,easy,roundrobin,both,complete,52,0.13914300000000007,-449.98759752059175,-450.43803555614784,600.0
ex5_2_5.bch,unsolved,lsmear,both,timeout,58570,600.0091750000001,-3180.0000532977406,-12472.499949375,600.0
ex5_2_5.bch,unsolved,lsmear-box,both,timeout,59072,600.0007460000003,-3250.0000628561143,-12472.499949375,600.0
ex5_2_5.bch,unsolved,smearsumrel,both,timeout,40148,600.1612600000002,-3360.560616779928,-15757.179416195377,600.0
ex5_2_5.bch,unsolved,smearsum,both,timeout,50974,600.0168530000001,-3307.9593002469123,-12194.732337227393,600.0
ex5_2_5.bch,unsolved,smearmax,both,timeout,54238,600.0017060000002,-3391.025537374153,-11617.241531956022,600.0
ex5_2_5.bch,unsolved,smearmaxrel,both,timeout,46320,600.0143570000002,-3171.074296928837,-22335.04213333454,600.0
ex5_2_5.bch,unsolved,largestfirst,both,timeout,72912,600.0060650000003,-3363.0445480708936,-30855.00000000001,600.0
ex5_2_5.bch,unsolved,roundrobin,both,timeout,53128,600.0267300000002,-3131.250085650705,-15445.510265979607,600.0
ex5_3_2.bch,medium,lsmear,both,complete,52,0.7069530000000002,1.8641594572042124,1.8641594496785754,600.0
ex5_3_2.bch,medium,lsmear-box,both,complete,52,0.7085180000000002,1.8641594572042124,1.8641594496785754,600.0
ex5_3_2.bch,medium,smearsumrel,both,complete,46,0.5126590000000001,1.8641594577390512,1.862297160578473,600.0
ex5_3_2.bch,medium,smearsum,both,complete,40,0.5060480000000003,1.8641594523893914,1.8622971552341574,600.0
ex5_3_2.bch,medium,smearmax,both,complete,42,0.5266840000000003,1.8641594524086817,1.8622971552534284,600.0
ex5_3_2.bch,medium,smearmaxrel,both,complete,62,0.6014650000000001,1.864159459043589,1.8622971618817075,600.0
ex5_3_2.bch,medium,largestfirst,both,complete,10620,43.38440300000001,1.864159452171549,1.864159448619041,600.0
ex5_3_2.bch,medium,roundrobin,both,complete,186,2.367728000000001,1.8641594523043383,1.8622971551491894,600.0
ex5_3_3.bch,unsolved,lsmear,both,timeout,13652,600.0844120000002,inf,2.6362253980564643,600.0
ex5_3_3.bch,unsolved,lsmear-box,both,timeout,13506,600.0523200000001,inf,2.6324866589594884,600.0
ex5_3_3.bch,unsolved,smearsumrel,both,timeout,14036,600.0063070000003,inf,2.644563238620393,600.0
ex5_3_3.bch,unsolved,smearsum,both,timeout,14352,600.0592490000001,inf,2.3401713944352536,600.0
ex5_3_3.bch,unsolved,smearmax,both,timeout,12424,600.1714060000002,inf,2.015556686573269,600.0
ex5_3_3.bch,unsolved,smearmaxrel,both,timeout,11586,600.1579540000002,inf,1.631317999999999,600.0
ex5_3_3.bch,unsolved,largestfirst,both,timeout,12002,600.0698350000001,inf,1.631317999999999,600.0
ex5_3_3.bch,unsolved,roundrobin,both,timeout,12424,600.0369530000003,inf,1.6686620432711328,600.0
ex5_4_2.bch,easy,lsmear,both,complete,28,0.059483000000000015,7518.42550293888,7510.91458835053,600.0
ex5_4_2.bch,easy,lsmear-box,both,complete,28,0.059698000000000015,7518.42550293888,7510.91458835053,600.0
ex5_4_2.bch,easy,smearsumrel,both,complete,38,0.07441200000000002,7515.615076751643,7508.106969781862,600.0
ex5_4_2.bch,easy,smearsum,both,complete,52,0.11152900000000004,7513.22799875683,7505.72227648035,600.0
ex5_4_2.bch,easy,smearmax,both,complete,38,0.08048300000000003,7512.367240133721,7504.862377755966,600.0
ex5_4_2.bch,easy,smearmaxrel,both,complete,62,0.13049700000000006,7518.175012981228,7510.664348632597,600.0
ex5_4_2.bch,easy,largestfirst,both,complete,2196,6.205220000000002,7514.073538876437,7506.566971904534,600.0
ex5_4_2.bch,easy,roundrobin,both,complete,42,0.09757300000000002,7514.157832384247,7506.651181203045,600.0
ex5_4_2bis.bch,easy,lsmear,both,complete,32,0.05562200000000001,7516.241425216483,7508.7326925239595,600.0
ex5_4_2bis.bch,easy,lsmear-box,both,complete,32,0.05576900000000001,7516.241425216483,7508.7326925239595,600.0
ex5_4_2bis.bch,easy,smearsumrel,both,complete,20,0.039591000000000015,7513.077955834245,7505.572383450794,600.0
ex5_4_2bis.bch,easy,smearsum,both,complete,34,0.058060000000000014,7512.458275631454,7504.953322309146,600.0
ex5_4_2bis.bch,easy,smearmax,both,complete,30,0.05397100000000002,7513.5963253373975,7506.090235102296,600.0
ex5_4_2bis.bch,easy,smearmaxrel,both,complete,20,0.041644000000000014,7512.812146090805,7505.306839251554,600.0
ex5_4_2bis.bch,easy,largestfirst,both,complete,48,0.09334800000000001,7517.558409485453,7510.04836112433,600.0
ex5_4_2bis.bch,easy,roundrobin,both,complete,32,0.05341700000000001,7512.651814865424,7505.146668197228,600.0
ex5_4_3.bch,easy,lsmear,both,complete,26,0.2816760000000001,4846.511772831359,4845.461986667863,600.0
ex5_4_3.bch,easy,lsmear-box,both,complete,38,0.3668970000000001,4846.592182825252,4845.461986753852,600.0
ex5_4_3.bch,easy,smearsumrel,both,complete,30,0.32233400000000006,4845.461992390606,4840.621371019587,600.0
ex5_4_3.bch,easy,smearsum,both,complete,52,0.44597000000000003,4847.484876972187,4842.64223473745,600.0
ex5_4_3.bch,easy,smearmax,both,complete,44,0.40381500000000004,4845.4619979487625,4840.621376572191,600.0
ex5_4_3.bch,easy,smearmaxrel,both,complete,38,0.2626000000000001,4845.461988580148,4840.621367212936,600.0
ex5_4_3.bch,easy,largestfirst,both,timeout,91230,600.0029120000003,5937.4373465037515,3841.4692143468433,600.0
ex5_4_3.bch,easy,roundrobin,both,complete,76,0.4926040000000001,4846.186722132552,4845.461986440549,600.0
ex5_4_4.bch,hard,lsmear,both,complete,4572,87.86113900000004,10083.509970398009,10073.436533864146,600.0
ex5_4_4.bch,hard,lsmear-box,both,complete,5412,103.03040700000004,10077.856264914177,10067.788476437741,600.0
ex5_4_4.bch,hard,smearsumrel,both,complete,6228,119.39378500000004,10079.964082685636,10069.894188497141,600.0
ex5_4_4.bch,hard,smearsum,both,complete,4632,82.34196400000003,10077.946829906232,10077.775202800769,600.0
ex5_4_4.bch,hard,smearmax,both,complete,5724,98.33276000000004,10080.46252965055,10070.392137513038,600.0
ex5_4_4.bch,hard,smearmaxrel,both,timeout,57830,600.0139950000001,inf,5310.414187801892,600.0
ex5_4_4.bch,hard,largestfirst,both,timeout,65926,600.0201870000002,11639.05508337732,4101.460993736822,600.0
ex5_4_4.bch,hard,roundrobin,both,complete,22726,364.07799900000015,10083.3776357358,10073.304331404399,600.0
ex6_1_1.bch,blowup,lsmear,both,complete,2594,8.051359000000001,-0.02019818781646951,-0.0202184062226922,600.0
ex6_1_1.bch,blowup,lsmear-box,both,complete,2574,7.980463000000002,-0.02019819039596188,-0.020218408804766642,600.0
ex6_1_1.bch,blowup,smearsumrel,both,complete,2550,7.749526000000002,-0.020198206352502523,-0.0202184247772798,600.0
ex6_1_1.bch,blowup,smearsum,both,complete,2630,8.123857000000001,-0.020197727760722844,-0.02021794570642927,600.0
ex6_1_1.bch,blowup,smearmax,both,complete,2620,7.835282000000002,-0.020192951595184902,-0.020213164759944842,600.0
ex6_1_1.bch,blowup,smearmaxrel,both,complete,5202,13.593749000000003,-0.02019808124168598,-0.020218299541227204,600.0
ex6_1_1.bch,blowup,largestfirst,both,timeout,278542,600.0024180000001,-0.017577568180348557,-3.253384276752152,600.0
ex6_1_1.bch,blowup,roundrobin,both,complete,4686,12.188056000000005,-0.020196208545783776,-0.020216424970754526,600.0
ex6_1_2.bch,easy,lsmear,both,complete,26,0.04095900000000001,-0.03245514537407122,-0.03248763300707829,600.0
ex6_1_2.bch,easy,lsmear-box,both,complete,26,0.034678000000000014,-0.03245514537407122,-0.03248763300707829,600.0
ex6_1_2.bch,easy,smearsumrel,both,complete,26,0.03410500000000002,-0.03245514537407122,-0.03248763300707829,600.0
ex6_1_2.bch,easy,smearsum,both,complete,26,0.03470500000000001,-0.03245514537407122,-0.03248763300707829,600.0
ex6_1_2.bch,easy,smearmax,both,complete,26,0.034810000000000015,-0.03245514537407122,-0.03248763300707829,600.0
ex6_1_2.bch,easy,smearmaxrel,both,complete,52,0.07180700000000002,-0.032433322477667004,-0.03246578826593293,600.0
ex6_1_2.bch,easy,largestfirst,both,complete,26,0.03280000000000001,-0.03245514537407122,-0.03248763300707829,600.0
ex6_1_2.bch,easy,roundrobin,both,complete,24,0.028842000000000007,-0.032463735726408774,-0.032496231958367136,600.0
ex6_1_3.bch,hard,lsmear,both,complete,4950,25.70974100000001,-0.35249063680668463,-0.35284348028697154,600.0
ex6_1_3.bch,hard,lsmear-box,both,complete,4618,26.001759000000003,-0.3522885892139579,-0.35264123044440226,600.0
ex6_1_3.bch,hard,smearsumrel,both,complete,5496,29.570882000000008,-0.35225511657425196,-0.3526077242985505,600.0
ex6_1_3.bch,hard,smearsum,both,complete,4600,25.079816000000008,-0.3524813457594843,-0.3528341799394237,600.0
ex6_1_3.bch,hard,smearmax,both,complete,4648,23.734609000000006,-0.3524040537204447,-0.35275681053097563,600.0
ex6_1_3.bch,hard,smearmaxrel,both,timeout,138532,600.0094290000003,-0.32434305380665834,-3.0386360536361514,600.0
ex6_1_3.bch,hard,largestfirst,both,timeout,218306,600.0013290000002,-0.3241808859054655,-9.633868845437776,600.0
ex6_1_3.bch,hard,roundrobin,both,complete,18176,89.26942500000003,-0.35224744790926776,-0.35260004795722494,600.0
ex6_1_3bis.bch,medium,lsmear,both,complete,2850,4.086703000000002,-0.3518390755021055,-0.35219126676887436,600.0
ex6_1_3bis.bch,medium,lsmear-box,both,complete,2834,4.032401000000001,-0.3518390755021055,-0.35219126676887436,600.0
ex6_1_3bis.bch,medium,smearsumrel,both,complete,2846,3.818185000000001,-0.3518390755021055,-0.35219126676887436,600.0
ex6_1_3bis.bch,medium,smearsum,both,complete,2800,3.783054000000001,-0.3518266863286229,-0.3521788651938167,600.0
ex6_1_3bis.bch,medium,smearmax,both,complete,2854,3.805250000000001,-0.351833532001912,-0.35218571771963153,600.0
ex6_1_3bis.bch,medium,smearmaxrel,both,timeout,473772,600.0000700000002,-0.3507945479775052,-6.293732656420665,600.0
ex6_1_3bis.bch,medium,largestfirst,both,timeout,687718,600.0008640000002,-0.30283102438873544,-11.876644637046251,600.0
ex6_1_3bis.bch,medium,roundrobin,both,complete,7662,7.799614000000001,-0.3518802612890036,-0.35223249378278637,600.0
ex6_1_4.bch,medium,lsmear,both,complete,126,0.26257500000000006,-0.29438804370301486,-0.29468272642944426,600.0
ex6_1_4.bch,medium,lsmear-box,both,complete,158,0.3424130000000001,-0.29452053034860215,-0.2948153456942964,600.0
ex6_1_4.bch,medium,smearsumrel,both,complete,162,0.3310160000000001,-0.29425162761567236,-0.29454617378946174,600.0
ex6_1_4.bch,medium,smearsum,both,complete,148,0.2838900000000001,-0.29427315284733174,-0.2945677205678996,600.0
ex6_1_4.bch,medium,smearmax,both,complete,170,0.3329300000000001,-0.29439110485757686,-0.29468579064822503,600.0
ex6_1_4.bch,medium,smearmaxrel,both,complete,214,0.39663100000000007,-0.2945272985007337,-0.29482212062135504,600.0
ex6_1_4.bch,medium,largestfirst,both,complete,752,2.347111000000001,-0.2945067053510164,-0.29480150685787426,600.0
ex6_1_4.bch,medium,roundrobin,both,complete,166,0.3344850000000001,-0.29442766638608847,-0.2947223887748633,600.0
ex6_2_10.bch,hard,lsmear,both,complete,68052,113.55700900000004,-3.051949837281957,-3.055004842124081,600.0
ex6_2_10.bch,hard,lsmear-box,both,complete,68354,112.25259100000004,-3.051949837281957,-3.055004842124081,600.0
ex6_2_10.bch,hard,smearsumrel,both,complete,68098,107.05007200000003,-3.051949837281957,-3.055004842124081,600.0
ex6_2_10.bch,hard,smearsum,both,complete,67854,107.47129800000002,-3.051949837281957,-3.055004842124081,600.0
ex6_2_10.bch,hard,smearmax,both,complete,68106,106.69580600000002,-3.051949837281957,-3.055004842124081,600.0
ex6_2_10.bch,hard,smearmaxrel,both,timeout,380834,600.0020010000002,-3.051050925165789,-56.56045402557272,600.0
ex6_2_10.bch,hard,largestfirst,both,timeout,395724,600.0013260000002,-3.0504529338520316,-280.01424028083323,600.0
ex6_2_10.bch,hard,roundrobin,both,timeout,441960,600.0022140000002,-3.0516742640026093,-3.323961435520243,600.0
ex6_2_11.bch,medium,lsmear,both,complete,11412,9.914886000000005,-2.672397996422715e-06,-2.7723979964227146e-06,600.0
ex6_2_11.bch,medium,lsmear-box,both,complete,11262,9.706305000000004,-2.672061339373255e-06,-2.7720613393732545e-06,600.0
ex6_2_11.bch,medium,smearsumrel,both,complete,13332,10.733058000000003,-2.671819958402488e-06,-2.7718199584024877e-06,600.0
ex6_2_11.bch,medium,smearsum,both,complete,12502,10.185632000000004,-2.6718414055382222e-06,-2.7718414055382217e-06,600.0
ex6_2_11.bch,medium,smearmax,both,complete,12526,10.148442000000003,-2.671826172986891e-06,-2.7718261729868903e-06,600.0
ex6_2_11.bch,medium,smearmaxrel,both,complete,11784,9.118740000000003,-2.6719500499788884e-06,-2.771950049978888e-06,600.0
ex6_2_11.bch,medium,largestfirst,both,timeout,625686,600.0014510000003,0.0019284553391433978,-217.15636289947196,600.0
ex6_2_11.bch,medium,roundrobin,both,complete,47622,32.688651000000014,-2.6716928853698363e-06,-2.7716928853698358e-06,600.0
ex6_2_12.bch,medium,lsmear,both,complete,2528,2.658830000000001,0.2892031287368326,0.28891421452231036,600.0
ex6_2_12.bch,medium,lsmear-box,both,complete,2538,2.6272990000000007,0.2892027254721644,0.28891381166050395,600.0
ex6_2_12.bch,medium,smearsumrel,both,complete,2556,2.503899000000001,0.28920272406060554,0.28891381025035523,600.0
ex6_2_12.bch,medium,smearsum,both,complete,2684,2.675264000000001,0.28920267399221644,0.2889137602319845,600.0
ex6_2_12.bch,medium,smearmax,both,complete,2560,2.4747340000000007,0.28920272406060554,0.28891381025035523,600.0
ex6_2_12.bch,medium,smearmaxrel,both,timeout,704130,600.0019030000002,0.28930184700049455,0.26061941799885796,600.0
ex6_2_12.bch,medium,largestfirst,both,timeout,731902,600.0010990000002,0.28983910531909024,-46.16729064164164,600.0
ex6_2_12.bch,medium,roundrobin,both,complete,12848,10.236112000000004,0.2891976178613444,0.28890870915219224,600.0
ex6_2_13.bch,blowup,lsmear,both,complete,351812,571.3926440000001,-0.21620947231175536,-0.2164258982099653,600.0
ex6_2_13.bch,blowup,lsmear-box,both,complete,351724,567.0691860000002,-0.21620947231175536,-0.2164258982099653,600.0
ex6_2_13.bch,blowup,smearsumrel,both,complete,359762,546.6751170000002,-0.21620947231175536,-0.2164258982099653,600.0
ex6_2_13.bch,blowup,smearsum,both,complete,376316,578.1589520000001,-0.2162094723117549,-0.21642589820996486,600.0
ex6_2_13.bch,blowup,smearmax,both,complete,357530,543.6292930000002,-0.21620947231175625,-0.2164258982099662,600.0
ex6_2_13.bch,blowup,smearmaxrel,both,timeout,456554,600.0036650000003,-0.21620947473368968,-24.657122495810597,600.0
ex6_2_13.bch,blowup,largestfirst,both,timeout,462170,600.0022660000002,-0.21620940455144227,-82.33092970421552,600.0
ex6_2_13.bch,blowup,roundrobin,both,timeout,487660,600.0019960000004,-0.21620947231175447,-0.24023418895749518,600.0
ex6_2_14.bch,medium,lsmear,both,complete,436,0.48153800000000013,-0.6953539154209768,-0.6960499653863631,600.0
ex6_2_14.bch,medium,lsmear-box,both,complete,440,0.48032600000000014,-0.6953539154209768,-0.6960499653863631,600.0
ex6_2_14.bch,medium,smearsumrel,both,complete,436,0.4548150000000001,-0.6953539154209768,-0.6960499653863631,600.0
ex6_2_14.bch,medium,smearsum,both,complete,436,0.4526230000000001,-0.6953539154209768,-0.6960499653863631,600.0
ex6_2_14.bch,medium,smearmax,both,complete,436,0.4493370000000001,-0.6953539154209768,-0.6960499653863631,600.0
ex6_2_14.bch,medium,smearmaxrel,both,timeout,685006,600.0016470000003,-0.6953539154094285,-0.9242579667569629,600.0
ex6_2_14.bch,medium,largestfirst,both,timeout,840690,600.0012430000002,-0.6953518967459236,-29.98837294063371,600.0
ex6_2_14.bch,medium,roundrobin,both,complete,2490,1.8780830000000006,-0.6953575836357416,-0.6960536372730145,600.0
ex6_2_5.bch,unsolved,lsmear,both,timeout,222368,600.0015040000002,-70.60066044062751,-6099.021422861114,600.0
ex6_2_5.bch,unsolved,lsmear-box,both,timeout,211878,600.0024340000001,-70.58017468801398,-7419.321233101293,600.0
ex6_2_5.bch,unsolved,smearsumrel,both,timeout,203910,600.0019950000003,-70.61161925858801,-9834.737585346184,600.0
ex6_2_5.bch,unsolved,smearsum,both,timeout,232626,600.0001180000003,-70.61828475129278,-5969.451313126159,600.0
ex6_2_5.bch,unsolved,smearmax,both,timeout,231288,600.0085150000002,-70.60097226336609,-5989.335334857331,600.0
ex6_2_5.bch,unsolved,smearmaxrel,both,timeout,237950,600.0007800000002,-70.49099437564485,-21106.972395481785,600.0
ex6_2_5.bch,unsolved,largestfirst,both,timeout,348386,600.0031080000002,-69.26603786629326,-59560.57254481701,600.0
ex6_2_5.bch,unsolved,roundrobin,both,timeout,260240,600.0010710000003,-70.59476966572912,-10292.208282329982,600.0
ex6_2_6.bch,medium,lsmear,both,complete,27158,24.568280000000005,-2.6025036299892612e-06,-2.7025036299892607e-06,600.0
ex6_2_6.bch,medium,lsmear-box,both,complete,27144,24.14714100000001,-2.6025035754773107e-06,-2.70250357547731e-06,600.0
ex6_2_6.bch,medium,smearsumrel,both,complete,35924,31.085030000000003,-2.6025264469597964e-06,-2.702526446959796e-06,600.0
ex6_2_6.bch,medium,smearsum,both,complete,30874,26.79264300000001,-2.60251667894007e-06,-2.7025166789400695e-06,600.0
ex6_2_6.bch,medium,smearmax,both,complete,30968,27.24344600000001,-2.602516982808112e-06,-2.7025169828081113e-06,600.0
ex6_2_6.bch,medium,smearmaxrel,both,complete,27328,22.540435000000006,-2.602518293981504e-06,-2.7025182939815034e-06,600.0
ex6_2_6.bch,medium,largestfirst,both,timeout,572196,600.0010350000001,0.0060233757386525255,-298.23194321202806,600.0
ex6_2_6.bch,medium,roundrobin,both,complete,276366,234.93160200000003,-2.6025266781637413e-06,-2.7025266781637407e-06,600.0
ex6_2_7.bch,unsolved,lsmear,both,timeout,188392,600.0040550000002,-0.15378271275719424,-85.74729022936143,600.0
ex6_2_7.bch,unsolved,lsmear-box,both,timeout,188080,600.0014860000002,-0.15417475854909712,-86.41804563682163,600.0
ex6_2_7.bch,unsolved,smearsumrel,both,timeout,176778,600.0010410000001,-0.15370691819704385,-100.72175757140172,600.0
ex6_2_7.bch,unsolved,smearsum,both,timeout,195598,600.0024240000002,-0.15378271275719424,-84.82391857141673,600.0
ex6_2_7.bch,unsolved,smearmax,both,timeout,198274,600.0038670000001,-0.15378271275719424,-84.56963933949518,600.0
ex6_2_7.bch,unsolved,smearmaxrel,both,timeout,215116,600.0006240000002,-0.12719709499251142,-739.3838501409477,600.0
ex6_2_7.bch,unsolved,largestfirst,both,timeout,290058,600.0029490000004,-0.14535814345227394,-872.8008509119745,600.0
ex6_2_7.bch,unsolved,roundrobin,both,timeout,230198,600.0025580000001,-0.15020360465259452,-79.85112759784293,600.0
ex6_2_8.bch,medium,lsmear,both,complete,13748,12.518067000000004,-0.02700629127613352,-0.02703332460073425,600.0
ex6_2_8.bch,medium,lsmear-box,both,complete,13748,12.253291000000004,-0.027006348845240336,-0.0270333822274678,600.0
ex6_2_8.bch,medium,smearsumrel,both,complete,15194,13.846364000000005,-0.027006348252803125,-0.02703338163443756,600.0
ex6_2_8.bch,medium,smearsum,both,complete,13952,12.004573000000002,-0.02700599441742879,-0.027033027444873663,600.0
ex6_2_8.bch,medium,smearmax,both,complete,13672,11.327947000000002,-0.027006295119329504,-0.02703332844777728,600.0
ex6_2_8.bch,medium,smearmaxrel,both,complete,13584,11.334579000000003,-0.02700633856698209,-0.02703337193892101,600.0
ex6_2_8.bch,medium,largestfirst,both,timeout,614544,600.0013210000003,0.0010186965991768604,-323.9679752500905,600.0
ex6_2_8.bch,medium,roundrobin,both,complete,71822,58.17281300000001,-0.027006191617505504,-0.02703322484234785,600.0
ex6_2_9.bch,medium,lsmear,both,complete,7242,8.016596000000003,-0.03406580569926598,-0.03409990560487085,600.0
ex6_2_9.bch,medium,lsmear-box,both,complete,7248,7.827355000000001,-0.03406580569926598,-0.03409990560487085,600.0
ex6_2_9.bch,medium,smearsumrel,both,complete,7242,7.334309000000002,-0.03406580569926598,-0.03409990560487085,600.0
ex6_2_9.bch,medium,smearsum,both,complete,7746,7.902466000000002,-0.034065889538457794,-0.03409998952798577,600.0
ex6_2_9.bch,medium,smearmax,both,complete,7278,7.415939000000002,-0.03406580569926598,-0.03409990560487085,600.0
ex6_2_9.bch,medium,smearmaxrel,both,timeout,875108,600.0002190000002,-0.03400268015975261,-0.16731752991602417,600.0
ex6_2_9.bch,medium,largestfirst,both,timeout,606572,600.0001800000002,-0.03398434217065627,-150.4603844315442,600.0
ex6_2_9.bch,medium,roundrobin,both,complete,39610,35.89371000000001,-0.034065088407862376,-0.034099187595457825,600.0
ex7_2_1.bch,easy,lsmear,both,complete,22,0.08141800000000002,1227.4206502923817,1226.1944558365453,600.0
ex7_2_1.bch,easy,lsmear-box,both,complete,28,0.10612000000000002,1228.0499315029099,1226.8231083945157,600.0
ex7_2_1.bch,easy,smearsumrel,both,complete,42,0.13604200000000008,1228.2064349004977,1226.979455445053,600.0
ex7_2_1.bch,easy,smearsum,both,complete,38,0.12248000000000005,1227.6103994839423,1226.384015468474,600.0
ex7_2_1.bch,easy,smearmax,both,complete,38,0.12241800000000005,1227.6103994839423,1226.384015468474,600.0
ex7_2_1.bch,easy,smearmaxrel,both,complete,38,0.12835200000000002,1228.423730949218,1227.1965344148034,600.0
ex7_2_1.bch,easy,largestfirst,both,complete,214,0.7795580000000002,1227.4291147351414,1226.2029118233183,600.0
ex7_2_1.bch,easy,roundrobin,both,complete,34,0.10151400000000003,1227.8097950413012,1226.583211829472,600.0
ex7_2_10.bch,easy,lsmear,both,complete,14,0.028296,0.1,0.09999999999999999,600.0
ex7_2_10.bch,easy,lsmear-box,both,complete,14,0.028071000000000006,0.1,0.09999999999999999,600.0
ex7_2_10.bch,easy,smearsumrel,both,complete,14,0.02674600000000001,0.1,0.09999999999999999,600.0
ex7_2_10.bch,easy,smearsum,both,complete,18,0.03264400000000001,0.1,0.09999999999999999,600.0
ex7_2_10.bch,easy,smearmax,both,complete,22,0.03750100000000001,0.1,0.09999999999999999,600.0
ex7_2_10.bch,easy,smearmaxrel,both,complete,24,0.041340000000000016,0.1,0.09999999999999999,600.0
ex7_2_10.bch,easy,largestfirst,both,complete,342,0.4937080000000001,0.1,0.09999999999999999,600.0
ex7_2_10.bch,easy,roundrobin,both,complete,14,0.023409000000000003,0.1,0.09999999999999999,600.0
ex7_2_1bis.bch,easy,lsmear,both,complete,24,0.07985400000000001,1227.7516137207347,1226.5250886321028,600.0
ex7_2_1bis.bch,easy,lsmear-box,both,complete,24,0.07750400000000002,1227.2972476387738,1226.0711764623118,600.0
ex7_2_1bis.bch,easy,smearsumrel,both,complete,38,0.10080900000000002,1227.9651113685757,1226.7383729955802,600.0
ex7_2_1bis.bch,easy,smearsum,both,complete,34,0.11520400000000006,1227.713393372939,1226.4869064664726,600.0
ex7_2_1bis.bch,easy,smearmax,both,complete,34,0.11459400000000003,1227.713393372939,1226.4869064664726,600.0
ex7_2_1bis.bch,easy,smearmaxrel,both,complete,38,0.12720800000000007,1228.3707189981194,1227.143575422697,600.0
ex7_2_1bis.bch,easy,largestfirst,both,complete,214,0.7534950000000001,1227.7522114240744,1226.5256857383363,600.0
ex7_2_1bis.bch,easy,roundrobin,both,complete,32,0.10076100000000004,1228.3403424054559,1227.11322917628,600.0
ex7_2_2.bch,easy,lsmear,both,complete,28,0.06337300000000003,-0.38848620549755253,-0.3888750805781306,600.0
ex7_2_2.bch,easy,lsmear-box,both,complete,28,0.06300600000000002,-0.38848620549755253,-0.3888750805781306,600.0
ex7_2_2.bch,easy,smearsumrel,both,complete,28,0.06293000000000003,-0.38848620549755253,-0.3888750805781306,600.0
ex7_2_2.bch,easy,smearsum,both,complete,22,0.046039000000000004,-0.38855381328866906,-0.38894275604471373,600.0
ex7_2_2.bch,easy,smearmax,both,complete,18,0.03559000000000001,-0.38871842669293444,-0.38910753422716154,600.0
ex7_2_2.bch,easy,smearmaxrel,both,complete,28,0.06455400000000003,-0.38844244471296063,-0.3888312759889495,600.0
ex7_2_2.bch,easy,largestfirst,both,complete,26,0.05055100000000001,-0.3888114565339277,-0.38920065719111874,600.0
ex7_2_2.bch,easy,roundrobin,both,complete,22,0.04344600000000001,-0.3886030601566485,-0.38899205220885735,600.0
ex7_2_3.bch,easy,lsmear,both,timeout,838164,600.0000050000002,11013.168100734989,4575.89447801002,600.0
ex7_2_3.bch,easy,lsmear-box,both,complete,12160,11.728772000000005,7050.861219252906,7043.817401851056,600.0
ex7_2_3.bch,easy,smearsumrel,both,complete,20062,16.105298000000005,7052.851614574262,7045.805808765498,600.0
ex7_2_3.bch,easy,smearsum,both,complete,9094,10.390216000000004,7053.732165155525,7046.68547967585,600.0
ex7_2_3.bch,easy,smearmax,both,complete,10768,12.787636000000001,7050.208010682811,7043.164845836975,600.0
ex7_2_3.bch,easy,smearmaxrel,both,timeout,952476,600.0006950000002,19930.34714334092,2113.6357961877306,600.0
ex7_2_3.bch,easy,largestfirst,both,timeout,721350,600.0001220000001,9715.719352937704,2100.000000000007,600.0
ex7_2_3.bch,easy,roundrobin,both,complete,2242,3.724862000000001,7051.149128777397,7044.105023753644,600.0
ex7_2_3bis.bch,easy,lsmear,both,complete,182,0.5162950000000001,7052.358313671215,7045.313000670545,600.0
ex7_2_3bis.bch,easy,lsmear-box,both,complete,192,0.5045500000000002,7050.061452425859,7043.018433991868,600.0
ex7_2_3bis.bch,easy,smearsumrel,both,complete,296,0.7949290000000002,7053.941450093704,7046.894555538166,600.0
ex7_2_3bis.bch,easy,smearsum,both,complete,274,0.7809720000000001,7053.1665292174075,7046.1204088086,600.0
ex7_2_3bis.bch,easy,smearmax,both,complete,220,0.5899130000000002,7051.055244911,7044.011233677324,600.0
ex7_2_3bis.bch,easy,smearmaxrel,both,complete,262,0.7962850000000001,7052.418277141115,7045.372904236879,600.0
ex7_2_3bis.bch,easy,largestfirst,both,timeout,247744,600.0008900000001,7074.927122038174,2481.848267392514,600.0
ex7_2_3bis.bch,easy,roundrobin,both,complete,354,0.8846110000000001,7051.921088747298,7044.876212534764,600.0
ex7_2_4.bch,medium,lsmear,both,complete,700,1.8245010000000004,3.919021889239626,3.915106782457169,600.0
ex7_2_4.bch,medium,lsmear-box,both,complete,1238,3.041203000000001,3.9195423280394612,3.9156267013381236,600.0
ex7_2_4.bch,medium,smearsumrel,both,complete,1330,3.209751000000001,3.9205155289795472,3.9165989300494983,600.0
ex7_2_4.bch,medium,smearsum,both,complete,1364,3.452319000000001,3.921266331141404,3.9173489821592455,600.0
ex7_2_4.bch,medium,smearmax,both,complete,1308,3.178420000000001,3.91897735067466,3.915062288386274,600.0
ex7_2_4.bch,medium,smearmaxrel,both,complete,55120,91.84648900000002,3.919711219682724,3.915795424258466,600.0
ex7_2_4.bch,medium,largestfirst,both,timeout,267172,600.0058900000002,3.9185444008280923,3.7994507244262,600.0
ex7_2_4.bch,medium,roundrobin,both,complete,1980,4.0502980000000015,3.920739144727465,3.9168223224050602,600.0
ex7_2_5.bch,easy,lsmear,both,complete,8,0.013474000000000003,10123.119433732452,10118.362089950015,600.0
ex7_2_5.bch,easy,lsmear-box,both,complete,8,0.013363000000000002,10123.119433732452,10118.362089950015,600.0
ex7_2_5.bch,easy,smearsumrel,both,complete,10,0.015928,10123.109760772752,10119.136242673372,600.0
ex7_2_5.bch,easy,smearsum,both,complete,18,0.031144000000000005,10122.495727689276,10119.709324579668,600.0
ex7_2_5.bch,easy,smearmax,both,complete,18,0.03158600000000001,10122.495727689276,10119.709324579668,600.0
ex7_2_5.bch,easy,smearmaxrel,both,complete,10,0.015876,10123.109760772752,10119.136242673372,600.0
ex7_2_5.bch,easy,largestfirst,both,complete,344,0.2596800000000001,10123.075148224378,10112.962186038341,600.0
ex7_2_5.bch,easy,roundrobin,both,complete,12,0.02033800000000001,10122.524411876897,10117.06901121367,600.0
ex7_2_6.bch,easy,lsmear,both,complete,20,0.02189200000000001,-83.24532798492488,-83.32865664156644,600.0
ex7_2_6.bch,easy,lsmear-box,both,complete,20,0.014546000000000007,-83.24532798492488,-83.32865664156644,600.0
ex7_2_6.bch,easy,smearsumrel,both,complete,24,0.01940500000000001,-83.18452411138615,-83.26779190328944,600.0
ex7_2_6.bch,easy,smearsum,both,complete,36,0.024079000000000007,-83.16825820972863,-83.25150971944807,600.0
ex7_2_6.bch,easy,smearmax,both,complete,36,0.02401500000000001,-83.16825820972863,-83.25150971944807,600.0
ex7_2_6.bch,easy,smearmaxrel,both,complete,24,0.015050000000000001,-83.2086456464847,-83.29193758406875,600.0
ex7_2_6.bch,easy,largestfirst,both,complete,18,0.012853000000000002,-83.19669950030583,-83.2799794797856,600.0
ex7_2_6.bch,easy,roundrobin,both,complete,30,0.019111000000000006,-83.18126975108663,-83.264534285372,600.0
ex7_2_7.bch,easy,lsmear,both,complete,46,0.04741600000000001,-5.738459066930961,-5.744203270201162,600.0
ex7_2_7.bch,easy,lsmear-box,both,complete,44,0.047958000000000015,-5.737267536866923,-5.743010547414336,600.0
ex7_2_7.bch,easy,smearsumrel,both,complete,54,0.05038300000000001,-5.737677024281281,-5.743420444726006,600.0
ex7_2_7.bch,easy,smearsum,both,complete,38,0.04605200000000002,-5.737377021556583,-5.74312014169828,600.0
ex7_2_7.bch,easy,smearmax,both,complete,38,0.04074100000000001,-5.737377021556583,-5.74312014169828,600.0
ex7_2_7.bch,easy,smearmaxrel,both,complete,34,0.04412300000000001,-5.735775368465647,-5.741516885350997,600.0
ex7_2_7.bch,easy,largestfirst,both,complete,138,0.08701000000000003,-5.734525474009268,-5.740265739749016,600.0
ex7_2_7.bch,easy,roundrobin,both,complete,34,0.035831000000000016,-5.73880401257217,-5.7445485611333025,600.0
ex7_2_8.bch,medium,lsmear,both,complete,716,1.7243740000000003,-6.079587381345974,-6.085673054400374,600.0
ex7_2_8.bch,medium,lsmear-box,both,complete,1074,2.3816330000000008,-6.0793481839094765,-6.085433617527003,600.0
ex7_2_8.bch,medium,smearsumrel,both,complete,1314,2.981248000000001,-6.078987120122613,-6.085072192314927,600.0
ex7_2_8.bch,medium,smearsum,both,complete,1024,2.5364660000000008,-6.081019016564201,-6.087106122686887,600.0
ex7_2_8.bch,medium,smearmax,both,complete,958,2.3738520000000007,-6.078375201321934,-6.084459660982915,600.0
ex7_2_8.bch,medium,smearmaxrel,both,complete,24394,44.667966000000014,-6.079829460470723,-6.085915375846569,600.0
ex7_2_8.bch,medium,largestfirst,both,timeout,479452,600.0071980000001,-6.070505542187199,-7.110570126153174,600.0
ex7_2_8.bch,medium,roundrobin,both,complete,1858,3.6843590000000006,-6.0784150430852355,-6.084499542627863,600.0
ex7_2_9.bch,medium,lsmear,both,complete,8188,12.823763000000003,1.1442274236902557,1.143084339350905,600.0
ex7_2_9.bch,medium,lsmear-box,both,complete,27634,31.436543000000007,1.144007672734277,1.1428648079263508,600.0
ex7_2_9.bch,medium,smearsumrel,both,complete,55130,110.35033400000005,1.143992554038394,1.1428497043340602,600.0
ex7_2_9.bch,medium,smearsum,both,complete,1564,4.164636000000002,1.1439111503014872,1.1427683819195678,600.0
ex7_2_9.bch,medium,smearmax,both,complete,1742,4.6620620000000015,1.144242982760547,1.1430998828776695,600.0
ex7_2_9.bch,medium,smearmaxrel,both,complete,90050,275.1584670000001,1.1438087511288715,1.142666085043828,600.0
ex7_2_9.bch,medium,largestfirst,both,timeout,588942,600.0023070000002,1.2686888737127764,0.37152160641008825,600.0
ex7_2_9.bch,medium,roundrobin,both,complete,4118,8.039670000000001,1.1440869235501872,1.1429439795706169,600.0
ex7_3_1.bch,easy,lsmear,both,complete,62,0.08941700000000002,0.3418337393231497,0.3414922470760737,600.0
ex7_3_1.bch,easy,lsmear-box,both,complete,62,0.08966200000000003,0.3418337393231497,0.3414922470760737,600.0
ex7_3_1.bch,easy,smearsumrel,both,complete,62,0.08594000000000003,0.3418337393231497,0.3414922470760737,600.0
ex7_3_1.bch,easy,smearsum,both,complete,114,0.11708500000000004,0.34176062014979064,0.34141920094884187,600.0
ex7_3_1.bch,easy,smearmax,both,complete,114,0.11757400000000004,0.34176062014979064,0.34141920094884187,600.0
ex7_3_1.bch,easy,smearmaxrel,both,complete,48,0.06133500000000002,0.34176883384075274,0.34142740643431846,600.0
ex7_3_1.bch,easy,largestfirst,both,complete,46,0.05653300000000003,0.34200573752353663,0.3416640734500866,600.0
ex7_3_1.bch,easy,roundrobin,both,complete,90,0.10513300000000005,0.3417409562127162,0.3413995566560602,600.0
ex7_3_2.bch,easy,lsmear,both,complete,84,0.06179100000000002,1.0899035398298702,1.0888147251047657,600.0
ex7_3_2.bch,easy,lsmear-box,both,complete,84,0.061355000000000014,1.0899035398298702,1.0888147251047657,600.0
ex7_3_2.bch,easy,smearsumrel,both,complete,84,0.05629100000000002,1.0899035398298702,1.0888147251047657,600.0
ex7_3_2.bch,easy,smearsum,both,complete,80,0.06494500000000002,1.08986462451942,1.0887758486707495,600.0
ex7_3_2.bch,easy,smearmax,both,complete,80,0.06493700000000002,1.090522725568891,1.0894332922766146,600.0
ex7_3_2.bch,easy,smearmaxrel,both,complete,72,0.05723000000000002,1.0898770289710598,1.0887882407303298,600.0
ex7_3_2.bch,easy,largestfirst,both,complete,258,0.14778200000000002,1.0898774832270741,1.0887886945325418,600.0
ex7_3_2.bch,easy,roundrobin,both,complete,80,0.05748600000000002,1.0899846786554208,1.0888957828725485,600.0
ex7_3_3.bch,easy,lsmear,both,complete,90,0.11722100000000003,0.8181263083203659,0.817308999321045,600.0
ex7_3_3.bch,easy,lsmear-box,both,complete,90,0.11591400000000004,0.8181263083203659,0.817308999321045,600.0
ex7_3_3.bch,easy,smearsumrel,both,complete,90,0.10896800000000002,0.8181263083203659,0.817308999321045,600.0
ex7_3_3.bch,easy,smearsum,both,complete,84,0.10928800000000002,0.8179191764922034,0.8175278429203954,600.0
ex7_3_3.bch,easy,smearmax,both,complete,76,0.10571200000000003,0.8181235523790753,0.8175276526430302,600.0
ex7_3_3.bch,easy,smearmaxrel,both,complete,132,0.15778900000000004,0.8177779266712752,0.8175275007701754,600.0
ex7_3_3.bch,easy,largestfirst,both,complete,410,0.6321630000000003,0.818295020688458,0.8175266403490473,600.0
ex7_3_3.bch,easy,roundrobin,both,complete,50,0.06784800000000002,0.8178801673143408,0.8170631042101307,600.0
ex7_3_4.bch,medium,lsmear,both,complete,252,1.5019450000000005,6.278547302304757,6.27227502727748,600.0
ex7_3_4.bch,medium,lsmear-box,both,complete,252,1.5225860000000004,6.278547302304757,6.27227502727748,600.0
ex7_3_4.bch,medium,smearsumrel,both,complete,252,1.4621440000000006,6.278547302304757,6.27227502727748,600.0
ex7_3_4.bch,medium,smearsum,both,complete,2186,10.577560000000004,6.276916622049171,6.274203618911031,600.0
ex7_3_4.bch,medium,smearmax,both,complete,3526,17.587594000000006,6.27527531239955,6.269006306093458,600.0
ex7_3_4.bch,medium,smearmaxrel,both,complete,2406,11.658345000000002,6.279190046522725,6.272917129393333,600.0
ex7_3_4.bch,medium,largestfirst,both,timeout,105712,600.004976,547.9016758526218,4.440892098500626e-14,600.0
ex7_3_4.bch,medium,roundrobin,both,complete,1824,9.704260000000003,6.275693552218151,6.269424128090061,600.0
ex7_3_4bis.bch,medium,lsmear,both,complete,718,1.2608310000000005,6.272429225397776,6.266163062335441,600.0
ex7_3_4bis.bch,medium,lsmear-box,both,complete,718,1.2629350000000004,6.272429225397776,6.266163062335441,600.0
ex7_3_4bis.bch,medium,smearsumrel,both,complete,718,1.1804170000000003,6.272429225397776,6.266163062335441,600.0
ex7_3_4bis.bch,medium,smearsum,both,complete,3134,5.820178000000001,6.277876291347297,6.271604686660638,600.0
ex7_3_4bis.bch,medium,smearmax,both,complete,1670,3.035722000000001,6.275315026606378,6.269045980625753,600.0
ex7_3_4bis.bch,medium,smearmaxrel,both,timeout,653404,600.0006610000002,6.274818483421047,5.630548912302933,600.0
ex7_3_4bis.bch,medium,largestfirst,both,timeout,466138,600.0013480000002,640.6393259655135,7.660538869913579e-14,600.0
ex7_3_4bis.bch,medium,roundrobin,both,complete,7350,9.563072000000004,6.2779250411366405,6.271653387748892,600.0
ex7_3_5.bch,blowup,lsmear,both,complete,448,1.4381810000000006,1.2068962349647923,1.2067151094551232,600.0
ex7_3_5.bch,blowup,lsmear-box,both,complete,448,1.4479990000000005,1.2068962349647923,1.2067151094551232,600.0
ex7_3_5.bch,blowup,smearsumrel,both,complete,448,1.3571150000000003,1.2068962349647923,1.2067151094551232,600.0
ex7_3_5.bch,blowup,smearsum,both,complete,590,3.176238000000001,1.206896287737905,1.2067121723598913,600.0
ex7_3_5.bch,blowup,smearmax,both,complete,630,3.3103510000000007,1.2068963215727664,1.2067076955120337,600.0
ex7_3_5.bch,blowup,smearmaxrel,both,complete,5304,17.672936000000007,1.2068523781065619,1.2067053222656252,600.0
ex7_3_5.bch,blowup,largestfirst,both,timeout,224214,600.0034360000002,inf,0.5781577148510001,600.0
ex7_3_5.bch,blowup,roundrobin,both,complete,632,2.349904000000001,1.2068048715723942,1.2055992723000943,600.0
ex7_3_5bis.bch,medium,lsmear,both,complete,4274,3.6334880000000007,1.2068660117362324,1.2056603513848478,600.0
ex7_3_5bis.bch,medium,lsmear-box,both,complete,4274,3.5883860000000007,1.2068660117362324,1.2056603513848478,600.0
ex7_3_5bis.bch,medium,smearsumrel,both,complete,4274,3.301366000000001,1.2068660117362324,1.2056603513848478,600.0
ex7_3_5bis.bch,medium,smearsum,both,complete,6054,4.657712000000002,1.206865561403489,1.2056599015019873,600.0
ex7_3_5bis.bch,medium,smearmax,both,complete,7156,5.678553000000002,1.206903921130745,1.2056982229078375,600.0
ex7_3_5bis.bch,medium,smearmaxrel,both,complete,4948,3.893412000000001,1.2067784799280012,1.2055729070209804,600.0
ex7_3_5bis.bch,medium,largestfirst,both,timeout,1157826,600.0000780000001,inf,1.8110034544790698e-12,600.0
ex7_3_5bis.bch,medium,roundrobin,both,complete,64770,50.462178000000016,1.2068964196339893,1.2056907289050844,600.0
ex7_3_6.bch,easy,lsmear,both,infeasible,0,9.999999999732445e-07,inf,-inf,600.0
ex7_3_6.bch,easy,lsmear-box,both,infeasible,0,2.000000000002e-06,inf,-inf,600.0
ex7_3_6.bch,easy,smearsumrel,both,infeasible,0,2.000000000002e-06,inf,-inf,600.0
ex7_3_6.bch,easy,smearsum,both,infeasible,0,2.000000000002e-06,inf,-inf,600.0
ex7_3_6.bch,easy,smearmax,both,infeasible,0,3.000000000030756e-06,inf,-inf,600.0
ex7_3_6.bch,easy,smearmaxrel,both,infeasible,0,2.000000000002e-06,inf,-inf,600.0
ex7_3_6.bch,easy,largestfirst,both,infeasible,0,2.9999999999752447e-06,inf,-inf,600.0
ex7_3_6.bch,easy,roundrobin,both,infeasible,0,1.999999999946489e-06,inf,-inf,600.0
ex8_1_1.bch,easy,lsmear,both,complete,10,0.005044000000000001,-2.0207500120244437,-2.0220629608407323,600.0
ex8_1_1.bch,easy,lsmear-box,both,complete,10,0.004999000000000001,-2.0207500120244437,-2.0220629608407323,600.0
ex8_1_1.bch,easy,smearsumrel,both,complete,10,0.004539000000000001,-2.0207500120244437,-2.0220629608407323,600.0
ex8_1_1.bch,easy,smearsum,both,complete,6,0.0022880000000000005,-2.0217987688299623,-2.0238225914213834,600.0
ex8_1_1.bch,easy,smearmax,both,complete,6,0.002287,-2.0217987688299623,-2.0238225914213834,600.0
ex8_1_1.bch,easy,smearmaxrel,both,complete,18,0.007912000000000002,-2.019945753831919,-2.021967721553472,600.0
ex8_1_1.bch,easy,largestfirst,both,complete,18,0.007655000000000001,-2.019945753831919,-2.021967721553472,600.0
ex8_1_1.bch,easy,roundrobin,both,complete,10,0.004503000000000001,-2.021806543447165,-2.022070449490304,600.0
ex8_1_2.bch,easy,lsmear,both,complete,14,0.008109000000000002,-1.0708610133781615,-1.0719329463244858,600.0
ex8_1_2.bch,easy,lsmear-box,both,complete,14,0.008081000000000003,-1.0708610133781615,-1.0719329463244858,600.0
ex8_1_2.bch,easy,smearsumrel,both,complete,14,0.007422000000000002,-1.0708610133781615,-1.0719329463244858,600.0
ex8_1_2.bch,easy,smearsum,both,complete,14,0.007525000000000001,-1.0708610133781615,-1.0719329463244858,600.0
ex8_1_2.bch,easy,smearmax,both,complete,14,0.007440000000000004,-1.0708610133781615,-1.0719329463244858,600.0
ex8_1_2.bch,easy,smearmaxrel,both,complete,14,0.007457000000000002,-1.0708610133781615,-1.0719329463244858,600.0
ex8_1_2.bch,easy,largestfirst,both,complete,14,0.006707000000000001,-1.0708610133781615,-1.0719329463244858,600.0
ex8_1_2.bch,easy,roundrobin,both,complete,22,0.008452000000000001,-1.0706969810186475,-1.0717687497684156,600.0
ex8_1_4.bch,easy,lsmear,both,complete,28,0.014055000000000003,0,-9.999999999999998e-08,600.0
ex8_1_4.bch,easy,lsmear-box,both,complete,28,0.013906000000000007,0,-9.999999999999998e-08,600.0
ex8_1_4.bch,easy,smearsumrel,both,complete,28,0.012832000000000005,0,-9.999999999999998e-08,600.0
ex8_1_4.bch,easy,smearsum,both,complete,56,0.022588000000000004,4.050985728993679e-08,-5.94901427100632e-08,600.0
ex8_1_4.bch,easy,smearmax,both,complete,56,0.022319000000000006,4.050985728993679e-08,-5.94901427100632e-08,600.0
ex8_1_4.bch,easy,smearmaxrel,both,complete,28,0.012810000000000002,0,-9.999999999999998e-08,600.0
ex8_1_4.bch,easy,largestfirst,both,complete,164,0.09775500000000004,1.823717200420886e-08,-8.176282799579112e-08,600.0
ex8_1_4.bch,easy,roundrobin,both,complete,38,0.015377000000000005,0,-9.999999999999998e-08,600.0
ex8_1_5.bch,easy,lsmear,both,complete,76,0.05055000000000001,-1.0311461128685164,-1.032178291159676,600.0
ex8_1_5.bch,easy,lsmear-box,both,complete,76,0.06072200000000002,-1.0311461128685164,-1.032178291159676,600.0
ex8_1_5.bch,easy,smearsumrel,both,complete,76,0.045876000000000014,-1.0311461128685164,-1.032178291159676,600.0
ex8_1_5.bch,easy,smearsum,both,complete,62,0.036052000000000015,-1.0310569591454732,-1.0320890481936666,600.0
ex8_1_5.bch,easy,smearmax,both,complete,62,0.04760800000000001,-1.0310569591454732,-1.0320890481936666,600.0
ex8_1_5.bch,easy,smearmaxrel,both,complete,76,0.05174300000000001,-1.0311461128685164,-1.032178291159676,600.0
ex8_1_5.bch,easy,largestfirst,both,complete,1700,0.6123970000000003,-1.0314180869459826,-1.0324505374834658,600.0
ex8_1_5.bch,easy,roundrobin,both,complete,84,0.04082400000000001,-1.0312738242226414,-1.0323061303529941,600.0
ex8_1_6.bch,easy,lsmear,both,complete,24,0.009863000000000002,-10.0858268597467,-10.088371356269668,600.0
ex8_1_6.bch,easy,lsmear-box,both,complete,24,0.009461000000000004,-10.0858268597467,-10.088371356269668,600.0
ex8_1_6.bch,easy,smearsumrel,both,complete,24,0.008487000000000003,-10.0858268597467,-10.088371356269668,600.0
ex8_1_6.bch,easy,smearsum,both,complete,24,0.008505000000000002,-10.0858268597467,-10.088371356269668,600.0
ex8_1_6.bch,easy,smearmax,both,complete,24,0.008415,-10.0858268597467,-10.088371356269668,600.0
ex8_1_6.bch,easy,smearmaxrel,both,complete,24,0.008398000000000003,-10.0858268597467,-10.088371356269668,600.0
ex8_1_6.bch,easy,largestfirst,both,complete,44,0.018489000000000005,-10.078930179334781,-10.086268681523327,600.0
ex8_1_6.bch,easy,roundrobin,both,complete,20,0.006535000000000002,-10.086001224127688,-10.086312766941983,600.0
ex8_1_6bis.bch,easy,lsmear,both,complete,180,0.04712700000000001,-10.085218636269403,-10.086254281153735,600.0
ex8_1_6bis.bch,easy,lsmear-box,both,complete,180,0.04619800000000002,-10.085218636269403,-10.086254281153735,600.0
ex8_1_6bis.bch,easy,smearsumrel,both,complete,180,0.04003300000000001,-10.085218636269403,-10.086254281153735,600.0
ex8_1_6bis.bch,easy,smearsum,both,complete,180,0.04040800000000002,-10.085218636269403,-10.086254281153735,600.0
ex8_1_6bis.bch,easy,smearmax,both,complete,180,0.040175000000000016,-10.085218636269403,-10.086254281153735,600.0
ex8_1_6bis.bch,easy,smearmaxrel,both,complete,192,0.045876000000000014,-10.079498228137057,-10.088809847248893,600.0
ex8_1_6bis.bch,easy,largestfirst,both,complete,164,0.04141300000000001,-10.085556787310427,-10.087825203832756,600.0
ex8_1_6bis.bch,easy,roundrobin,both,complete,44,0.016781000000000008,-10.077260113522941,-10.086162711040082,600.0
ex8_1_7.bch,easy,lsmear,both,complete,310,0.49901100000000015,0.029315243713253645,0.029285957755498148,600.0
ex8_1_7.bch,easy,lsmear-box,both,complete,186,0.2865620000000001,0.029333094459725186,0.029303790669056133,600.0
ex8_1_7.bch,easy,smearsumrel,both,complete,260,0.3789140000000001,0.029311711319852066,0.029282428890961106,600.0
ex8_1_7.bch,easy,smearsum,both,complete,272,0.40113700000000013,0.029334833169189212,0.029305527641547667,600.0
ex8_1_7.bch,easy,smearmax,both,complete,292,0.43254700000000007,0.02932970444266109,0.029300404038622472,600.0
ex8_1_7.bch,easy,smearmaxrel,both,complete,384,0.5927450000000002,0.029313268791454735,0.02928398480664809,600.0
ex8_1_7.bch,easy,largestfirst,both,complete,649016,519.2986060000002,0.029310974749676727,0.02928169305662011,600.0
ex8_1_7.bch,easy,roundrobin,both,complete,312,0.46862600000000015,0.029310891647453513,0.0292816100374161,600.0
ex8_1_8.bch,easy,lsmear,both,complete,32,0.06556300000000002,-0.3888114565630335,-0.3892006572202537,600.0
ex8_1_8.bch,easy,lsmear-box,both,complete,32,0.06304900000000004,-0.3888114565630335,-0.3892006572202537,600.0
ex8_1_8.bch,easy,smearsumrel,both,complete,32,0.06001600000000001,-0.3888114565630335,-0.3892006572202537,600.0
ex8_1_8.bch,easy,smearsum,both,complete,32,0.06170100000000003,-0.38868441449287927,-0.38907348798086006,600.0
ex8_1_8.bch,easy,smearmax,both,complete,20,0.040479000000000015,-0.3887967057580943,-0.389185891649744,600.0
ex8_1_8.bch,easy,smearmaxrel,both,complete,42,0.07957600000000002,-0.38867442595124657,-0.3890634894406872,600.0
ex8_1_8.bch,easy,largestfirst,both,complete,32,0.058409000000000016,-0.3888114565630335,-0.3892006572202537,600.0
ex8_1_8.bch,easy,roundrobin,both,complete,32,0.058371000000000006,-0.38880992305275575,-0.38919912217493063,600.0
ex8_1_8bis.bch,easy,lsmear,both,complete,28,0.06438000000000002,-0.38848620549755253,-0.3888750805781306,600.0
ex8_1_8bis.bch,easy,lsmear-box,both,complete,28,0.06380500000000001,-0.38848620549755253,-0.3888750805781306,600.0
ex8_1_8bis.bch,easy,smearsumrel,both,complete,28,0.06108400000000003,-0.38848620549755253,-0.3888750805781306,600.0
ex8_1_8bis.bch,easy,smearsum,both,complete,22,0.04592500000000001,-0.38855381328866906,-0.38894275604471373,600.0
ex8_1_8bis.bch,easy,smearmax,both,complete,18,0.03601800000000001,-0.38871842669293444,-0.38910753422716154,600.0
ex8_1_8bis.bch,easy,smearmaxrel,both,complete,28,0.06640100000000003,-0.38844244471296063,-0.3888312759889495,600.0
ex8_1_8bis.bch,easy,largestfirst,both,complete,26,0.05782900000000002,-0.3888114565339277,-0.38920065719111874,600.0
ex8_1_8bis.bch,easy,roundrobin,both,complete,22,0.05086300000000002,-0.3886030601566485,-0.38899205220885735,600.0
ex8_2_1.bch,easy,lsmear,both,complete,8,0.2651309999999999,-978.9693586884779,-979.9493079964743,600.0
ex8_2_1.bch,easy,lsmear-box,both,complete,6,0.19009599999999993,-979.1573766943262,-980.1375142085346,600.0
ex8_2_1.bch,easy,smearsumrel,both,complete,10,0.5261900000000003,-979.1772806954647,-980.0762691680902,600.0
ex8_2_1.bch,easy,smearsum,both,complete,12,0.5686250000000003,-978.9735408968006,-979.9534943911917,600.0
ex8_2_1.bch,easy,smearmax,both,complete,12,0.5671510000000001,-978.9735408968006,-979.9534943911917,600.0
ex8_2_1.bch,easy,smearmaxrel,both,complete,12,0.5134610000000002,-978.7117303847112,-979.6914218065177,600.0
ex8_2_1.bch,easy,largestfirst,both,complete,12,0.2945000000000001,-978.855457621535,-979.8352929144494,600.0
ex8_2_1.bch,easy,roundrobin,both,complete,14,0.3571,-979.1774805197356,-980.1576381578934,600.0
ex8_2_4.bch,unsolved,lsmear,both,timeout,46720,600.0048650000001,inf,-1401792044.0975864,600.0
ex8_2_4.bch,unsolved,lsmear-box,both,timeout,46286,600.0204680000003,inf,-1401792044.0975864,600.0
ex8_2_4.bch,unsolved,smearsumrel,both,timeout,46132,600.0134130000002,inf,-1401792044.0975864,600.0
ex8_2_4.bch,unsolved,smearsum,both,timeout,46358,600.0131680000003,inf,-1401792044.0975864,600.0
ex8_2_4.bch,unsolved,smearmax,both,timeout,46776,600.0172340000001,inf,-1401792044.0975864,600.0
ex8_2_4.bch,unsolved,smearmaxrel,both,timeout,45816,600.0179620000001,inf,-1401792044.0975864,600.0
ex8_2_4.bch,unsolved,largestfirst,both,timeout,46696,600.0183800000002,inf,-1401792044.0975864,600.0
ex8_2_4.bch,unsolved,roundrobin,both,timeout,83854,600.0090460000004,1.1296791209001915e+18,-1401999426.3507812,600.0
ex8_4_1.bch,unsolved,lsmear,both,timeout,78282,600.0081930000002,0.635628782889958,0.1297195389001026,600.0
ex8_4_1.bch,unsolved,lsmear-box,both,timeout,78258,600.0053040000003,0.6445727302720597,0.12842999410290462,600.0
ex8_4_1.bch,unsolved,smearsumrel,both,timeout,101684,600.0070870000002,0.6208860949605364,0.2656091865821952,600.0
ex8_4_1.bch,unsolved,smearsum,both,timeout,107978,600.0123190000003,0.6201870175285343,0.2221820669330198,600.0
ex8_4_1.bch,unsolved,smearmax,both,timeout,75880,600.0129860000002,0.6306133366190996,0.14574235200994104,600.0
ex8_4_1.bch,unsolved,smearmaxrel,both,timeout,76496,600.0235870000002,0.6355449279285685,0.20621808426139343,600.0
ex8_4_1.bch,unsolved,largestfirst,both,timeout,213326,600.0048240000003,0.6341840301469449,0,600.0
ex8_4_1.bch,unsolved,roundrobin,both,timeout,77532,600.0092810000003,0.6364977547465838,0.20014094201162738,600.0
ex8_4_1bis.bch,unsolved,lsmear,both,timeout,298154,600.0051280000001,0.6400577004113138,0.26953803249577635,600.0
ex8_4_1bis.bch,unsolved,lsmear-box,both,timeout,301542,600.0044150000002,0.6419756423337325,0.26659557758789637,600.0
ex8_4_1bis.bch,unsolved,smearsumrel,both,timeout,324122,600.0006250000002,0.6463124610010621,0.2610930747382427,600.0
ex8_4_1bis.bch,unsolved,smearsum,both,timeout,319998,600.0023620000002,0.6427101141478893,0.23387419520103878,600.0
ex8_4_1bis.bch,unsolved,smearmax,both,timeout,314110,600.0030250000001,0.6468738264486042,0.2355182280152859,600.0
ex8_4_1bis.bch,unsolved,smearmaxrel,both,timeout,324912,600.0028370000002,0.6362999021271802,0.23687870788054008,600.0
ex8_4_1bis.bch,unsolved,largestfirst,both,timeout,354254,600.0028210000004,0.6752418366524516,0,600.0
ex8_4_1bis.bch,unsolved,roundrobin,both,timeout,367312,600.0037800000002,0.6377601058217642,0.35584908875460697,600.0
ex8_4_2.bch,unsolved,lsmear,both,timeout,50394,600.0084730000001,0.695914356054586,0,600.0
ex8_4_2.bch,unsolved,lsmear-box,both,timeout,52334,600.0059730000002,0.704483917977196,0,600.0
ex8_4_2.bch,unsolved,smearsumrel,both,timeout,60924,600.0063560000002,0.5078019124240104,0.001105514812716549,600.0
ex8_4_2.bch,unsolved,smearsum,both,timeout,60160,600.0235900000001,0.4975623380816416,0,600.0
ex8_4_2.bch,unsolved,smearmax,both,timeout,54082,600.0118450000002,0.8033353113667707,0,600.0
ex8_4_2.bch,unsolved,smearmaxrel,both,timeout,63530,600.0058490000001,0.5599158257868576,7.897012046690301e-30,600.0
ex8_4_2.bch,unsolved,largestfirst,both,error:IbexError,0,0.0,inf,-inf,600.0
ex8_4_2.bch,unsolved,roundrobin,both,timeout,56576,600.0028640000002,1.2908113305232911,0,600.0
ex8_4_2bis.bch,unsolved,lsmear,both,timeout,171612,600.0021840000002,0.6009931850943753,0,600.0
ex8_4_2bis.bch,unsolved,lsmear-box,both,timeout,194548,600.0038030000003,0.5320876137131363,0,600.0
ex8_4_2bis.bch,unsolved,smearsumrel,both,timeout,209480,600.0037630000002,0.519827292649009,0,600.0
ex8_4_2bis.bch,unsolved,smearsum,both,timeout,204552,600.0050030000001,0.5377784105455679,0,600.0
ex8_4_2bis.bch,unsolved,smearmax,both,timeout,189630,600.0035590000002,0.5274985156744605,0,600.0
ex8_4_2bis.bch,unsolved,smearmaxrel,both,timeout,216678,600.0011300000003,0.5073803075598972,0,600.0
ex8_4_2bis.bch,unsolved,largestfirst,both,error:IbexError,0,0.0,inf,-inf,600.0
ex8_4_2bis.bch,unsolved,roundrobin,both,timeout,195008,600.0166210000001,0.5604136252426919,0,600.0
ex8_4_3.bch,unsolved,lsmear,both,timeout,22104,600.0452100000001,0.006102221728515234,0,600.0
ex8_4_3.bch,unsolved,lsmear-box,both,timeout,21148,600.0297590000001,0.006849853031175983,0,600.0
ex8_4_3.bch,unsolved,smearsumrel,both,timeout,30746,600.0011440000002,0.004670430446147372,0.0034388338098966242,600.0
ex8_4_3.bch,unsolved,smearsum,both,timeout,37202,600.0096350000002,0.004654231198812033,0.0033373530432183824,600.0
ex8_4_3.bch,unsolved,smearmax,both,timeout,19960,600.0410970000001,0.004785637014445027,0.0004780856158287742,600.0
ex8_4_3.bch,unsolved,smearmaxrel,both,timeout,19510,600.0267740000002,0.004946774414736194,0.002064283995679095,600.0
ex8_4_3.bch,unsolved,largestfirst,both,timeout,28776,600.0354940000001,0.8189279448134484,3.2548216060144286e-32,600.0
ex8_4_3.bch,unsolved,roundrobin,both,timeout,18574,600.0496970000003,0.005809965650170987,4.930380657631324e-32,600.0
ex8_4_4-1.bch,blowup,lsmear,both,complete,1098,13.872170000000002,0.21250794160122008,0.21229564595526484,600.0
ex8_4_4-1.bch,blowup,lsmear-box,both,complete,1224,15.417383000000003,0.21253908354502032,0.21232675678823212,600.0
ex8_4_4-1.bch,blowup,smearsumrel,both,complete,640,9.604850000000004,0.21263486853058544,0.21242244608450098,600.0
ex8_4_4-1.bch,blowup,smearsum,both,complete,462,7.150405000000002,0.21257541681230696,0.21236305375854844,600.0
ex8_4_4-1.bch,blowup,smearmax,both,complete,968,13.881921000000002,0.21255864531788976,0.21234629901887092,600.0
ex8_4_4-1.bch,blowup,smearmaxrel,both,complete,970,15.089623000000003,0.21255128993415015,0.21233895098316702,600.0
ex8_4_4-1.bch,blowup,largestfirst,both,timeout,67190,600.0007190000003,0.21486512683932152,0.04069351484588654,600.0
ex8_4_4-1.bch,blowup,roundrobin,both,complete,2104,28.86792100000001,0.2125334912901028,0.21232117011998283,600.0
ex8_4_4-2.bch,blowup,lsmear,both,complete,1098,13.917202000000003,0.21250794160122008,0.21229564595526484,600.0
ex8_4_4-2.bch,blowup,lsmear-box,both,complete,1224,15.629945000000003,0.21253908354502032,0.21232675678823212,600.0
ex8_4_4-2.bch,blowup,smearsumrel,both,complete,640,9.533965000000004,0.21263486853058544,0.21242244608450098,600.0
ex8_4_4-2.bch,blowup,smearsum,both,complete,462,7.076999000000002,0.21257541681230696,0.21236305375854844,600.0
ex8_4_4-2.bch,blowup,smearmax,both,complete,968,13.761295000000006,0.21255864531788976,0.21234629901887092,600.0
ex8_4_4-2.bch,blowup,smearmaxrel,both,complete,970,14.920209000000003,0.21255128993415015,0.21233895098316702,600.0
ex8_4_4-2.bch,blowup,largestfirst,both,timeout,67492,600.0037600000002,0.21486512683932152,0.04069351484588654,600.0
ex8_4_4-2.bch,blowup,roundrobin,both,complete,2104,28.863896000000008,0.2125334912901028,0.21232117011998283,600.0
ex8_4_4.bch,blowup,lsmear,both,complete,1130,13.976581000000005,0.21255722131154195,0.21234487643510686,600.0
ex8_4_4.bch,blowup,lsmear-box,both,complete,1160,14.494389000000004,0.21259373018172542,0.21238134883289256,600.0
ex8_4_4.bch,blowup,smearsumrel,both,complete,610,8.667825000000002,0.2125905907168313,0.212378212504327,600.0
ex8_4_4.bch,blowup,smearsum,both,complete,460,6.6904090000000025,0.21255859519475265,0.21234624894580686,600.0
ex8_4_4.bch,blowup,smearmax,both,complete,830,11.902821000000005,0.2125888574914227,0.21237648101041232,600.0
ex8_4_4.bch,blowup,smearmaxrel,both,complete,792,12.952061000000006,0.2125680626949203,0.21235570698793238,600.0
ex8_4_4.bch,blowup,largestfirst,both,timeout,109618,600.0020420000002,0.24393285376781607,3.059894201215611e-05,600.0
ex8_4_4.bch,blowup,roundrobin,both,complete,3850,53.00977500000002,0.21254272317685402,0.21233039278406998,600.0
ex8_4_4bis.bch,medium,lsmear,both,complete,37012,45.62300700000001,0.21246807127923162,0.21225581546376787,600.0
ex8_4_4bis.bch,medium,lsmear-box,both,complete,37012,45.14420700000001,0.21246807127923162,0.21225581546376787,600.0
ex8_4_4bis.bch,medium,smearsumrel,both,complete,37012,43.277993000000016,0.21246807127923162,0.21225581546376787,600.0
ex8_4_4bis.bch,medium,smearsum,both,complete,39016,45.02199200000002,0.21247592721404565,0.21226366355049517,600.0
ex8_4_4bis.bch,medium,smearmax,both,complete,37742,43.45103500000001,0.2124731854513655,0.2122609245268387,600.0
ex8_4_4bis.bch,medium,smearmaxrel,both,complete,37886,44.092387000000016,0.21246844924085304,0.21225619304780527,600.0
ex8_4_4bis.bch,medium,largestfirst,both,timeout,909700,600.0010470000002,0.2127586502173518,0.08590438465248469,600.0
ex8_4_4bis.bch,medium,roundrobin,both,complete,59730,59.14694200000002,0.2124699405234518,0.21225768284061122,600.0
ex8_4_5-1.bch,others,lsmear,both,timeout,90360,600.0027790000003,0.0003085951339711047,0,600.0
ex8_4_5-1.bch,others,lsmear-box,both,timeout,111804,600.0004710000003,0.0003086335896904193,0,600.0
ex8_4_5-1.bch,others,smearsumrel,both,timeout,200988,600.0073080000003,0.0004434652839938926,0,600.0
ex8_4_5-1.bch,others,smearsum,both,timeout,195116,600.0075930000003,0.0004443326216073948,0,600.0
ex8_4_5-1.bch,others,smearmax,both,timeout,186078,600.0031360000002,0.0003086626159846918,0,600.0
ex8_4_5-1.bch,others,smearmaxrel,both,timeout,79478,600.0059980000002,0.0003086707133140191,0,600.0
ex8_4_5-1.bch,others,largestfirst,both,timeout,143458,600.0067060000002,0.0003278956169194048,0,600.0
ex8_4_5-1.bch,others,roundrobin,both,complete,61840,581.7390550000001,0.0003075845108775537,0.00030727723364390984,600.0
concon.bch,coconutbenchmark-library2,roundrobin,both,error:IbexError,0,0.0,inf,-inf,600.0
ex8_4_2.bch,unsolved,largestfirst,both,error:IbexError,0,0.0,inf,-inf,600.0
ex8_4_2bis.bch,unsolved,largestfirst,both,error:IbexError,0,0.0,inf,-inf,600.0
ex8_4_5.bch,blowup,lsmear,both,timeout,338510,600.0022100000002,0.0015256269958043042,0,600.0
ex8_4_5.bch,blowup,lsmear-box,both,timeout,338070,600.0002970000002,0.0015256269958043042,0,600.0
ex8_4_5.bch,blowup,smearsumrel,both,timeout,334562,600.0030630000002,0.0015256269958043042,0,600.0
ex8_4_5.bch,blowup,smearsum,both,timeout,336150,600.0025390000004,0.0015256269958043042,0,600.0
ex8_4_5.bch,blowup,smearmax,both,timeout,338106,600.0021910000002,0.0015256269958043042,0,600.0
ex8_4_5.bch,blowup,smearmaxrel,both,timeout,336038,600.0017660000002,0.0015256269958043042,0,600.0
ex8_4_5.bch,blowup,largestfirst,both,timeout,338296,600.0031580000002,0.0015256269958043042,0,600.0
ex8_4_5.bch,blowup,roundrobin,both,timeout,67774,600.0121320000002,0.000307569796153817,0.0003017741314656219,600.0
ex8_4_5bis.bch,others,lsmear,both,timeout,870228,600.0011940000002,0.00030854072758291806,0,600.0
ex8_4_5bis.bch,others,lsmear-box,both,timeout,874320,600.0002950000002,0.00030854072758291806,0,600.0
ex8_4_5bis.bch,others,smearsumrel,both,timeout,943486,600.0003200000002,0.00030854072758291806,0,600.0
ex8_4_5bis.bch,others,smearsum,both,timeout,944270,600.0010530000001,0.00030854072758291806,0,600.0
ex8_4_5bis.bch,others,smearmax,both,timeout,936908,600.0010350000002,0.00030854072758291806,0,600.0
ex8_4_5bis.bch,others,smearmaxrel,both,timeout,937726,600.0006110000002,0.00030854072758291806,0,600.0
ex8_4_5bis.bch,others,largestfirst,both,timeout,892636,600.0012730000003,0.00031120316316155856,0,600.0
ex8_4_5bis.bch,others,roundrobin,both,complete,116276,79.48575700000002,0.0003074886263525664,0.0003071814449076588,600.0
ex8_4_6.bch,blowup,lsmear,both,timeout,136830,600.0101300000002,1.2217212760256815,0,600.0
ex8_4_6.bch,blowup,lsmear-box,both,timeout,137996,600.0059050000001,1.2217212760256815,0,600.0
ex8_4_6.bch,blowup,smearsumrel,both,timeout,142822,600.0087660000002,1.2217212760256815,0,600.0
ex8_4_6.bch,blowup,smearsum,both,timeout,142962,600.0010990000001,1.2217212760256815,0,600.0
ex8_4_6.bch,blowup,smearmax,both,timeout,146914,600.0027390000002,1.2217212760256815,0,600.0
ex8_4_6.bch,blowup,smearmaxrel,both,timeout,156586,600.0071760000002,1.2217212760256815,0,600.0
ex8_4_6.bch,blowup,largestfirst,both,error:IbexError,0,0.0,inf,-inf,600.0
ex8_4_6.bch,blowup,roundrobin,both,timeout,170072,600.0005060000001,0.0014190507037508088,0,600.0
ex8_4_6bis.bch,blowup,lsmear,both,timeout,355848,600.0042900000002,1.087109532073486,0,600.0
ex8_4_6bis.bch,blowup,lsmear-box,both,timeout,356448,600.0004660000003,1.087109532073486,0,600.0
ex8_4_6bis.bch,blowup,smearsumrel,both,timeout,355668,600.0007960000002,1.087109532073486,0,600.0
ex8_4_6bis.bch,blowup,smearsum,both,timeout,358296,600.0007410000002,1.087109532073486,0,600.0
ex8_4_6bis.bch,blowup,smearmax,both,timeout,359338,600.0033170000003,1.087109532073486,0,600.0
ex8_4_6bis.bch,blowup,smearmaxrel,both,timeout,352700,600.0014800000004,1.087109532073486,0,600.0
ex8_4_6bis.bch,blowup,largestfirst,both,timeout,365850,600.0015210000001,1.2759079795142645,0,600.0
ex8_4_6bis.bch,blowup,roundrobin,both,timeout,180972,600.0035280000002,0.0016829548158858946,0.0008663930303542895,600.0
ex8_4_6ter.bch,blowup,lsmear,both,timeout,48394,600.0314240000002,0.0011187680811960002,0.0004249307249271518,600.0
ex8_4_6ter.bch,blowup,lsmear-box,both,timeout,47872,600.0143420000002,0.0011165745274585245,0.0004705384214082826,600.0
ex8_4_6ter.bch,blowup,smearsumrel,both,timeout,49494,600.0046660000003,0.0011056987450089033,0.001076386208904722,600.0
ex8_4_6ter.bch,blowup,smearsum,both,timeout,48728,600.0221080000002,0.0011058813058900435,0.0009447442671064524,600.0
ex8_4_6ter.bch,blowup,smearmax,both,timeout,52594,600.0395530000002,0.001105566480345671,0.00039117495076919015,600.0
ex8_4_6ter.bch,blowup,smearmaxrel,both,timeout,58512,600.0066450000002,0.0011063645410499376,0.0009637805276547021,600.0
ex8_4_6ter.bch,blowup,largestfirst,both,timeout,250636,600.0029630000002,3.0229784760123795,0,600.0
ex8_4_6ter.bch,blowup,roundrobin,both,timeout,187034,600.0052520000002,0.0015273934458145777,7.259264889399681e-07,600.0
ex8_4_8.bch,unsolved,lsmear,both,timeout,21200,600.0085420000003,inf,6.351196140758716e-23,600.0
ex8_4_8.bch,unsolved,lsmear-box,both,timeout,20994,600.0211680000003,inf,6.307252170716836e-23,600.0
ex8_4_8.bch,unsolved,smearsumrel,both,timeout,39766,600.0392190000001,6.357279309046407,0.20408912446540484,600.0
ex8_4_8.bch,unsolved,smearsum,both,timeout,23434,600.0089610000003,4.023092402619728,0.01785376098660791,600.0
ex8_4_8.bch,unsolved,smearmax,both,timeout,19654,600.0433300000002,inf,3.308722450212111e-24,600.0
ex8_4_8.bch,unsolved,smearmaxrel,both,timeout,33282,600.0140150000003,inf,0,600.0
ex8_4_8.bch,unsolved,largestfirst,both,timeout,39134,600.0072900000004,inf,8.077935669463161e-28,600.0
ex8_4_8.bch,unsolved,roundrobin,both,timeout,25472,600.0234720000002,12.013325202465184,4.872610795820179e-24,600.0
ex8_4inf-1.bch,easy,lsmear,both,unbounded,2314,0.11132900000000003,-1.7976931348623157e+308,-inf,600.0
ex8_4inf-1.bch,easy,lsmear-box,both,unbounded,2314,0.11153200000000003,-1.7976931348623157e+308,-inf,600.0
ex8_4inf-1.bch,easy,smearsumrel,both,unbounded,2314,0.11771400000000003,-1.7976931348623157e+308,-inf,600.0
ex8_4inf-1.bch,easy,smearsum,both,unbounded,2314,0.12181300000000002,-1.7976931348623157e+308,-inf,600.0
ex8_4inf-1.bch,easy,smearmax,both,unbounded,2314,0.12059800000000002,-1.7976931348623157e+308,-inf,600.0
ex8_4inf-1.bch,easy,smearmaxrel,both,unbounded,2314,0.11079600000000002,-1.7976931348623157e+308,-inf,600.0
ex8_4inf-1.bch,easy,largestfirst,both,unbounded,2314,0.11547200000000005,-1.7976931348623157e+308,-inf,600.0
ex8_4inf-1.bch,easy,roundrobin,both,unbounded,2312,0.10954500000000005,-1.7976931348623157e+308,-inf,600.0
ex8_5_1-1.bch,blowup,lsmear,both,timeout,5824098,600.0000890000001,0.006430075824051196,-inf,600.0
ex8_5_1-1.bch,blowup,lsmear-box,both,timeout,5836542,600.0001520000002,0.0075329760618906005,-inf,600.0
ex8_5_1-1.bch,blowup,smearsumrel,both,timeout,4749524,600.0000670000003,0.04261187288090554,-inf,600.0
ex8_5_1-1.bch,blowup,smearsum,both,timeout,6338938,600.0001190000003,0.006432178638732161,-inf,600.0
ex8_5_1-1.bch,blowup,smearmax,both,timeout,3238322,600.0003260000003,0.00643009171325315,-inf,600.0
ex8_5_1-1.bch,blowup,smearmaxrel,both,timeout,3050586,600.0001820000002,0.0009893085106423283,-inf,600.0
ex8_5_1-1.bch,blowup,largestfirst,both,timeout,7437926,600.0001920000003,0.11452940181460428,-inf,600.0
ex8_5_1-1.bch,blowup,roundrobin,both,complete,8636,17.359280000000005,-4.704355715534625e-07,-5.704355715534624e-07,600.0
ex8_5_1.bch,medium,lsmear,both,timeout,5781992,600.0000240000002,0.006430076291804587,-inf,600.0
ex8_5_1.bch,medium,lsmear-box,both,timeout,7514916,600.0001040000002,0.01938836326039245,-inf,600.0
ex8_5_1.bch,medium,smearsumrel,both,timeout,4157448,600.0001320000002,0.006430105441609102,-inf,600.0
ex8_5_1.bch,medium,smearsum,both,timeout,3035770,600.0009050000002,0.006430228158077228,-inf,600.0
ex8_5_1.bch,medium,smearmax,both,timeout,4312104,600.0002070000002,0.023278325807148892,-inf,600.0
ex8_5_1.bch,medium,smearmaxrel,both,timeout,2636144,600.0005600000002,0.023387634972688393,-inf,600.0
ex8_5_1.bch,medium,largestfirst,both,timeout,2469858,600.0018660000002,0.0960971245908302,-inf,600.0
ex8_5_1.bch,medium,roundrobin,both,complete,8038,15.591886000000004,-4.688088051929551e-07,-5.68808805192955e-07,600.0
ex8_5_1bis.bch,hard,lsmear,both,complete,1182,3.2794090000000007,-5.029613783791298e-07,-6.029613783791297e-07,600.0
ex8_5_1bis.bch,hard,lsmear-box,both,complete,1268,3.384587000000001,-4.926018670747823e-07,-5.926018670747822e-07,600.0
ex8_5_1bis.bch,hard,smearsumrel,both,complete,1324,3.508271000000001,-4.925599843552675e-07,-5.925599843552674e-07,600.0
ex8_5_1bis.bch,hard,smearsum,both,complete,1480,3.875941000000001,-5.047220746901004e-07,-6.047220746901003e-07,600.0
ex8_5_1bis.bch,hard,smearmax,both,complete,1378,3.7920120000000006,-5.005513213640622e-07,-6.005513213640621e-07,600.0
ex8_5_1bis.bch,hard,smearmaxrel,both,timeout,273146,600.0013170000001,0.02962458107231153,-19.5939102870265,600.0
ex8_5_1bis.bch,hard,largestfirst,both,timeout,288384,600.0055470000002,0.24206501790949786,-25.16101964672105,600.0
ex8_5_1bis.bch,hard,roundrobin,both,complete,4868,12.209783000000002,-4.93387341593543e-07,-5.933873415935429e-07,600.0
ex8_5_2.bch,medium,lsmear,both,timeout,5993842,600.0001150000003,0.05230569891006234,-inf,600.0
ex8_5_2.bch,medium,lsmear-box,both,timeout,6177282,600.0000430000002,0.0523044943786771,-inf,600.0
ex8_5_2.bch,medium,smearsumrel,both,timeout,5735770,600.0001490000002,0.003905099293414316,-inf,600.0
ex8_5_2.bch,medium,smearsum,both,timeout,6342706,600.0001410000002,0.05230968940330548,-inf,600.0
ex8_5_2.bch,medium,smearmax,both,timeout,6317518,600.0006070000002,0.05230724264603005,-inf,600.0
ex8_5_2.bch,medium,smearmaxrel,both,timeout,5637380,600.0000410000002,0.028311328235485905,-inf,600.0
ex8_5_2.bch,medium,largestfirst,both,timeout,5867562,600.0000570000002,0.05742330353412742,-inf,600.0
ex8_5_2.bch,medium,roundrobin,both,complete,28544,53.837289000000006,-2.3831641937643866e-07,-3.383164193764386e-07,600.0
ex8_5_2_1.bch,medium,lsmear,both,timeout,5015094,600.0001170000003,0.0026061576050904756,-inf,600.0
ex8_5_2_1.bch,medium,lsmear-box,both,timeout,4681008,600.0006250000002,0.0024469357404885983,-inf,600.0
ex8_5_2_1.bch,medium,smearsumrel,both,timeout,5010882,600.0000500000002,0.0038995082423079475,-inf,600.0
ex8_5_2_1.bch,medium,smearsum,both,timeout,5991070,600.0000060000003,0.008345245294796522,-inf,600.0
ex8_5_2_1.bch,medium,smearmax,both,timeout,4746346,600.0001040000002,0.0026150690368622054,-inf,600.0
ex8_5_2_1.bch,medium,smearmaxrel,both,timeout,5055332,600.0000590000002,0.002039070736455928,-inf,600.0
ex8_5_2_1.bch,medium,largestfirst,both,timeout,6232336,600.0001830000001,0.003905099040504012,-inf,600.0
ex8_5_2_1.bch,medium,roundrobin,both,complete,30648,59.13679200000002,-2.2920492875888598e-07,-3.2920492875888593e-07,600.0
ex8_5_3-1.bch,easy,lsmear,both,complete,100,0.261058,-0.004135543336277747,-0.004139683019297043,600.0
ex8_5_3-1.bch,easy,lsmear-box,both,complete,100,0.2558800000000001,-0.004135543336277747,-0.004139683019297043,600.0
ex8_5_3-1.bch,easy,smearsumrel,both,complete,90,0.24672600000000006,-0.004135237508581913,-0.004139376885467379,600.0
ex8_5_3-1.bch,easy,smearsum,both,complete,100,0.24566800000000008,-0.004135538365038438,-0.004139678043081518,600.0
ex8_5_3-1.bch,easy,smearmax,both,complete,100,0.2515510000000001,-0.004135538365038438,-0.004139678043081518,600.0
ex8_5_3-1.bch,easy,smearmaxrel,both,complete,146,0.3787160000000001,-0.004135294718241589,-0.004139434152393982,600.0
ex8_5_3-1.bch,easy,largestfirst,both,complete,164,0.3753770000000001,-0.004135630167291238,-0.004139769937228466,600.0
ex8_5_3-1.bch,easy,roundrobin,both,complete,334,0.3924300000000001,-0.0041332579997036545,-0.004137395395098753,600.0
ex8_5_3.bch,easy,lsmear,both,complete,222,0.46573200000000015,-0.004135372654027414,-0.004139512166193606,600.0
ex8_5_3.bch,easy,lsmear-box,both,complete,164,0.3687370000000001,-0.0041316964543048895,-0.0041358322865914805,600.0
ex8_5_3.bch,easy,smearsumrel,both,complete,954,1.5445600000000004,-0.004133644959036897,-0.004137782741778675,600.0
ex8_5_3.bch,easy,smearsum,both,complete,152,0.3350210000000002,-0.004135326630934522,-0.0041394660970315526,600.0
ex8_5_3.bch,easy,smearmax,both,complete,158,0.3398290000000001,-0.004135537483855423,-0.0041396771610164385,600.0
ex8_5_3.bch,easy,smearmaxrel,both,complete,150,0.3258490000000001,-0.004133034132594027,-0.004137171303897924,600.0
ex8_5_3.bch,easy,largestfirst,both,complete,950,1.5050020000000004,-0.004133644959005367,-0.004137782741747113,600.0
ex8_5_3.bch,easy,roundrobin,both,complete,240,0.4731430000000001,-0.004135317154501661,-0.004139456611112773,600.0
ex8_5_4.bch,easy,lsmear,both,complete,252,0.6341570000000003,-0.00042517893182247857,-0.00042560453635883734,600.0
ex8_5_4.bch,easy,lsmear-box,both,complete,244,0.6227510000000003,-0.00042519067170154745,-0.0004256162879895369,600.0
ex8_5_4.bch,easy,smearsumrel,both,complete,194,0.5195110000000002,-0.00042519145032737793,-0.00042561706739477264,600.0
ex8_5_4.bch,easy,smearsum,both,complete,260,0.6926350000000002,-0.00042519145032704486,-0.00042561706739443925,600.0
ex8_5_4.bch,easy,smearmax,both,complete,256,0.6642210000000003,-0.0004249347565219441,-0.00042536011663858264,600.0
ex8_5_4.bch,easy,smearmaxrel,both,complete,272,0.7036390000000002,-0.0004251868633758926,-0.0004256124758517443,600.0
ex8_5_4.bch,easy,largestfirst,both,complete,242,0.6534540000000003,-0.00042518808403890773,-0.0004256136977366443,600.0
ex8_5_4.bch,easy,roundrobin,both,complete,376,0.7936490000000002,-0.0004251642372548048,-0.00042558982708188663,600.0
ex8_5_5-1.bch,easy,lsmear,both,complete,40,0.09537400000000003,-1.3467452796862953,-1.3480933730593545,600.0
ex8_5_5-1.bch,easy,lsmear-box,both,complete,36,0.08775600000000003,-1.346264472265156,-1.3476120843495052,600.0
ex8_5_5-1.bch,easy,smearsumrel,both,complete,40,0.09399400000000002,-1.3467452798201767,-1.3480933731933697,600.0
ex8_5_5-1.bch,easy,smearsum,both,complete,40,0.09494600000000003,-1.3467452796862953,-1.3480933730593545,600.0
ex8_5_5-1.bch,easy,smearmax,both,complete,38,0.09068100000000001,-1.3466535914675792,-1.3480015930606397,600.0
ex8_5_5-1.bch,easy,smearmaxrel,both,complete,40,0.10063200000000001,-1.3473159164581388,-1.3474331245702247,600.0
ex8_5_5-1.bch,easy,largestfirst,both,complete,38,0.08524700000000002,-1.3467452798201647,-1.3480933731933578,600.0
ex8_5_5-1.bch,easy,roundrobin,both,complete,106,0.21906400000000004,-1.3462417373644944,-1.3475893266911854,600.0
ex8_5_5.bch,easy,lsmear,both,complete,184,0.4553080000000001,-0.01075195900297965,-0.010762721724704353,600.0
ex8_5_5.bch,easy,lsmear-box,both,complete,180,0.45261100000000004,-0.010746334015359515,-0.01075709110646598,600.0
ex8_5_5.bch,easy,smearsumrel,both,complete,178,0.4823480000000001,-0.010751638206833669,-0.010762400607441106,600.0
ex8_5_5.bch,easy,smearsum,both,complete,150,0.35610700000000006,-0.01075019001535027,-0.010760950966316584,600.0
ex8_5_5.bch,easy,smearmax,both,complete,152,0.3567170000000001,-0.010751065967471551,-0.010761827795266816,600.0
ex8_5_5.bch,easy,smearmaxrel,both,complete,194,0.48676800000000003,-0.010744515552679967,-0.01075527082350347,600.0
ex8_5_5.bch,easy,largestfirst,both,complete,176,0.5056180000000001,-0.010751812731863986,-0.010762575307171155,600.0
ex8_5_5.bch,easy,roundrobin,both,complete,232,0.5368920000000001,-0.010753479714328162,-0.010764243958286446,600.0
ex8_5_6-1.bch,easy,lsmear,both,unbounded,298,0.11791900000000004,1.380723135727293,-inf,600.0
ex8_5_6-1.bch,easy,lsmear-box,both,unbounded,298,0.11639300000000002,1.380723135727293,-inf,600.0
ex8_5_6-1.bch,easy,smearsumrel,both,unbounded,298,0.12122300000000004,1.380723135727293,-inf,600.0
ex8_5_6-1.bch,easy,smearsum,both,unbounded,298,0.11698300000000002,1.380723135727293,-inf,600.0
ex8_5_6-1.bch,easy,smearmax,both,unbounded,298,0.11889700000000006,1.380723135727293,-inf,600.0
ex8_5_6-1.bch,easy,smearmaxrel,both,unbounded,298,0.11668300000000004,1.380723135727293,-inf,600.0
ex8_5_6-1.bch,easy,largestfirst,both,unbounded,298,0.11545900000000005,1.380723135727293,-inf,600.0
ex8_5_6-1.bch,easy,roundrobin,both,unbounded,3504,1.1530400000000005,0.526891443500888,-inf,600.0
ex8_5_6.bch,medium,lsmear,both,timeout,956750,600.0003740000002,0.1937381798315938,-inf,600.0
ex8_5_6.bch,medium,lsmear-box,both,timeout,397080,600.0030370000002,0.1907382721964308,-inf,600.0
ex8_5_6.bch,medium,smearsumrel,both,timeout,2442306,600.0004140000003,inf,-inf,600.0
ex8_5_6.bch,medium,smearsum,both,timeout,2769724,600.0003180000001,inf,-inf,600.0
ex8_5_6.bch,medium,smearmax,both,timeout,2565668,600.0000180000003,inf,-inf,600.0
ex8_5_6.bch,medium,smearmaxrel,both,timeout,2358062,600.0000530000003,inf,-inf,600.0
ex8_5_6.bch,medium,largestfirst,both,timeout,1720396,600.0006010000001,inf,-inf,600.0
ex8_5_6.bch,medium,roundrobin,both,complete,2242,5.602875000000001,-0.001167219055252633,-0.001168387442695328,600.0
ex9_1_1.bch,easy,lsmear,both,complete,6,0.030811000000000005,-13.000000022499995,-13.00000002500001,600.0
ex9_1_1.bch,easy,lsmear-box,both,complete,6,0.030652000000000002,-13.000000022499995,-13.00000002500001,600.0
ex9_1_1.bch,easy,smearsumrel,both,complete,4,0.021289000000000006,-13.000000022499998,-13.00000002500001,600.0
ex9_1_1.bch,easy,smearsum,both,complete,14,0.04126300000000001,-13.000000022499997,-13.00000002500001,600.0
ex9_1_1.bch,easy,smearmax,both,complete,2,0.010911000000000007,-13.000000022499991,-13.00000002500001,600.0
ex9_1_1.bch,easy,smearmaxrel,both,complete,14,0.043348000000000025,-13.000000022499997,-13.000000025000007,600.0
ex9_1_1.bch,easy,largestfirst,both,complete,4,0.014071,-13.000000022499998,-13.00000002500001,600.0
ex9_1_1.bch,easy,roundrobin,both,complete,6,0.021567000000000006,-13.000000022499995,-13.000000025000002,600.0
ex9_1_10.bch,easy,lsmear,both,complete,2,0.003761000000000004,-3.2500000046249995,-3.250000006250003,600.0
ex9_1_10.bch,easy,lsmear-box,both,complete,2,0.0037279999999999987,-3.2500000046249995,-3.250000006250003,600.0
ex9_1_10.bch,easy,smearsumrel,both,complete,2,0.008057000000000005,-3.250000004625,-3.250000006250003,600.0
ex9_1_10.bch,easy,smearsum,both,complete,2,0.008216000000000005,-3.2500000046249995,-3.250000006250003,600.0
ex9_1_10.bch,easy,smearmax,both,complete,2,0.008242000000000003,-3.2500000046249995,-3.250000006250003,600.0
ex9_1_10.bch,easy,smearmaxrel,both,complete,2,0.008221000000000003,-3.250000004625,-3.250000006250003,600.0
ex9_1_10.bch,easy,largestfirst,both,complete,2,0.0026160000000000003,-3.250000004625,-3.250000006250003,600.0
ex9_1_10.bch,easy,roundrobin,both,complete,2,0.002607999999999999,-3.250000004625,-3.250000006250003,600.0
ex9_1_2.bch,easy,lsmear,both,complete,4,0.007361000000000001,-16.000000014999994,-16.000000103333356,600.0
ex9_1_2.bch,easy,lsmear-box,both,complete,4,0.0072510000000000005,-16.000000014999994,-16.000000103333356,600.0
ex9_1_2.bch,easy,smearsumrel,both,complete,2,0.007387000000000005,-16.000000014001,-16.016016030031025,600.0
ex9_1_2.bch,easy,smearsum,both,complete,2,0.006660000000000001,-16.000000014001998,-16.016016030032027,600.0
ex9_1_2.bch,easy,smearmax,both,complete,6,0.010795,-16.000000014999998,-16.00000008370372,600.0
ex9_1_2.bch,easy,smearmaxrel,both,complete,4,0.010310000000000003,-16.000000014999994,-16.000000103333356,600.0
ex9_1_2.bch,easy,largestfirst,both,complete,6,0.012149000000000002,-16.000000015,-16.000000103333356,600.0
ex9_1_2.bch,easy,roundrobin,both,complete,4,0.007472000000000001,-16.000000014001,-16.000000103333356,600.0
ex9_1_4.bch,easy,lsmear,both,complete,2,0.0033739999999999985,-37.000000032062474,-37.00000003562505,600.0
ex9_1_4.bch,easy,lsmear-box,both,complete,2,0.0034050000000000018,-37.000000032062474,-37.00000003562505,600.0
ex9_1_4.bch,easy,smearsumrel,both,complete,4,0.013177000000000001,-37.00000001016156,-37.00000003562505,600.0
ex9_1_4.bch,easy,smearsum,both,complete,2,0.006943000000000005,-37.000000032062474,-37.00000003562505,600.0
ex9_1_4.bch,easy,smearmax,both,complete,4,0.007979,-37.00000001016156,-37.00000003562505,600.0
ex9_1_4.bch,easy,smearmaxrel,both,complete,2,0.007064000000000001,-37.000000032062474,-37.00000003562505,600.0
ex9_1_4.bch,easy,largestfirst,both,complete,4,0.009343,-37.00000001016156,-37.00000003562505,600.0
ex9_1_4.bch,easy,roundrobin,both,complete,4,0.009264000000000001,-37.00000001016156,-37.00000003562505,600.0
ex9_1_5.bch,easy,lsmear,both,complete,34,0.07272500000000001,-1.000000009,-1.000000010000002,600.0
ex9_1_5.bch,easy,lsmear-box,both,complete,34,0.07171700000000003,-1.000000009,-1.000000010000002,600.0
ex9_1_5.bch,easy,smearsumrel,both,complete,4,0.018885000000000006,-1.000000009,-1.000000010000002,600.0
ex9_1_5.bch,easy,smearsum,both,complete,2,0.011275000000000004,-0.9999999996571777,-1.000000010000002,600.0
ex9_1_5.bch,easy,smearmax,both,complete,6,0.020045,-1.000000009,-1.000000010000002,600.0
ex9_1_5.bch,easy,smearmaxrel,both,complete,36,0.15287300000000006,-0.99998454764643,-1.000000010000002,600.0
ex9_1_5.bch,easy,largestfirst,both,complete,4,0.04728600000000001,-1.000000009,-1.000000010000002,600.0
ex9_1_5.bch,easy,roundrobin,both,complete,8,0.05051500000000001,-1.0000000089999999,-1.000000010000002,600.0
ex9_1_8.bch,easy,lsmear,both,complete,2,0.0037490000000000023,-3.2500000046249995,-3.250000006250003,600.0
ex9_1_8.bch,easy,lsmear-box,both,complete,2,0.0037329999999999967,-3.2500000046249995,-3.250000006250003,600.0
ex9_1_8.bch,easy,smearsumrel,both,complete,2,0.008174999999999998,-3.250000004625,-3.250000006250003,600.0
ex9_1_8.bch,easy,smearsum,both,complete,2,0.008196999999999996,-3.2500000046249995,-3.250000006250003,600.0
ex9_1_8.bch,easy,smearmax,both,complete,2,0.008202000000000004,-3.2500000046249995,-3.250000006250003,600.0
ex9_1_8.bch,easy,smearmaxrel,both,complete,2,0.008204000000000003,-3.250000004625,-3.250000006250003,600.0
ex9_1_8.bch,easy,largestfirst,both,complete,2,0.0026820000000000004,-3.250000004625,-3.250000006250003,600.0
ex9_1_8.bch,easy,roundrobin,both,complete,2,0.0026279999999999984,-3.250000004625,-3.250000006250003,600.0
ex9_2_1.bch,easy,lsmear,both,complete,2,0.0005460000000000013,16.999999974800012,16.983016957842175,600.0
ex9_2_1.bch,easy,lsmear-box,both,complete,2,0.0005199999999999996,16.999999974800012,16.983016957842175,600.0
ex9_2_1.bch,easy,smearsumrel,both,complete,2,0.0042120000000000005,16.999999974800012,16.983016957842175,600.0
ex9_2_1.bch,easy,smearsum,both,complete,2,0.004229,16.999999974800012,16.983016957842175,600.0
ex9_2_1.bch,easy,smearmax,both,complete,2,0.004228000000000003,16.999999974800012,16.983016957842175,600.0
ex9_2_1.bch,easy,smearmaxrel,both,complete,2,0.004235000000000003,16.999999974800012,16.983016957842175,600.0
ex9_2_1.bch,easy,largestfirst,both,complete,2,0.00012599999999999764,16.999999974800012,16.983016957842175,600.0
ex9_2_1.bch,easy,roundrobin,both,complete,2,0.0001349999999999997,16.999999974800012,16.983016957842175,600.0
ex9_2_2.bch,easy,lsmear,both,complete,2,0.0004939999999999996,99.9999999184629,99.90009981864428,600.0
ex9_2_2.bch,easy,lsmear-box,both,complete,2,0.0004349999999999996,99.9999999184629,99.90009981864428,600.0
ex9_2_2.bch,easy,smearsumrel,both,complete,2,0.0031739999999999997,99.9999999184629,99.90009981864428,600.0
ex9_2_2.bch,easy,smearsum,both,complete,2,0.0032049999999999995,99.9999999184629,99.90009981864428,600.0
ex9_2_2.bch,easy,smearmax,both,complete,2,0.0032040000000000037,99.9999999184629,99.90009981864428,600.0
ex9_2_2.bch,easy,smearmaxrel,both,complete,2,0.0031540000000000023,99.9999999184629,99.90009981864428,600.0
ex9_2_2.bch,easy,largestfirst,both,complete,2,4.2999999999999636e-05,99.9999999184629,99.90009981864428,600.0
ex9_2_2.bch,easy,roundrobin,both,complete,2,4.2999999999999636e-05,99.9999999184629,99.90009981864428,600.0
ex9_2_3.bch,easy,lsmear,both,complete,4,0.006866000000000004,-4.200000347509558e-08,-1.4200000347509555e-07,600.0
ex9_2_3.bch,easy,lsmear-box,both,complete,4,0.006813,-4.200000347509558e-08,-1.4200000347509555e-07,600.0
ex9_2_3.bch,easy,smearsumrel,both,complete,6,0.031068000000000005,-4.2038969638724666e-08,-1.4203896963872463e-07,600.0
ex9_2_3.bch,easy,smearsum,both,complete,6,0.03756000000000001,-5.6483855814803974e-08,-1.5648385581480394e-07,600.0
ex9_2_3.bch,easy,smearmax,both,complete,2,0.020211,-5.6483855814803974e-08,-1.5648385581480394e-07,600.0
ex9_2_3.bch,easy,smearmaxrel,both,complete,4,0.019998000000000016,-4.200000347509558e-08,-1.4200000347509555e-07,600.0
ex9_2_3.bch,easy,largestfirst,both,complete,8,0.022364000000000016,-1.5108383877304732e-08,-1.1510838387730471e-07,600.0
ex9_2_3.bch,easy,roundrobin,both,complete,6,0.019370000000000005,-4.2038969638724666e-08,-1.4203896963872463e-07,600.0
ex9_2_4.bch,easy,lsmear,both,complete,4,0.005994000000000003,0.5000001679216066,0.4995006672543523,600.0
ex9_2_4.bch,easy,lsmear-box,both,complete,4,0.006024000000000002,0.5000001679216066,0.4995006672543523,600.0
ex9_2_4.bch,easy,smearsumrel,both,complete,4,0.007802000000000002,0.5000001679216066,0.4995006672543523,600.0
ex9_2_4.bch,easy,smearsum,both,complete,4,0.007744000000000001,0.5000001679216066,0.4995006672543523,600.0
ex9_2_4.bch,easy,smearmax,both,complete,4,0.007771000000000004,0.5000001679216065,0.4995006672543522,600.0
ex9_2_4.bch,easy,smearmaxrel,both,complete,8,0.015837,0.4999999742262939,0.49999899788252805,600.0
ex9_2_4.bch,easy,largestfirst,both,complete,16,0.019021000000000007,0.5000544121743382,0.49999996999999785,600.0
ex9_2_4.bch,easy,roundrobin,both,complete,4,0.0054280000000000005,0.4999999730023411,0.49995392351883994,600.0
ex9_2_5.bch,easy,lsmear,both,complete,6,0.013417000000000004,4.999999979747752,4.99500497477298,600.0
ex9_2_5.bch,easy,lsmear-box,both,complete,6,0.013363000000000002,4.999999979747752,4.99500497477298,600.0
ex9_2_5.bch,easy,smearsumrel,both,complete,6,0.015374000000000002,4.999999979747752,4.99500497477298,600.0
ex9_2_5.bch,easy,smearsum,both,complete,10,0.014857,5.0000001517477894,4.995005146601189,600.0
ex9_2_5.bch,easy,smearmax,both,complete,10,0.014089000000000004,5.000244978202261,4.995249728473788,600.0
ex9_2_5.bch,easy,smearmaxrel,both,complete,10,0.030036000000000007,5.000374454166356,4.995379075091265,600.0
ex9_2_5.bch,easy,largestfirst,both,complete,8,0.008990000000000005,5.000062799705735,4.995067731973762,600.0
ex9_2_5.bch,easy,roundrobin,both,complete,8,0.009909000000000003,5.00006279970974,4.995067731977763,600.0
ex9_2_6.bch,easy,lsmear,both,complete,12,0.03487500000000001,-1.000000017557718,-1.001001018576294,600.0
ex9_2_6.bch,easy,lsmear-box,both,complete,12,0.034191000000000006,-1.000000017557718,-1.001001018576294,600.0
ex9_2_6.bch,easy,smearsumrel,both,complete,8,0.02672500000000001,-1.0000000143112369,-1.0010010153265632,600.0
ex9_2_6.bch,easy,smearsum,both,complete,10,0.062452000000000014,-1.0000000179999993,-1.001001019019018,600.0
ex9_2_6.bch,easy,smearmax,both,complete,10,0.061898000000000016,-1.0000000179999993,-1.001001019019018,600.0
ex9_2_6.bch,easy,smearmaxrel,both,complete,10,0.05744800000000001,-1.0000000158228965,-1.001001016839736,600.0
ex9_2_6.bch,easy,largestfirst,both,complete,6,0.021027,-1.0000000179999986,-1.0010010190190173,600.0
ex9_2_6.bch,easy,roundrobin,both,complete,8,0.02997000000000001,-1.0000000163783482,-1.0010010173957438,600.0
ex9_2_7.bch,easy,lsmear,both,complete,2,0.0005059999999999995,16.999999974800012,16.983016957842175,600.0
ex9_2_7.bch,easy,lsmear-box,both,complete,2,0.000507999999999998,16.999999974800012,16.983016957842175,600.0
ex9_2_7.bch,easy,smearsumrel,both,complete,2,0.004194,16.999999974800012,16.983016957842175,600.0
ex9_2_7.bch,easy,smearsum,both,complete,2,0.004237000000000001,16.999999974800012,16.983016957842175,600.0
ex9_2_7.bch,easy,smearmax,both,complete,2,0.004195000000000001,16.999999974800012,16.983016957842175,600.0
ex9_2_7.bch,easy,smearmaxrel,both,complete,2,0.004179000000000002,16.999999974800012,16.983016957842175,600.0
ex9_2_7.bch,easy,largestfirst,both,complete,2,0.00012699999999999864,16.999999974800012,16.983016957842175,600.0
ex9_2_7.bch,easy,roundrobin,both,complete,2,0.0001260000000000011,16.999999974800012,16.983016957842175,600.0
ex9_2_8.bch,easy,lsmear,both,complete,4,0.005832000000000002,1.499999991909037,1.4999999893888347,600.0
ex9_2_8.bch,easy,lsmear-box,both,complete,4,0.005862000000000001,1.499999991909037,1.4999999893888347,600.0
ex9_2_8.bch,easy,smearsumrel,both,complete,2,0.0027150000000000004,1.4999999910000001,1.4985014895104898,600.0
ex9_2_8.bch,easy,smearsum,both,complete,4,0.005332000000000002,1.4999999917154392,1.4999999799999988,600.0
ex9_2_8.bch,easy,smearmax,both,complete,4,0.005389000000000001,1.4999999917154392,1.4999999799999988,600.0
ex9_2_8.bch,easy,smearmaxrel,both,complete,4,0.005409,1.499999991497509,1.499999988333328,600.0
ex9_2_8.bch,easy,largestfirst,both,complete,4,0.0038540000000000007,1.4999999917154392,1.4999999799999988,600.0
ex9_2_8.bch,easy,roundrobin,both,complete,4,0.004024000000000001,1.4999999917154392,1.4999999799999988,600.0
exbaron.bch,easy,lsmear,both,complete,0,1.9999999999998318e-06,3.0000140601732457,2.997017043130116,600.0
exbaron.bch,easy,lsmear-box,both,complete,0,1.0000000000001327e-06,3.0000140601732457,2.997017043130116,600.0
exbaron.bch,easy,smearsumrel,both,complete,0,1.0000000000001327e-06,3.0000140601732457,2.997017043130116,600.0
exbaron.bch,easy,smearsum,both,complete,0,1.0000000000001327e-06,3.0000140601732457,2.997017043130116,600.0
exbaron.bch,easy,smearmax,both,complete,0,2.0000000000002655e-06,3.0000140601732457,2.997017043130116,600.0
exbaron.bch,easy,smearmaxrel,both,complete,0,1.9999999999998318e-06,3.0000140601732457,2.997017043130116,600.0
exbaron.bch,easy,largestfirst,both,complete,0,2.0000000000002655e-06,3.0000140601732457,2.997017043130116,600.0
exbaron.bch,easy,roundrobin,both,complete,0,1.9999999999998318e-06,3.0000140601732457,2.997017043130116,600.0
exinfinity2.bch,easy,lsmear,both,complete,16,0.005127000000000001,0,0,600.0
exinfinity2.bch,easy,lsmear-box,both,complete,16,0.005073000000000001,0,0,600.0
exinfinity2.bch,easy,smearsumrel,both,complete,16,0.004748000000000001,0,0,600.0
exinfinity2.bch,easy,smearsum,both,complete,16,0.004815000000000002,0,0,600.0
exinfinity2.bch,easy,smearmax,both,complete,16,0.004719000000000002,0,0,600.0
exinfinity2.bch,easy,smearmaxrel,both,complete,16,0.004758000000000002,0,0,600.0
exinfinity2.bch,easy,largestfirst,both,complete,72,0.02225700000000001,8.17732934756993e-10,0,600.0
exinfinity2.bch,easy,roundrobin,both,complete,14,0.0038690000000000005,0,0,600.0
exinfinity3.bch,easy,lsmear,both,complete,4,0.003079000000000001,0,0,600.0
exinfinity3.bch,easy,lsmear-box,both,complete,4,0.0030900000000000007,0,0,600.0
exinfinity3.bch,easy,smearsumrel,both,complete,4,0.0029070000000000007,0,0,600.0
exinfinity3.bch,easy,smearsum,both,complete,4,0.0029040000000000003,0,0,600.0
exinfinity3.bch,easy,smearmax,both,complete,4,0.0029180000000000005,0,0,600.0
exinfinity3.bch,easy,smearmaxrel,both,complete,4,0.0029520000000000006,0,0,600.0
exinfinity3.bch,easy,largestfirst,both,complete,40,0.012797000000000003,1.9418008573588237e-08,0,600.0
exinfinity3.bch,easy,roundrobin,both,complete,4,0.002838000000000001,0,0,600.0
exp40.bch,easy,lsmear,both,complete,0,1.0000000000001327e-06,5e-324,-9.999999999999997e-08,600.0
exp40.bch,easy,lsmear-box,both,complete,0,1.9999999999998318e-06,5e-324,-9.999999999999997e-08,600.0
exp40.bch,easy,smearsumrel,both,complete,0,1.9999999999998318e-06,5e-324,-9.999999999999997e-08,600.0
exp40.bch,easy,smearsum,both,complete,0,1.9999999999998318e-06,5e-324,-9.999999999999997e-08,600.0
exp40.bch,easy,smearmax,both,complete,0,1.9999999999998318e-06,5e-324,-9.999999999999997e-08,600.0
exp40.bch,easy,smearmaxrel,both,complete,0,9.999999999999159e-07,5e-324,-9.999999999999997e-08,600.0
exp40.bch,easy,largestfirst,both,complete,0,2.0000000000000486e-06,5e-324,-9.999999999999997e-08,600.0
exp40.bch,easy,roundrobin,both,complete,0,9.999999999999159e-07,5e-324,-9.999999999999997e-08,600.0
f1.bch,easy,lsmear,both,complete,6,0.0023570000000000015,0,0,600.0
f1.bch,easy,lsmear-box,both,complete,6,0.002382,0,0,600.0
f1.bch,easy,smearsumrel,both,complete,6,0.0021110000000000005,0,0,600.0
f1.bch,easy,smearsum,both,complete,6,0.0021250000000000006,0,0,600.0
f1.bch,easy,smearmax,both,complete,6,0.002081,0,0,600.0
f1.bch,easy,smearmaxrel,both,complete,6,0.0020960000000000006,0,0,600.0
f1.bch,easy,largestfirst,both,complete,34,0.012048000000000003,8.117441746787775e-08,0,600.0
f1.bch,easy,roundrobin,both,complete,6,0.0018709999999999998,0,0,600.0
fccu.bch,coconutbenchmark-library2,lsmear,both,timeout,6129806,600.0000170000003,inf,1.308625578453032e-24,600.0
fccu.bch,coconutbenchmark-library2,lsmear-box,both,timeout,6072550,600.0000720000004,inf,1.2905133320691576e-24,600.0
fccu.bch,coconutbenchmark-library2,smearsumrel,both,timeout,6246544,600.0001130000003,inf,1.3637196240736675e-24,600.0
fccu.bch,coconutbenchmark-library2,smearsum,both,timeout,6221030,600.0000930000002,inf,1.345228724455287e-24,600.0
fccu.bch,coconutbenchmark-library2,smearmax,both,timeout,6098890,600.0010120000002,inf,1.2905133320691576e-24,600.0
fccu.bch,coconutbenchmark-library2,smearmaxrel,both,timeout,6222548,600.0012530000002,inf,1.345228724455287e-24,600.0
fccu.bch,coconutbenchmark-library2,largestfirst,both,timeout,6233062,600.0000550000002,inf,1.345228724455287e-24,600.0
fccu.bch,coconutbenchmark-library2,roundrobin,both,timeout,109962,600.0031290000003,11.443862760391529,7.346092487419603,600.0
genhs28.bch,coconutbenchmark-library2,lsmear,both,complete,72,0.34924700000000014,0.9273011149507441,0.9263747402105337,600.0
genhs28.bch,coconutbenchmark-library2,lsmear-box,both,complete,72,0.34346000000000004,0.9273011149507441,0.9263747402105337,600.0
genhs28.bch,coconutbenchmark-library2,smearsumrel,both,complete,160,0.7462790000000002,0.9273539583200446,0.9264275307892554,600.0
genhs28.bch,coconutbenchmark-library2,smearsum,both,complete,80,0.3635840000000001,0.9271819454677264,0.9262556897779485,600.0
genhs28.bch,coconutbenchmark-library2,smearmax,both,complete,82,0.3523870000000001,0.9273601217568462,0.9264336880687776,600.0
genhs28.bch,coconutbenchmark-library2,smearmaxrel,both,complete,138,0.6043470000000002,0.9271998800763691,0.9262736064698993,600.0
genhs28.bch,coconutbenchmark-library2,largestfirst,both,timeout,248430,600.0037760000001,0.9274494036812687,0.9124341447789238,600.0
genhs28.bch,coconutbenchmark-library2,roundrobin,both,complete,98,0.48787800000000014,0.9272646407838295,0.9263383024813483,600.0
griewank.bch,easy,lsmear,both,complete,46,0.03141400000000001,4.440892098500626e-16,0,600.0
griewank.bch,easy,lsmear-box,both,complete,46,0.030581000000000014,4.440892098500626e-16,0,600.0
griewank.bch,easy,smearsumrel,both,complete,46,0.02841600000000001,4.440892098500626e-16,0,600.0
griewank.bch,easy,smearsum,both,complete,46,0.028411000000000006,4.440892098500626e-16,0,600.0
griewank.bch,easy,smearmax,both,complete,46,0.02868800000000001,4.440892098500626e-16,0,600.0
griewank.bch,easy,smearmaxrel,both,complete,46,0.02836500000000001,4.440892098500626e-16,0,600.0
griewank.bch,easy,largestfirst,both,complete,372,2.0491180000000004,4.0528563283181995e-08,0,600.0
griewank.bch,easy,roundrobin,both,complete,10,0.005657000000000001,4.440892098500626e-16,0,600.0
haifas.bch,coconutbenchmark-library2,lsmear,both,complete,316,0.5529620000000002,-0.44981201117276104,-0.45026227344620723,600.0
haifas.bch,coconutbenchmark-library2,lsmear-box,both,complete,316,0.5478850000000002,-0.44981201117276104,-0.45026227344620723,600.0
haifas.bch,coconutbenchmark-library2,smearsumrel,both,complete,316,0.5226890000000002,-0.44981201117276104,-0.45026227344620723,600.0
haifas.bch,coconutbenchmark-library2,smearsum,both,complete,846,1.3144580000000003,-0.44977555529597213,-0.45022578107704914,600.0
haifas.bch,coconutbenchmark-library2,smearmax,both,complete,3164,3.972599000000001,-0.4497203964888268,-0.4501705670558826,600.0
haifas.bch,coconutbenchmark-library2,smearmaxrel,both,complete,278354,235.60943300000005,-0.44957300345195783,-0.4500230264784362,600.0
haifas.bch,coconutbenchmark-library2,largestfirst,both,timeout,262826,600.0064460000001,-0.43264507542681974,-0.9957412500817208,600.0
haifas.bch,coconutbenchmark-library2,roundrobin,both,complete,3224,4.8576130000000015,-0.4499993316924489,-0.4504497814739228,600.0
haldmads.bch,coconutbenchmark-library2,lsmear,both,timeout,144610,600.0008790000002,0.034659851639415984,0,600.0
haldmads.bch,coconutbenchmark-library2,lsmear-box,both,timeout,146608,600.0056500000003,0.034659851639415984,0,600.0
haldmads.bch,coconutbenchmark-library2,smearsumrel,both,timeout,145892,600.0067090000002,0.034659851639415984,0,600.0
haldmads.bch,coconutbenchmark-library2,smearsum,both,timeout,123732,600.0145330000003,0.034675954232696315,0,600.0
haldmads.bch,coconutbenchmark-library2,smearmax,both,timeout,129864,600.0069740000002,0.03468435860147956,0,600.0
haldmads.bch,coconutbenchmark-library2,smearmaxrel,both,timeout,127162,600.0004660000002,0.03466401403014363,0,600.0
haldmads.bch,coconutbenchmark-library2,largestfirst,both,timeout,158796,600.0166440000002,0.03466759366266858,0,600.0
haldmads.bch,coconutbenchmark-library2,roundrobin,both,timeout,187818,600.0055650000003,0.038821155418723,5.5864073220839814e-12,600.0
harker.bch,blowup,lsmear,both,complete,89946,580.5603500000002,-986.1945273637577,-987.1817090728305,600.0
harker.bch,blowup,lsmear-box,both,complete,52626,340.6761650000001,-986.2270318000908,-987.2142460461369,600.0
harker.bch,blowup,smearsumrel,both,timeout,96908,600.0053320000002,-981.1771845728931,-1460.8049384988938,600.0
harker.bch,blowup,smearsum,both,timeout,102976,600.0088300000002,-982.3729390002102,-1248.6187438090103,600.0
harker.bch,blowup,smearmax,both,timeout,101536,600.0014370000002,-980.8254023254336,-1231.8453385218368,600.0
harker.bch,blowup,smearmaxrel,both,timeout,112800,600.0013770000003,-974.4092441180838,-1614.959742630309,600.0
harker.bch,blowup,largestfirst,both,timeout,187158,600.0013380000001,-2.4299999999959495e-07,-5828.0000000686,600.0
harker.bch,blowup,roundrobin,both,timeout,105752,600.0002400000002,-979.5929176968402,-1277.5395939873674,600.0
haverly.bch,medium,lsmear,both,complete,94,0.3414030000000002,-400.0000005276811,-400.0000023464139,600.0
haverly.bch,medium,lsmear-box,both,complete,94,0.3381400000000001,-400.0000005276811,-400.0000023464139,600.0
haverly.bch,medium,smearsumrel,both,complete,116,0.4570570000000001,-400.0000005112556,-400.40040091216775,600.0
haverly.bch,medium,smearsum,both,complete,828,1.8646740000000006,-399.73660940415584,-400.1367461503061,600.0
haverly.bch,medium,smearmax,both,complete,156,0.7071840000000004,-399.9993055440982,-400.0000006251562,600.0
haverly.bch,medium,smearmaxrel,both,complete,154,0.4872020000000001,-400.0000004832741,-400.4004008841582,600.0
haverly.bch,medium,largestfirst,both,complete,660,1.7567740000000005,-399.9678206447543,-400.3681888335878,600.0
haverly.bch,medium,roundrobin,both,complete,184,1.0185800000000003,-400.0000005484635,-400.000000624542,600.0
hhfair.bch,blowup,lsmear,both,complete,2876,29.00374800000001,-87.12564507153108,-87.20882142154588,600.0
hhfair.bch,blowup,lsmear-box,both,complete,3220,37.19105500000001,-87.145142387714,-87.16919159152218,600.0
hhfair.bch,blowup,smearsumrel,both,complete,798,4.871185000000002,-87.14635048941335,-87.23358407348682,600.0
hhfair.bch,blowup,smearsum,both,complete,968,6.765955000000002,-87.10354144786737,-87.1907321800474,600.0
hhfair.bch,blowup,smearmax,both,complete,1372,10.112757000000002,-87.14801809996084,-87.23525335331414,600.0
hhfair.bch,blowup,smearmaxrel,both,complete,794,5.213915000000002,-87.14579867255881,-87.23303170426306,600.0
hhfair.bch,blowup,largestfirst,both,timeout,74706,600.0173710000003,-87.12255663061377,-87.5258486307925,600.0
hhfair.bch,blowup,roundrobin,both,complete,1230,8.597573000000002,-87.1583578044078,-87.24560340781561,600.0
hhfair1.bch,blowup,lsmear,both,complete,132,1.0757700000000003,-87.15568245831622,-87.24292538369991,600.0
hhfair1.bch,blowup,lsmear-box,both,complete,120,1.0349960000000005,-87.15235302071713,-87.23959261333044,600.0
hhfair1.bch,blowup,smearsumrel,both,complete,198,1.4524340000000004,-87.15861087195017,-87.24585672867885,600.0
hhfair1.bch,blowup,smearsum,both,complete,324,2.519392000000001,-87.15903226611778,-87.24627854466243,600.0
hhfair1.bch,blowup,smearmax,both,complete,326,2.4388390000000006,-87.14798634020443,-87.23522156176618,600.0
hhfair1.bch,blowup,smearmaxrel,both,complete,124,0.801745,-87.1291649642002,-87.21638134554573,600.0
hhfair1.bch,blowup,largestfirst,both,complete,11640,36.42081200000002,-87.15903804901605,-87.24628433334938,600.0
hhfair1.bch,blowup,roundrobin,both,complete,344,2.6705810000000008,-87.12996369463099,-87.21718087550649,600.0
himmel11.bch,easy,lsmear,both,complete,30,0.08714900000000002,-30659.713079942645,-30665.542254910062,600.0
himmel11.bch,easy,lsmear-box,both,complete,30,0.08667100000000003,-30659.713079942645,-30665.542254910062,600.0
himmel11.bch,easy,smearsumrel,both,complete,46,0.12685000000000005,-30656.682954195123,-30665.635943802146,600.0
himmel11.bch,easy,smearsum,both,complete,44,0.11905200000000005,-30658.982704946,-30665.54048829224,600.0
himmel11.bch,easy,smearmax,both,complete,44,0.11829400000000004,-30658.982704946,-30665.54048829224,600.0
himmel11.bch,easy,smearmaxrel,both,complete,62,0.17768600000000004,-30651.43376105799,-30667.073172194898,600.0
himmel11.bch,easy,largestfirst,both,complete,1122,1.7904300000000004,-30638.122076623687,-30668.790867491174,600.0
himmel11.bch,easy,roundrobin,both,complete,92,0.24045300000000006,-30641.77572460938,-30665.568898157188,600.0
himmel16.bch,medium,lsmear,both,complete,1438,9.096235000000004,-0.8653328117141168,-0.8661990107248415,600.0
himmel16.bch,medium,lsmear-box,both,complete,1438,9.052782000000004,-0.8653328117141168,-0.8661990107248415,600.0
himmel16.bch,medium,smearsumrel,both,complete,2984,14.912639000000004,-0.8659308263284161,-0.8667976239523684,600.0
himmel16.bch,medium,smearsum,both,complete,2140,11.670728000000006,-0.8656531416629547,-0.8665196613242789,600.0
himmel16.bch,medium,smearmax,both,complete,2718,15.106469000000004,-0.8659392299900169,-0.8668060360260429,600.0
himmel16.bch,medium,smearmaxrel,both,timeout,131248,600.0009080000002,-0.6641163810034916,-2.900000057999925,600.0
himmel16.bch,medium,largestfirst,both,timeout,196768,600.0021650000001,-0.6525997368970817,-2.7814184829651194,600.0
himmel16.bch,medium,roundrobin,both,complete,8628,41.700741000000015,-0.8652525951216359,-0.8661187138354712,600.0
himmelbk.bch,coconutbenchmark-library2,lsmear,both,complete,260,11.473535000000002,0.05181441381741368,0.05176265116624744,600.0
himmelbk.bch,coconutbenchmark-library2,lsmear-box,both,complete,260,11.485882000000004,0.05181441381741368,0.05176265116624744,600.0
himmelbk.bch,coconutbenchmark-library2,smearsumrel,both,complete,368,15.064288000000005,0.051833986288850935,0.05178220408476617,600.0
himmelbk.bch,coconutbenchmark-library2,smearsum,both,complete,430,17.510444000000007,0.05182526338154538,0.051773489891653736,600.0
himmelbk.bch,coconutbenchmark-library2,smearmax,both,complete,400,15.018682000000007,0.05183554243748834,0.05178375867880954,600.0
himmelbk.bch,coconutbenchmark-library2,smearmaxrel,both,complete,1028,35.946131000000015,0.051841667264289085,0.05178987738690219,600.0
himmelbk.bch,coconutbenchmark-library2,largestfirst,both,timeout,16984,600.0360920000003,0.051820812999092046,0.05064205756600067,600.0
himmelbk.bch,coconutbenchmark-library2,roundrobin,both,complete,396,15.699269000000006,0.05182906096892832,0.051777283685243085,600.0
house.bch,easy,lsmear,both,complete,24,0.054864000000000024,-4500.000000180519,-4504.504504685204,600.0
house.bch,easy,lsmear-box,both,complete,24,0.054359000000000005,-4500.000000180519,-4504.504504685204,600.0
house.bch,easy,smearsumrel,both,complete,18,0.03291300000000002,-4499.999999789057,-4504.50450429335,600.0
house.bch,easy,smearsum,both,complete,38,0.07359200000000003,-4499.632076462919,-4504.136212675594,600.0
house.bch,easy,smearmax,both,complete,62,0.14671800000000004,-4499.35149588157,-4503.855351232803,600.0
house.bch,easy,smearmaxrel,both,complete,20,0.034853000000000016,-4500.000000213122,-4504.504504717839,600.0
house.bch,easy,largestfirst,both,complete,122,0.17262300000000005,-4500.000000198883,-4504.504504703586,600.0
house.bch,easy,roundrobin,both,complete,18,0.025512000000000003,-4498.556996758745,-4503.06005681556,600.0
hs056.bch,coconutbenchmark-library2,lsmear,both,complete,928,1.3696710000000003,-3.455342682319659,-3.458801483803462,600.0
hs056.bch,coconutbenchmark-library2,lsmear-box,both,complete,882,1.3152650000000004,-3.4558469677066705,-3.459306273980651,600.0
hs056.bch,coconutbenchmark-library2,smearsumrel,both,complete,626,0.7630770000000001,-3.4556579041466695,-3.459117021167837,600.0
hs056.bch,coconutbenchmark-library2,smearsum,both,complete,400,1.0281860000000003,-3.4541573556385687,-3.4576149706091774,600.0
hs056.bch,coconutbenchmark-library2,smearmax,both,complete,1354,1.5329250000000003,-3.455826149012126,-3.459285434446572,600.0
hs056.bch,coconutbenchmark-library2,smearmaxrel,both,complete,646,1.2625010000000003,-3.4556650858937155,-3.459124210103819,600.0
hs056.bch,coconutbenchmark-library2,largestfirst,both,complete,556,0.5382120000000002,-3.4548107359823113,-3.458269004987298,600.0
hs056.bch,coconutbenchmark-library2,roundrobin,both,complete,442,1.0262830000000003,-3.454736485216077,-3.4581946798959726,600.0
hs070.bch,coconutbenchmark-library2,lsmear,both,timeout,321072,600.0041030000002,0.1840706161845761,0,600.0
hs070.bch,coconutbenchmark-library2,lsmear-box,both,timeout,321450,600.0037770000001,0.1840706161845761,0,600.0
hs070.bch,coconutbenchmark-library2,smearsumrel,both,timeout,317092,600.0018990000002,0.1840706161845761,0,600.0
hs070.bch,coconutbenchmark-library2,smearsum,both,timeout,322206,600.0022570000002,0.1840706161845761,0,600.0
hs070.bch,coconutbenchmark-library2,smearmax,both,timeout,321686,600.0023020000001,0.1840706161845761,0,600.0
hs070.bch,coconutbenchmark-library2,smearmaxrel,both,timeout,314672,600.0027830000002,0.1840706161845761,0,600.0
hs070.bch,coconutbenchmark-library2,largestfirst,both,timeout,233290,600.0109680000003,0.04635536653291221,0,600.0
hs070.bch,coconutbenchmark-library2,roundrobin,both,timeout,299548,600.0009130000002,0.22116868914440652,0,600.0
hs071.bch,easy,lsmear,both,complete,158,0.20819900000000005,17.023270990400412,17.006264725674743,600.0
hs071.bch,easy,lsmear-box,both,complete,98,0.10251700000000004,17.01408372359712,16.997086636960166,600.0
hs071.bch,easy,smearsumrel,both,complete,120,0.11043500000000003,17.026193387885645,17.009184203681965,600.0
hs071.bch,easy,smearsum,both,complete,140,0.12468200000000003,17.01675822780633,16.999758469337,600.0
hs071.bch,easy,smearmax,both,complete,124,0.10616500000000002,17.02860450740911,17.01159291449462,600.0
hs071.bch,easy,smearmaxrel,both,complete,160,0.13237000000000002,17.023355267037218,17.0063489181191,600.0
hs071.bch,easy,largestfirst,both,complete,660,0.7363910000000002,17.01818654171646,17.001185356360104,600.0
hs071.bch,easy,roundrobin,both,complete,134,0.12857000000000007,17.027070214376472,17.010060154222256,600.0
hs087.bch,coconutbenchmark-library2,lsmear,both,complete,34,0.14589700000000005,8828.212385199064,8819.392992206858,600.0
hs087.bch,coconutbenchmark-library2,lsmear-box,both,complete,34,0.14430000000000007,8828.212385199064,8819.392992206858,600.0
hs087.bch,coconutbenchmark-library2,smearsumrel,both,complete,18,0.10578600000000005,8828.152042242604,8819.332709533073,600.0
hs087.bch,coconutbenchmark-library2,smearsum,both,complete,332,1.2548090000000005,8834.329930358112,8825.504425932182,600.0
hs087.bch,coconutbenchmark-library2,smearmax,both,complete,556,2.024438000000001,8834.589338488604,8825.763574913692,600.0
hs087.bch,coconutbenchmark-library2,smearmaxrel,both,complete,104,0.4152050000000001,8829.05064956079,8820.23041914165,600.0
hs087.bch,coconutbenchmark-library2,largestfirst,both,complete,280,0.8992100000000003,8833.258304933786,8824.433871062725,600.0
hs087.bch,coconutbenchmark-library2,roundrobin,both,complete,206,0.7580930000000001,8828.61921332069,8821.365735876825,600.0
hs088.bch,coconutbenchmark-library2,lsmear,both,complete,530,34.436393,1.36281776140126,1.361456305096164,600.0
hs088.bch,coconutbenchmark-library2,lsmear-box,both,complete,586,37.927397000000006,1.3629081858916554,1.3615466392524032,600.0
hs088.bch,coconutbenchmark-library2,smearsumrel,both,complete,600,39.22056400000001,1.362998994166922,1.361637356810112,600.0
hs088.bch,coconutbenchmark-library2,smearsum,both,complete,850,55.962010000000014,1.3628881221803417,1.361526595584757,600.0
hs088.bch,coconutbenchmark-library2,smearmax,both,complete,968,80.05445200000003,1.3633257439946247,1.3619637802144104,600.0
hs088.bch,coconutbenchmark-library2,smearmaxrel,both,complete,582,41.139598,1.362875296675468,1.3615137828925756,600.0
hs088.bch,coconutbenchmark-library2,largestfirst,both,timeout,9846,600.0279240000001,91928775.98104632,0.6267325244481605,600.0
hs088.bch,coconutbenchmark-library2,roundrobin,both,complete,678,55.592521000000026,1.3627336922867574,1.3613723199667909,600.0
hs089.bch,coconutbenchmark-library2,lsmear,both,timeout,12126,600.0070460000003,inf,0,600.0
hs089.bch,coconutbenchmark-library2,lsmear-box,both,timeout,10610,600.2082060000002,inf,0,600.0
hs089.bch,coconutbenchmark-library2,smearsumrel,both,timeout,10566,600.0628130000002,inf,0,600.0
hs089.bch,coconutbenchmark-library2,smearsum,both,timeout,10688,600.0338620000002,inf,0,600.0
hs089.bch,coconutbenchmark-library2,smearmax,both,timeout,11332,600.0065070000003,inf,0,600.0
hs089.bch,coconutbenchmark-library2,smearmaxrel,both,timeout,11006,600.0360560000003,inf,0,600.0
hs089.bch,coconutbenchmark-library2,largestfirst,both,timeout,13410,600.0480270000002,inf,0,600.0
hs089.bch,coconutbenchmark-library2,roundrobin,both,timeout,2594,600.0301490000003,inf,1.0633923498678763e-118,600.0
hs090.bch,coconutbenchmark-library2,lsmear,both,timeout,1472,600.6730470000002,2.1123988192355307,0.11677395729343493,600.0
hs090.bch,coconutbenchmark-library2,lsmear-box,both,timeout,1542,600.8629660000003,25.9736274393912,0.09253463973491763,600.0
hs090.bch,coconutbenchmark-library2,smearsumrel,both,timeout,1766,600.2339960000002,303.162608341906,0.14788192919315024,600.0
hs090.bch,coconutbenchmark-library2,smearsum,both,timeout,1490,600.4700960000004,9.011959070278353,0.09416107015833303,600.0
hs090.bch,coconutbenchmark-library2,smearmax,both,timeout,1588,600.3431740000002,2.0470467579283085,0.12424127220592149,600.0
hs090.bch,coconutbenchmark-library2,smearmaxrel,both,timeout,1542,600.1113970000002,19009.83035523456,0.06027972073177694,600.0
hs090.bch,coconutbenchmark-library2,largestfirst,both,timeout,1812,600.4047680000002,5135913977385.192,0,600.0
hs090.bch,coconutbenchmark-library2,roundrobin,both,timeout,2226,600.2905370000001,2.506345214642148,0.15825089462284667,600.0
hs091.bch,coconutbenchmark-library2,lsmear,both,timeout,8590,600.1123820000004,inf,0,600.0
hs091.bch,coconutbenchmark-library2,lsmear-box,both,timeout,10346,600.0198810000002,inf,0,600.0
hs091.bch,coconutbenchmark-library2,smearsumrel,both,timeout,10168,600.0025620000001,inf,0,600.0
hs091.bch,coconutbenchmark-library2,smearsum,both,timeout,9358,600.0318280000002,inf,0,600.0
hs091.bch,coconutbenchmark-library2,smearmax,both,timeout,8770,600.0470450000003,inf,0,600.0
hs091.bch,coconutbenchmark-library2,smearmaxrel,both,timeout,10386,600.0379200000003,inf,0,600.0
hs091.bch,coconutbenchmark-library2,largestfirst,both,timeout,10000,600.0381940000001,inf,0,600.0
hs091.bch,coconutbenchmark-library2,roundrobin,both,timeout,1292,600.3985490000003,inf,0,600.0
hs093.bch,coconutbenchmark-library2,lsmear,both,complete,434932,585.7857890000001,135.08737216450896,134.95241974476423,600.0
hs093.bch,coconutbenchmark-library2,lsmear-box,both,complete,380410,532.1225830000002,135.08861901497076,134.95366534962116,600.0
hs093.bch,coconutbenchmark-library2,smearsumrel,both,complete,373816,495.5719160000001,135.0939169830987,134.95895802507366,600.0
hs093.bch,coconutbenchmark-library2,smearsum,both,complete,353940,466.9052130000001,135.09812108091865,134.9631579229957,600.0
hs093.bch,coconutbenchmark-library2,smearmax,both,complete,324830,438.3049760000002,135.09587344904185,134.96091253650536,600.0
hs093.bch,coconutbenchmark-library2,smearmaxrel,both,complete,383616,491.53260800000015,135.09111409483182,134.95615793689495,600.0
hs093.bch,coconutbenchmark-library2,largestfirst,both,timeout,521378,600.0006740000002,inf,2.2990258176801733e-41,600.0
hs093.bch,coconutbenchmark-library2,roundrobin,both,timeout,537092,600.0041940000001,1738111.2578022194,4.451032328691853e-28,600.0
hs095.bch,coconutbenchmark-library2,lsmear,both,complete,4,0.004379000000000001,0.015619525245536654,0.015603921324212445,600.0
hs095.bch,coconutbenchmark-library2,lsmear-box,both,complete,4,0.004587999999999998,0.015619525245536654,0.015603921324212445,600.0
hs095.bch,coconutbenchmark-library2,smearsumrel,both,complete,4,0.004068000000000002,0.015619525245536654,0.015603921324212445,600.0
hs095.bch,coconutbenchmark-library2,smearsum,both,complete,4,0.003970000000000001,0.015619525245536654,0.015603921324212445,600.0
hs095.bch,coconutbenchmark-library2,smearmax,both,complete,4,0.005031000000000001,0.01562177395268322,0.015606167784898322,600.0
hs095.bch,coconutbenchmark-library2,smearmaxrel,both,complete,4,0.0050080000000000055,0.01562177395268322,0.015606167784898322,600.0
hs095.bch,coconutbenchmark-library2,largestfirst,both,complete,4,0.0011120000000000019,0.015619525245536654,0.015603921324212445,600.0
hs095.bch,coconutbenchmark-library2,roundrobin,both,complete,4,0.0010920000000000027,0.015619525245536654,0.015603921324212445,600.0
hs096.bch,coconutbenchmark-library2,lsmear,both,complete,4,0.005348000000000002,0.015622475322278019,0.01561952524239373,600.0
hs096.bch,coconutbenchmark-library2,lsmear-box,both,complete,4,0.0052930000000000026,0.015622475322278019,0.01561952524239373,600.0
hs096.bch,coconutbenchmark-library2,smearsumrel,both,complete,4,0.005042000000000001,0.015622475322278019,0.01561952524239373,600.0
hs096.bch,coconutbenchmark-library2,smearsum,both,complete,4,0.005602000000000003,0.015619525245536624,0.015619525242393736,600.0
hs096.bch,coconutbenchmark-library2,smearmax,both,complete,4,0.006787000000000001,0.015619525245536624,0.015619525242393736,600.0
hs096.bch,coconutbenchmark-library2,smearmaxrel,both,complete,4,0.005073000000000001,0.015622475322278019,0.01561952524239373,600.0
hs096.bch,coconutbenchmark-library2,largestfirst,both,complete,4,0.002144,0.015622475322278019,0.01561952524239373,600.0
hs096.bch,coconutbenchmark-library2,roundrobin,both,complete,4,0.0021360000000000025,0.015622475322278019,0.01561952524239373,600.0
hs097.bch,coconutbenchmark-library2,lsmear,both,complete,8,0.015186000000000007,3.137803691284331,3.1358091228070135,600.0
hs097.bch,coconutbenchmark-library2,lsmear-box,both,complete,8,0.015876000000000008,3.137803691284331,3.1358091228070135,600.0
hs097.bch,coconutbenchmark-library2,smearsumrel,both,complete,6,0.015386,3.1358091230584813,3.1358091228070135,600.0
hs097.bch,coconutbenchmark-library2,smearsum,both,complete,8,0.01761,3.1360005158153856,3.1358091228070135,600.0
hs097.bch,coconutbenchmark-library2,smearmax,both,complete,10,0.018252000000000008,3.136611948574011,3.1334784701039076,600.0
hs097.bch,coconutbenchmark-library2,smearmaxrel,both,complete,12,0.025718000000000008,3.1358091230584813,3.1326764466118697,600.0
hs097.bch,coconutbenchmark-library2,largestfirst,both,complete,6,0.013640000000000003,3.1367929158052976,3.1358091228070095,600.0
hs097.bch,coconutbenchmark-library2,roundrobin,both,complete,10,0.024203,3.137669783795465,3.1358091228070095,600.0
hs098.bch,coconutbenchmark-library2,lsmear,both,complete,4,0.009254000000000002,3.1358091230584852,3.1358091228070135,600.0
hs098.bch,coconutbenchmark-library2,lsmear-box,both,complete,4,0.009266,3.1358091230584852,3.1358091228070135,600.0
hs098.bch,coconutbenchmark-library2,smearsumrel,both,complete,8,0.014848000000000002,3.1359595791883317,3.1358091228070095,600.0
hs098.bch,coconutbenchmark-library2,smearsum,both,complete,10,0.020556000000000005,3.138178495809661,3.13580912280701,600.0
hs098.bch,coconutbenchmark-library2,smearmax,both,complete,10,0.020676000000000014,3.138178495809661,3.13580912280701,600.0
hs098.bch,coconutbenchmark-library2,smearmaxrel,both,complete,10,0.02102,3.138178495809661,3.13580912280701,600.0
hs098.bch,coconutbenchmark-library2,largestfirst,both,complete,12,0.023427000000000007,3.1358091230584852,3.1358091228070104,600.0
hs098.bch,coconutbenchmark-library2,roundrobin,both,complete,8,0.01674100000000001,3.1358091230584813,3.1358091228070104,600.0
hs099.bch,coconutbenchmark-library2,lsmear,both,complete,800,12.002920000000003,-830636079.9630259,-831467547.5105363,600.0
hs099.bch,coconutbenchmark-library2,lsmear-box,both,complete,870,13.780318000000001,-830289741.146436,-831120862.0084443,600.0
hs099.bch,coconutbenchmark-library2,smearsumrel,both,complete,6508,86.40127000000003,-831050073.9633679,-831881955.9192871,600.0
hs099.bch,coconutbenchmark-library2,smearsum,both,complete,1056,15.626372000000002,-830312254.0882589,-831143397.4857445,600.0
hs099.bch,coconutbenchmark-library2,smearmax,both,complete,1056,15.138738000000004,-830312254.0882589,-831143397.4857445,600.0
hs099.bch,coconutbenchmark-library2,smearmaxrel,both,complete,4010,60.63695200000001,-830533105.8390373,-831364470.3093466,600.0
hs099.bch,coconutbenchmark-library2,largestfirst,both,timeout,91238,600.0061650000004,-826916984.8896232,-953266609.9587778,600.0
hs099.bch,coconutbenchmark-library2,roundrobin,both,complete,1946,21.589913000000006,-830669559.3294529,-831501060.3898426,600.0
hs100.bch,coconutbenchmark-library2,lsmear,both,complete,654,1.4652350000000003,681.0252976384244,680.3449526857388,600.0
hs100.bch,coconutbenchmark-library2,lsmear-box,both,complete,608,1.3385780000000005,681.1033777283116,680.4229547735381,600.0
hs100.bch,coconutbenchmark-library2,smearsumrel,both,complete,898,1.9103110000000003,681.2527378145955,680.5721656489467,600.0
hs100.bch,coconutbenchmark-library2,smearsum,both,complete,736,1.6703120000000005,681.1195162070443,680.4390771299145,600.0
hs100.bch,coconutbenchmark-library2,smearmax,both,complete,572,1.2773410000000003,681.0840815059346,680.4036778281067,600.0
hs100.bch,coconutbenchmark-library2,smearmaxrel,both,complete,1596,3.118971000000001,681.2262874372901,680.5457416955946,600.0
hs100.bch,coconutbenchmark-library2,largestfirst,both,timeout,561928,600.0017820000002,681.5685726017837,556.7649662969741,600.0
hs100.bch,coconutbenchmark-library2,roundrobin,both,complete,954,1.9051250000000004,681.1759860507293,680.4954905601693,600.0
hs101.bch,coconutbenchmark-library2,lsmear,both,timeout,220886,600.0028080000003,1827.8805018701346,1181.3516129122136,600.0
hs101.bch,coconutbenchmark-library2,lsmear-box,both,timeout,212336,600.0041040000002,1836.6258419628393,1144.5395075738643,600.0
hs101.bch,coconutbenchmark-library2,smearsumrel,both,timeout,233220,600.0000710000002,1811.168542276523,1213.5288529040054,600.0
hs101.bch,coconutbenchmark-library2,smearsum,both,timeout,230076,600.0000390000001,1884.1084355442363,1094.814233833585,600.0
hs101.bch,coconutbenchmark-library2,smearmax,both,timeout,230624,600.0017760000003,1875.2427819370548,1108.4106901923672,600.0
hs101.bch,coconutbenchmark-library2,smearmaxrel,both,timeout,248954,600.0009210000003,1811.2081684431282,1164.4863853256302,600.0
hs101.bch,coconutbenchmark-library2,largestfirst,both,timeout,232186,600.0052160000001,inf,0.0005379999098691905,600.0
hs101.bch,coconutbenchmark-library2,roundrobin,both,timeout,271938,600.0010880000002,1832.4486038476575,1305.264779431675,600.0
hs102.bch,coconutbenchmark-library2,lsmear,both,timeout,217054,600.0023650000003,913.765320563546,779.3569833701284,600.0
hs102.bch,coconutbenchmark-library2,lsmear-box,both,timeout,207508,600.0021110000002,913.7774811702751,779.0723009553071,600.0
hs102.bch,coconutbenchmark-library2,smearsumrel,both,timeout,222084,600.0043950000003,912.1639013828975,794.0665756756194,600.0
hs102.bch,coconutbenchmark-library2,smearsum,both,timeout,230456,600.0047530000003,913.4002348779513,715.9990465332062,600.0
hs102.bch,coconutbenchmark-library2,smearmax,both,timeout,236396,600.0034980000003,912.5622358809248,716.5472457847693,600.0
hs102.bch,coconutbenchmark-library2,smearmaxrel,both,timeout,242440,600.0010090000002,913.2595925827754,757.4144008618048,600.0
hs102.bch,coconutbenchmark-library2,largestfirst,both,timeout,269928,600.0008020000001,1622.8529729015722,0.002103832037323579,600.0
hs102.bch,coconutbenchmark-library2,roundrobin,both,timeout,287566,600.0018770000003,916.7986872558116,794.582984627101,600.0
hs103.bch,coconutbenchmark-library2,lsmear,both,complete,132738,392.70734500000015,543.8186159427091,543.2753406021071,600.0
hs103.bch,coconutbenchmark-library2,lsmear-box,both,complete,137542,416.24257700000015,543.8331266804299,543.2898368435865,600.0
hs103.bch,coconutbenchmark-library2,smearsumrel,both,complete,129342,371.4967250000001,543.8444211278673,543.3011200078596,600.0
hs103.bch,coconutbenchmark-library2,smearsum,both,complete,200740,551.6523950000002,543.7514740251995,543.2082657594402,600.0
hs103.bch,coconutbenchmark-library2,smearmax,both,complete,212994,579.6344760000002,543.807380841114,543.2641167243897,600.0
hs103.bch,coconutbenchmark-library2,smearmaxrel,both,complete,151514,421.0160000000001,543.8211036500684,543.2778258242442,600.0
hs103.bch,coconutbenchmark-library2,largestfirst,both,timeout,244450,600.0040580000002,inf,0.0018966702242093406,600.0
hs103.bch,coconutbenchmark-library2,roundrobin,both,timeout,283454,600.0004780000003,549.0174407207313,512.0824910674413,600.0
hs104.bch,coconutbenchmark-library2,lsmear,both,complete,394,1.4926000000000006,3.9517117671694937,3.947764003166328,600.0
hs104.bch,coconutbenchmark-library2,lsmear-box,both,complete,1184,4.029585000000001,3.9541670223663443,3.950216805560784,600.0
hs104.bch,coconutbenchmark-library2,smearsumrel,both,complete,1038,4.037139000000002,3.954703564016384,3.9507528112051795,600.0
hs104.bch,coconutbenchmark-library2,smearsum,both,complete,952,3.553640000000001,3.9538891829285063,3.9499392436848217,600.0
hs104.bch,coconutbenchmark-library2,smearmax,both,complete,908,3.337878000000001,3.9540424791017994,3.9500923867150846,600.0
hs104.bch,coconutbenchmark-library2,smearmaxrel,both,complete,6882,16.967398000000006,3.9525343220961933,3.948585736359834,600.0
hs104.bch,coconutbenchmark-library2,largestfirst,both,timeout,282296,600.0018050000002,3.9534173060666395,3.6558811323751623,600.0
hs104.bch,coconutbenchmark-library2,roundrobin,both,complete,882,2.6600870000000008,3.951784653349236,3.947836816532704,600.0
hs106.bch,coconutbenchmark-library2,lsmear,both,complete,64,0.19657000000000008,7052.724838649918,7045.679159490428,600.0
hs106.bch,coconutbenchmark-library2,lsmear-box,both,complete,64,0.19706800000000005,7052.724838649918,7045.679159490428,600.0
hs106.bch,coconutbenchmark-library2,smearsumrel,both,complete,84,0.2974740000000001,7054.992646964226,7047.944702261965,600.0
hs106.bch,coconutbenchmark-library2,smearsum,both,complete,106,0.30009700000000006,7052.489060382189,7045.443616765424,600.0
hs106.bch,coconutbenchmark-library2,smearmax,both,complete,104,0.30178400000000005,7052.427847612621,7045.382465147474,600.0
hs106.bch,coconutbenchmark-library2,smearmaxrel,both,complete,210,0.5977240000000001,7053.563828967716,7046.517311656061,600.0
hs106.bch,coconutbenchmark-library2,largestfirst,both,timeout,170870,600.0115030000002,7052.130115199267,4114.09319921725,600.0
hs106.bch,coconutbenchmark-library2,roundrobin,both,complete,100,0.3052120000000001,7052.143304984242,7045.098206777465,600.0
hs107.bch,coconutbenchmark-library2,lsmear,both,timeout,103528,600.0066920000002,inf,0,600.0
hs107.bch,coconutbenchmark-library2,lsmear-box,both,timeout,105276,600.0035000000003,inf,0,600.0
hs107.bch,coconutbenchmark-library2,smearsumrel,both,timeout,91978,600.0163830000002,inf,0,600.0
hs107.bch,coconutbenchmark-library2,smearsum,both,timeout,344730,600.0010760000002,inf,0,600.0
hs107.bch,coconutbenchmark-library2,smearmax,both,timeout,343740,600.0016240000003,inf,0,600.0
hs107.bch,coconutbenchmark-library2,smearmaxrel,both,timeout,94144,600.0150220000002,inf,0,600.0
hs107.bch,coconutbenchmark-library2,largestfirst,both,timeout,369596,600.0001250000001,inf,0,600.0
hs107.bch,coconutbenchmark-library2,roundrobin,both,timeout,363262,600.0017410000003,inf,0,600.0
hs108.bch,coconutbenchmark-library2,lsmear,both,complete,31290,92.95068900000004,-0.8658776040022735,-0.8667443483506241,600.0
hs108.bch,coconutbenchmark-library2,lsmear-box,both,complete,29648,97.18461400000002,-0.8659914975370984,-0.8668583558929913,600.0
hs108.bch,coconutbenchmark-library2,smearsumrel,both,timeout,157650,600.0000810000001,-0.8660193683754273,-0.8699769981302853,600.0
hs108.bch,coconutbenchmark-library2,smearsum,both,complete,20152,72.05102200000002,-0.8660048188031845,-0.8668716904936781,600.0
hs108.bch,coconutbenchmark-library2,smearmax,both,complete,22378,73.73976600000002,-0.8659751396456998,-0.8668419816273271,600.0
hs108.bch,coconutbenchmark-library2,smearmaxrel,both,timeout,198682,600.0051990000002,-0.8660158087601112,-1.02063139929834,600.0
hs108.bch,coconutbenchmark-library2,largestfirst,both,timeout,467434,600.0007830000002,-0.7908738744663949,-2.659724280408523,600.0
hs108.bch,coconutbenchmark-library2,roundrobin,both,complete,32758,104.88086400000002,-0.8659879770804811,-0.8668548319123934,600.0
hs109.bch,coconutbenchmark-library2,lsmear,both,complete,152,0.8437910000000003,5328.128974244462,5326.6344215237405,600.0
hs109.bch,coconutbenchmark-library2,lsmear-box,both,complete,160,0.8601250000000003,5327.801015711644,5326.6344215237405,600.0
hs109.bch,coconutbenchmark-library2,smearsumrel,both,complete,166,0.9385920000000003,5326.863403827608,5321.541861965643,600.0
hs109.bch,coconutbenchmark-library2,smearsum,both,complete,142,0.8218520000000002,5330.713788798707,5325.38840039831,600.0
hs109.bch,coconutbenchmark-library2,smearmax,both,complete,132,0.7166990000000003,5327.038220838487,5321.716504334154,600.0
hs109.bch,coconutbenchmark-library2,smearmaxrel,both,complete,174,0.9594700000000003,5326.854404994441,5321.5328721223195,600.0
hs109.bch,coconutbenchmark-library2,largestfirst,both,complete,254,1.4293180000000005,5329.095826895555,5323.772054840715,600.0
hs109.bch,coconutbenchmark-library2,roundrobin,both,complete,146,0.7382910000000001,5328.527440220967,5323.204235984983,600.0
hs110.bch,coconutbenchmark-library2,lsmear,both,timeout,555874,600.0009900000002,-45.65669876361967,-49.47577300744796,600.0
hs110.bch,coconutbenchmark-library2,lsmear-box,both,timeout,556410,600.0020370000002,-45.65669876361967,-49.47219222532653,600.0
hs110.bch,coconutbenchmark-library2,smearsumrel,both,timeout,587280,600.0012190000002,-45.65669876361967,-49.39319243528894,600.0
hs110.bch,coconutbenchmark-library2,smearsum,both,timeout,590224,600.0019480000001,-45.604008448565345,-49.39095665785671,600.0
hs110.bch,coconutbenchmark-library2,smearmax,both,timeout,586670,600.0009940000002,-45.604008448565345,-49.394130390509844,600.0
hs110.bch,coconutbenchmark-library2,smearmaxrel,both,timeout,591212,600.0013890000001,-45.65669876361967,-49.3887511552513,600.0
hs110.bch,coconutbenchmark-library2,largestfirst,both,timeout,763746,600.0008460000003,-42.841762990128416,-80.48978569809535,600.0
hs110.bch,coconutbenchmark-library2,roundrobin,both,timeout,704362,600.0001660000004,-45.67573592662879,-47.43481591359559,600.0
hs111.bch,coconutbenchmark-library2,lsmear,both,timeout,194898,600.0017010000003,-47.71581258050772,-407.3639659004094,600.0
hs111.bch,coconutbenchmark-library2,lsmear-box,both,timeout,184138,600.0040520000002,-47.549662748799726,-233.83034547013867,600.0
hs111.bch,coconutbenchmark-library2,smearsumrel,both,timeout,199932,600.0074070000002,-47.649297240576516,-407.3495662418468,600.0
hs111.bch,coconutbenchmark-library2,smearsum,both,timeout,184988,600.0035340000003,-47.59366460391178,-234.33256387943717,600.0
hs111.bch,coconutbenchmark-library2,smearmax,both,timeout,187386,600.0016970000003,-47.615343226453206,-233.40719707637794,600.0
hs111.bch,coconutbenchmark-library2,smearmaxrel,both,timeout,219956,600.0048750000001,-47.5936688252291,-457.18723467171367,600.0
hs111.bch,coconutbenchmark-library2,largestfirst,both,timeout,247956,600.0029730000001,-45.54825572315771,-881.3988074579172,600.0
hs111.bch,coconutbenchmark-library2,roundrobin,both,timeout,275608,600.0033390000003,-47.55523603238075,-233.16807322347168,600.0
hs112.bch,coconutbenchmark-library2,lsmear,both,timeout,227308,600.0018340000003,-47.75124019225474,-51.3831304562644,600.0
hs112.bch,coconutbenchmark-library2,lsmear-box,both,timeout,228684,600.0016990000003,-47.75124025057409,-50.7353005655341,600.0
hs112.bch,coconutbenchmark-library2,smearsumrel,both,timeout,269888,600.0040280000001,-47.75027224210241,-54.01634723750129,600.0
hs112.bch,coconutbenchmark-library2,smearsum,both,timeout,236988,600.0050560000002,-47.74902263902216,-51.50524035650587,600.0
hs112.bch,coconutbenchmark-library2,smearmax,both,timeout,240150,600.0022950000002,-47.74904311109366,-51.404546118084255,600.0
hs112.bch,coconutbenchmark-library2,smearmaxrel,both,timeout,270568,600.0024430000002,-47.73312288087392,-56.14653646234589,600.0
hs112.bch,coconutbenchmark-library2,largestfirst,both,timeout,288748,600.0019030000001,-47.599058883555045,-246.1835815696617,600.0
hs112.bch,coconutbenchmark-library2,roundrobin,both,timeout,310616,600.0007720000001,-47.70947601455587,-54.456120552291026,600.0
hs113.bch,coconutbenchmark-library2,lsmear,both,complete,796,2.640765000000001,24.320163352673617,24.29586748518843,600.0
hs113.bch,coconutbenchmark-library2,lsmear-box,both,complete,796,2.645896000000001,24.320163352673617,24.29586748518843,600.0
hs113.bch,coconutbenchmark-library2,smearsumrel,both,complete,552,1.8293720000000004,24.328162659620386,24.30385880081957,600.0
hs113.bch,coconutbenchmark-library2,smearsum,both,complete,690,2.237867000000001,24.32101413251702,24.296717415101924,600.0
hs113.bch,coconutbenchmark-library2,smearmax,both,complete,844,2.9002210000000006,24.325866328337504,24.301564763573936,600.0
hs113.bch,coconutbenchmark-library2,smearmaxrel,both,complete,684,2.5431080000000006,24.316644792638556,24.29235244019836,600.0
hs113.bch,coconutbenchmark-library2,largestfirst,both,timeout,204306,600.0052600000001,27.670480811868067,-10.117897690671583,600.0
hs113.bch,coconutbenchmark-library2,roundrobin,both,complete,418,1.6043460000000003,24.312736271436577,24.28844782361297,600.0
hs114.bch,coconutbenchmark-library2,lsmear,both,complete,158,0.5946840000000001,-1767.6077630970694,-1769.3771402373065,600.0
hs114.bch,coconutbenchmark-library2,lsmear-box,both,complete,160,0.5908530000000003,-1767.8273823057943,-1769.5969792850792,600.0
hs114.bch,coconutbenchmark-library2,smearsumrel,both,complete,868,2.750555000000001,-1768.3266509678078,-1769.1758183762665,600.0
hs114.bch,coconutbenchmark-library2,smearsum,both,complete,568,1.9728500000000007,-1767.8031096761915,-1769.5726823585499,600.0
hs114.bch,coconutbenchmark-library2,smearmax,both,complete,332,1.1279170000000003,-1768.389002039742,-1770.159161200943,600.0
hs114.bch,coconutbenchmark-library2,smearmaxrel,both,complete,880,2.292750000000001,-1767.944862668759,-1769.7145772460049,600.0
hs114.bch,coconutbenchmark-library2,largestfirst,both,timeout,244888,600.0029560000002,-1752.360553322109,-2109.195970282104,600.0
hs114.bch,coconutbenchmark-library2,roundrobin,both,complete,796,2.3371210000000007,-1767.992689243686,-1769.7624516953813,600.0
hs116.bch,coconutbenchmark-library2,lsmear,both,complete,74,0.3593560000000001,97.6539619931596,97.55640558757204,600.0
hs116.bch,coconutbenchmark-library2,lsmear-box,both,complete,74,0.3626190000000001,97.6539619931596,97.55640558757204,600.0
hs116.bch,coconutbenchmark-library2,smearsumrel,both,complete,120,0.5488580000000002,97.61876038812917,97.52123914898021,600.0
hs116.bch,coconutbenchmark-library2,smearsum,both,complete,92,0.4321430000000001,97.67184840751398,97.57427413338061,600.0
hs116.bch,coconutbenchmark-library2,smearmax,both,complete,202,1.0279430000000005,97.60408079709164,97.50657422286879,600.0
hs116.bch,coconutbenchmark-library2,smearmaxrel,both,complete,332,1.4508690000000004,97.64686214871334,97.54931283587747,600.0
hs116.bch,coconutbenchmark-library2,largestfirst,both,timeout,686456,600.0003340000002,97.64329806675408,97.4820485609727,600.0
hs116.bch,coconutbenchmark-library2,roundrobin,both,complete,100,0.5413860000000001,97.6183809399904,97.5208600799105,600.0
hs117.bch,coconutbenchmark-library2,lsmear,both,complete,9160,59.49838300000001,32.35193788493311,32.31961826666645,600.0
hs117.bch,coconutbenchmark-library2,lsmear-box,both,complete,9376,60.60235200000001,32.35116704754097,32.31884819934164,600.0
hs117.bch,coconutbenchmark-library2,smearsumrel,both,complete,27324,146.63059700000005,32.350263404544464,32.31794545908539,600.0
hs117.bch,coconutbenchmark-library2,smearsum,both,complete,16046,101.58621300000003,32.35250191928617,32.32018173754863,600.0
hs117.bch,coconutbenchmark-library2,smearmax,both,complete,30382,187.52777100000003,32.35327535919327,32.32095440478849,600.0
hs117.bch,coconutbenchmark-library2,smearmaxrel,both,complete,66976,340.3429070000001,32.35187853802588,32.31955897904684,600.0
hs117.bch,coconutbenchmark-library2,largestfirst,both,timeout,138520,600.0201100000002,47.227868856078835,-117839.5562903793,600.0
hs117.bch,coconutbenchmark-library2,roundrobin,both,complete,104656,509.42514800000015,32.35161849814842,32.31929919894948,600.0
hs118.bch,coconutbenchmark-library2,lsmear,both,timeout,618696,600.0001390000002,inf,664.8204499355431,600.0
hs118.bch,coconutbenchmark-library2,lsmear-box,both,timeout,620908,600.0001330000002,inf,664.8204499355431,600.0
hs118.bch,coconutbenchmark-library2,smearsumrel,both,timeout,690910,600.0037260000001,inf,664.8204499355431,600.0
hs118.bch,coconutbenchmark-library2,smearsum,both,timeout,523280,600.0004380000003,inf,664.8204499355435,600.0
hs118.bch,coconutbenchmark-library2,smearmax,both,timeout,603574,600.0032480000002,inf,664.8204499355427,600.0
hs118.bch,coconutbenchmark-library2,smearmaxrel,both,timeout,501474,600.0001410000002,inf,664.8183886672095,600.0
hs118.bch,coconutbenchmark-library2,largestfirst,both,timeout,375816,600.0034980000004,inf,664.6507420080317,600.0
hs118.bch,coconutbenchmark-library2,roundrobin,both,timeout,825010,600.0008870000001,inf,664.8204499355435,600.0
hs119.bch,coconutbenchmark-library2,lsmear,both,complete,606,6.1103260000000015,245.02579354043456,244.78101252790668,600.0
hs119.bch,coconutbenchmark-library2,lsmear-box,both,complete,766,6.8639420000000015,245.02522521683716,244.78044477206512,600.0
hs119.bch,coconutbenchmark-library2,smearsumrel,both,complete,716,8.758879000000002,244.91026855271642,244.66560294976668,600.0
hs119.bch,coconutbenchmark-library2,smearsum,both,complete,544,5.327988000000001,244.9274207504178,244.68273801240542,600.0
hs119.bch,coconutbenchmark-library2,smearmax,both,complete,576,5.952786000000002,244.9567544073278,244.71204236496285,600.0
hs119.bch,coconutbenchmark-library2,smearmaxrel,both,complete,1034,12.126436000000004,245.01602395581912,244.77125270311603,600.0
hs119.bch,coconutbenchmark-library2,largestfirst,both,timeout,144756,600.0058460000002,252.27123468118077,51.0625,600.0
hs119.bch,coconutbenchmark-library2,roundrobin,both,complete,878,8.798129000000001,244.92278677149523,244.67810866283241,600.0
hs21mod.bch,coconutbenchmark-library2,lsmear,both,complete,14,0.011028000000000005,-95.96,-95.96000000000001,600.0
hs21mod.bch,coconutbenchmark-library2,lsmear-box,both,complete,14,0.011025000000000002,-95.96,-95.96000000000001,600.0
hs21mod.bch,coconutbenchmark-library2,smearsumrel,both,complete,14,0.010507000000000004,-95.96,-95.96000000000001,600.0
hs21mod.bch,coconutbenchmark-library2,smearsum,both,complete,10,0.0073190000000000035,-95.94278663435102,-95.96000000000001,600.0
hs21mod.bch,coconutbenchmark-library2,smearmax,both,complete,10,0.007294000000000002,-95.94278663435102,-95.96000000000001,600.0
hs21mod.bch,coconutbenchmark-library2,smearmaxrel,both,complete,14,0.010530000000000001,-95.96,-95.96000000000001,600.0
hs21mod.bch,coconutbenchmark-library2,largestfirst,both,complete,64,0.05304500000000001,-95.95567090095341,-95.96000000000001,600.0
hs21mod.bch,coconutbenchmark-library2,roundrobin,both,complete,10,0.007780000000000002,-95.9370677171251,-95.96000000000001,600.0
hydro.bch,medium,lsmear,both,complete,284,2.954922000000001,4369387.002013583,4365021.98003355,600.0
hydro.bch,medium,lsmear-box,both,complete,284,2.9360240000000006,4369387.002013583,4365021.98003355,600.0
hydro.bch,medium,smearsumrel,both,complete,122,1.4317390000000005,4368266.691929216,4363902.789140076,600.0
hydro.bch,medium,smearsum,both,complete,350,3.440383000000001,4367591.211933294,4363227.9839493465,600.0
hydro.bch,medium,smearmax,both,complete,350,3.4553250000000006,4367591.211933294,4363227.9839493465,600.0
hydro.bch,medium,smearmaxrel,both,complete,244,2.0152600000000005,4370759.921683044,4366393.52815489,600.0
hydro.bch,medium,largestfirst,both,complete,1290,9.180536000000004,4369631.9973355,4365266.730604896,600.0
hydro.bch,medium,roundrobin,both,complete,280,2.583260000000001,4370499.5893444,4366133.455888513,600.0
immun.bch,medium,lsmear,both,complete,366,2.4245860000000006,3.5512769627949534e-10,0,600.0
immun.bch,medium,lsmear-box,both,complete,366,2.4402500000000007,3.5512769627949534e-10,0,600.0
immun.bch,medium,smearsumrel,both,complete,1502,10.477801000000005,4.55055841923361e-08,0,600.0
immun.bch,medium,smearsum,both,complete,3024,15.698106000000005,3.519161094947756e-08,0,600.0
immun.bch,medium,smearmax,both,complete,3172,18.208940000000005,9.540612367352783e-08,0,600.0
immun.bch,medium,smearmaxrel,both,complete,13236,72.87733200000002,3.254870260556351e-08,0,600.0
immun.bch,medium,largestfirst,both,timeout,967662,600.0005290000003,9409626384.54047,0,600.0
immun.bch,medium,roundrobin,both,complete,1574,9.875067000000001,0,0,600.0
launch.bch,medium,lsmear,both,complete,190,3.887087,2257.7978260891255,2255.5422838053205,600.0
launch.bch,medium,lsmear-box,both,complete,216,4.276646000000001,2257.7975573034932,2255.5420152882057,600.0
launch.bch,medium,smearsumrel,both,complete,232,5.263617000000003,2259.5114965676635,2257.7914169777246,600.0
launch.bch,medium,smearsum,both,complete,566,11.508979000000004,2257.8004346264124,2255.5448897366764,600.0
launch.bch,medium,smearmax,both,complete,254,5.554074000000002,2258.1570451926764,2255.9011440486283,600.0
launch.bch,medium,smearmaxrel,both,complete,502,10.610664000000003,2259.1487200577367,2257.309425332611,600.0
launch.bch,medium,largestfirst,both,complete,55592,524.6357280000002,2258.5308757196403,2256.2746011185222,600.0
launch.bch,medium,roundrobin,both,complete,2262,40.19864800000002,2259.3919627260257,2257.134827898128,600.0
launch__coconut.bch,coconutbenchmark-library2,lsmear,both,infeasible,0,2.000000000002e-06,inf,-inf,600.0
launch__coconut.bch,coconutbenchmark-library2,lsmear-box,both,infeasible,0,2.000000000002e-06,inf,-inf,600.0
launch__coconut.bch,coconutbenchmark-library2,smearsumrel,both,infeasible,0,1.999999999946489e-06,inf,-inf,600.0
launch__coconut.bch,coconutbenchmark-library2,smearsum,both,infeasible,0,2.000000000002e-06,inf,-inf,600.0
launch__coconut.bch,coconutbenchmark-library2,smearmax,both,infeasible,0,2.000000000002e-06,inf,-inf,600.0
launch__coconut.bch,coconutbenchmark-library2,smearmaxrel,both,infeasible,0,2.000000000002e-06,inf,-inf,600.0
launch__coconut.bch,coconutbenchmark-library2,largestfirst,both,infeasible,0,2.000000000002e-06,inf,-inf,600.0
launch__coconut.bch,coconutbenchmark-library2,roundrobin,both,infeasible,0,2.000000000002e-06,inf,-inf,600.0
least.bch,unsolved,lsmear,both,timeout,729160,600.0005370000002,14787.857797738947,0,600.0
least.bch,unsolved,lsmear-box,both,timeout,732656,600.0005880000002,14787.857797738947,0,600.0
least.bch,unsolved,smearsumrel,both,timeout,865362,600.0001460000002,14787.857797738947,0,600.0
least.bch,unsolved,smearsum,both,timeout,861376,600.0014620000001,14787.857797738947,0,600.0
least.bch,unsolved,smearmax,both,timeout,867038,600.0004870000001,14787.857797738947,0,600.0
least.bch,unsolved,smearmaxrel,both,timeout,865868,600.0009750000002,14787.857797738947,0,600.0
least.bch,unsolved,largestfirst,both,timeout,1138200,600.0006230000002,24674.892313584438,0,600.0
least.bch,unsolved,roundrobin,both,timeout,1146824,600.0010740000002,16307.471185291033,1548.6724327400968,600.0
like-1.bch,medium,lsmear,both,unbounded,2606,3.295966000000001,inf,-inf,600.0
like-1.bch,medium,lsmear-box,both,unbounded,2606,3.287568000000001,inf,-inf,600.0
like-1.bch,medium,smearsumrel,both,unbounded,2606,3.303058000000001,inf,-inf,600.0
like-1.bch,medium,smearsum,both,unbounded,2606,3.3028570000000013,inf,-inf,600.0
like-1.bch,medium,smearmax,both,unbounded,2606,3.3009040000000014,inf,-inf,600.0
like-1.bch,medium,smearmaxrel,both,unbounded,2606,3.3223310000000006,inf,-inf,600.0
like-1.bch,medium,largestfirst,both,unbounded,2606,3.218693000000001,inf,-inf,600.0
like-1.bch,medium,roundrobin,both,unbounded,2708,1.0743740000000004,1860.7819445436835,-inf,600.0
like.bch,medium,lsmear,both,unbounded,2638,3.337831000000001,inf,-inf,600.0
like.bch,medium,lsmear-box,both,unbounded,2638,3.384477000000001,inf,-inf,600.0
like.bch,medium,smearsumrel,both,unbounded,2638,3.345148000000001,inf,-inf,600.0
like.bch,medium,smearsum,both,unbounded,2638,3.381137000000001,inf,-inf,600.0
like.bch,medium,smearmax,both,unbounded,2638,3.3192410000000003,inf,-inf,600.0
like.bch,medium,smearmaxrel,both,unbounded,2638,3.349606000000001,inf,-inf,600.0
like.bch,medium,largestfirst,both,unbounded,2638,3.232095000000001,inf,-inf,600.0
like.bch,medium,roundrobin,both,unbounded,2722,1.6298710000000003,4594.391479275381,-inf,600.0
linear.bch,medium,lsmear,both,timeout,178806,600.0008920000002,90.44052974419894,71.34959293786187,600.0
linear.bch,medium,lsmear-box,both,timeout,103284,600.0008730000002,89.41387530896422,68.13588265013979,600.0
linear.bch,medium,smearsumrel,both,timeout,154790,600.0008590000002,89.07441907427044,87.69398041886929,600.0
linear.bch,medium,smearsum,both,timeout,130092,600.0008530000001,89.15935359278588,86.9215432731405,600.0
linear.bch,medium,smearmax,both,timeout,197714,600.0043150000002,89.51662157693823,85.38271972149543,600.0
linear.bch,medium,smearmaxrel,both,timeout,195542,600.0012950000003,89.15283345867994,86.30056593434837,600.0
linear.bch,medium,largestfirst,both,timeout,200244,600.0005930000002,154.29322555140425,1.919487762618775e-91,600.0
linear.bch,medium,roundrobin,both,timeout,250654,600.0027530000002,91.94825921845404,55.83771159744665,600.0
loadbal.bch,coconutbenchmark-library2,lsmear,both,timeout,1881912,600.0006320000001,0.6171134156612641,-inf,600.0
loadbal.bch,coconutbenchmark-library2,lsmear-box,both,timeout,1887178,600.0007280000003,0.6171134156612641,-inf,600.0
loadbal.bch,coconutbenchmark-library2,smearsumrel,both,timeout,1884814,600.0001000000002,0.6171134156612641,-inf,600.0
loadbal.bch,coconutbenchmark-library2,smearsum,both,timeout,1886068,600.0001120000001,0.6171134156612641,-inf,600.0
loadbal.bch,coconutbenchmark-library2,smearmax,both,timeout,1895960,600.0002340000003,0.6171134156612641,-inf,600.0
loadbal.bch,coconutbenchmark-library2,smearmaxrel,both,timeout,1873472,600.0000980000002,0.6171134156612641,-inf,600.0
loadbal.bch,coconutbenchmark-library2,largestfirst,both,timeout,2053940,600.0001730000001,0.6171134156612641,-inf,600.0
loadbal.bch,coconutbenchmark-library2,roundrobin,both,timeout,1229466,600.0000950000002,0.6312792673913341,-inf,600.0
lotschd.bch,coconutbenchmark-library2,lsmear,both,complete,2,0.012653999999999999,2398.415837407333,2396.019817589744,600.0
lotschd.bch,coconutbenchmark-library2,lsmear-box,both,complete,2,0.012598,2398.415837407333,2396.019817589744,600.0
lotschd.bch,coconutbenchmark-library2,smearsumrel,both,complete,2,0.015317999999999998,2398.415837407333,2396.019817589744,600.0
lotschd.bch,coconutbenchmark-library2,smearsum,both,complete,2,0.017994999999999997,2398.415837407333,2396.019817589744,600.0
lotschd.bch,coconutbenchmark-library2,smearmax,both,complete,2,0.018001999999999997,2398.415837407333,2396.019817589744,600.0
lotschd.bch,coconutbenchmark-library2,smearmaxrel,both,complete,2,0.016981999999999997,2398.415837407333,2396.019817589744,600.0
lotschd.bch,coconutbenchmark-library2,largestfirst,both,complete,2,0.009656000000000005,2398.415837407333,2396.019817589744,600.0
lotschd.bch,coconutbenchmark-library2,roundrobin,both,complete,2,0.009544000000000004,2398.415837407333,2396.019817589744,600.0
m4wd.bch,easy,lsmear,both,complete,238,0.3953910000000001,0.029324806469714842,0.02929551095875609,600.0
m4wd.bch,easy,lsmear-box,both,complete,204,0.34255600000000014,0.02931120342568654,0.029281921504182358,600.0
m4wd.bch,easy,smearsumrel,both,complete,186,0.28930000000000006,0.029312180940168887,0.029282898042126762,600.0
m4wd.bch,easy,smearsum,both,complete,494,0.7046180000000002,0.029334977137683092,0.02930567146621688,600.0
m4wd.bch,easy,smearmax,both,complete,536,0.7728290000000003,0.029325165000512198,0.02929586913138082,600.0
m4wd.bch,easy,smearmaxrel,both,complete,208,0.3109110000000001,0.02931905978512195,0.029289770015106846,600.0
m4wd.bch,easy,largestfirst,both,timeout,560496,600.0001210000001,0.029310858435914598,0.029170000320636248,600.0
m4wd.bch,easy,roundrobin,both,complete,278,0.4394310000000001,0.02933033173965584,0.029301030708946896,600.0
makela3.bch,coconutbenchmark-library2,lsmear,both,complete,3062,1.8589690000000003,1.9090181766298808e-08,0,600.0
makela3.bch,coconutbenchmark-library2,lsmear-box,both,complete,3062,1.8535600000000003,1.9090181766298808e-08,0,600.0
makela3.bch,coconutbenchmark-library2,smearsumrel,both,complete,3062,1.7491350000000006,1.9090181766298808e-08,0,600.0
makela3.bch,coconutbenchmark-library2,smearsum,both,complete,3062,1.7803720000000003,1.9090181766298808e-08,0,600.0
makela3.bch,coconutbenchmark-library2,smearmax,both,complete,18450,25.618898000000005,3.743818624504811e-08,0,600.0
makela3.bch,coconutbenchmark-library2,smearmaxrel,both,complete,18472,25.83129200000001,8.870741579281717e-09,0,600.0
makela3.bch,coconutbenchmark-library2,largestfirst,both,complete,32952,29.355483000000007,4.514926293676334e-08,0,600.0
makela3.bch,coconutbenchmark-library2,roundrobin,both,complete,11266,15.938851000000005,9.806998895670037e-08,0,600.0
makela4.bch,coconutbenchmark-library2,lsmear,both,complete,0,2.000000000002e-06,1e-09,-9.899999999999997e-08,600.0
makela4.bch,coconutbenchmark-library2,lsmear-box,both,complete,0,2.000000000002e-06,1e-09,-9.899999999999997e-08,600.0
makela4.bch,coconutbenchmark-library2,smearsumrel,both,complete,0,1.000000000001e-06,1e-09,-9.899999999999997e-08,600.0
makela4.bch,coconutbenchmark-library2,smearsum,both,complete,0,1.000000000001e-06,1e-09,-9.899999999999997e-08,600.0
makela4.bch,coconutbenchmark-library2,smearmax,both,complete,0,1.000000000001e-06,1e-09,-9.899999999999997e-08,600.0
makela4.bch,coconutbenchmark-library2,smearmaxrel,both,complete,0,1.000000000001e-06,1e-09,-9.899999999999997e-08,600.0
makela4.bch,coconutbenchmark-library2,largestfirst,both,complete,0,3.0000000000030003e-06,1e-09,-9.899999999999997e-08,600.0
makela4.bch,coconutbenchmark-library2,roundrobin,both,complete,0,1.000000000001e-06,1e-09,-9.899999999999997e-08,600.0
matrix2.bch,coconutbenchmark-library2,lsmear,both,complete,5498,1.8835310000000005,2.582708983903547e-08,0,600.0
matrix2.bch,coconutbenchmark-library2,lsmear-box,both,complete,5498,1.8692990000000005,2.582708983903547e-08,0,600.0
matrix2.bch,coconutbenchmark-library2,smearsumrel,both,complete,5526,1.6519420000000005,6.965983728936396e-08,0,600.0
matrix2.bch,coconutbenchmark-library2,smearsum,both,complete,6038,1.7909330000000006,6.849206501964576e-08,0,600.0
matrix2.bch,coconutbenchmark-library2,smearmax,both,complete,6390,1.7681590000000007,5.241815441388804e-08,0,600.0
matrix2.bch,coconutbenchmark-library2,smearmaxrel,both,complete,5088,1.6057260000000004,3.771134912058551e-08,0,600.0
matrix2.bch,coconutbenchmark-library2,largestfirst,both,complete,3294,0.8547980000000002,6.703282648333262e-09,0,600.0
matrix2.bch,coconutbenchmark-library2,roundrobin,both,complete,3136,1.2632950000000005,7.547395367807967e-09,0,600.0
mconcon.bch,coconutbenchmark-library2,lsmear,both,timeout,161962,600.0015050000002,inf,-24222272.90114686,600.0
mconcon.bch,coconutbenchmark-library2,lsmear-box,both,timeout,195904,600.0028940000002,inf,-24222272.90114686,600.0
mconcon.bch,coconutbenchmark-library2,smearsumrel,both,timeout,257344,600.0087710000001,inf,-24222272.90114686,600.0
mconcon.bch,coconutbenchmark-library2,smearsum,both,timeout,199314,600.0061910000003,inf,-24222272.90114686,600.0
mconcon.bch,coconutbenchmark-library2,smearmax,both,timeout,181796,600.0002310000002,inf,-24222272.90114686,600.0
mconcon.bch,coconutbenchmark-library2,smearmaxrel,both,timeout,260946,600.0023870000002,inf,-24222272.90114686,600.0
mconcon.bch,coconutbenchmark-library2,largestfirst,both,timeout,254272,600.0026110000002,inf,-24222272.90114686,600.0
mconcon.bch,coconutbenchmark-library2,roundrobin,both,timeout,293588,600.0017000000001,inf,-983392.3370370785,600.0
meanvar.bch,medium,lsmear,both,complete,618,1.5960850000000002,5.2446367297391845,5.239397332406779,600.0
meanvar.bch,medium,lsmear-box,both,complete,618,1.5933790000000005,5.2446367297391845,5.239397332406779,600.0
meanvar.bch,medium,smearsumrel,both,complete,576,1.5491560000000004,5.243795343263435,5.238556786476959,600.0
meanvar.bch,medium,smearsum,both,complete,532,1.4447260000000006,5.244023466794541,5.2387846821124295,600.0
meanvar.bch,medium,smearmax,both,complete,542,1.4099900000000003,5.243888081802949,5.23864943237058,600.0
meanvar.bch,medium,smearmaxrel,both,complete,590,1.5084730000000006,5.243761003410164,5.238522480929236,600.0
meanvar.bch,medium,largestfirst,both,timeout,421022,600.0050550000003,5.24348858214821,0,600.0
meanvar.bch,medium,roundrobin,both,complete,692,1.7284570000000004,5.243594430274667,5.238356074200468,600.0
minlphi.bch,blowup,lsmear,both,timeout,71076,600.0007240000002,inf,-inf,600.0
minlphi.bch,blowup,lsmear-box,both,timeout,75930,600.0170060000002,inf,-inf,600.0
minlphi.bch,blowup,smearsumrel,both,timeout,112060,600.0120180000004,inf,-inf,600.0
minlphi.bch,blowup,smearsum,both,timeout,85800,600.0105080000001,inf,-inf,600.0
minlphi.bch,blowup,smearmax,both,timeout,79316,600.0009610000002,inf,-inf,600.0
minlphi.bch,blowup,smearmaxrel,both,timeout,108962,600.0258210000002,inf,-inf,600.0
minlphi.bch,blowup,largestfirst,both,timeout,105896,600.0059460000002,inf,-inf,600.0
minlphi.bch,blowup,roundrobin,both,timeout,93180,600.0083270000002,inf,582.2361185005353,600.0
minlphi1.bch,blowup,lsmear,both,timeout,118758,600.0076230000003,inf,-inf,600.0
minlphi1.bch,blowup,lsmear-box,both,timeout,113618,600.0012890000002,inf,-inf,600.0
minlphi1.bch,blowup,smearsumrel,both,timeout,188140,600.0007810000002,inf,-inf,600.0
minlphi1.bch,blowup,smearsum,both,timeout,137300,600.0150960000002,inf,-inf,600.0
minlphi1.bch,blowup,smearmax,both,timeout,130316,600.0046100000003,inf,-inf,600.0
minlphi1.bch,blowup,smearmaxrel,both,timeout,191774,600.0030980000001,inf,-inf,600.0
minlphi1.bch,blowup,largestfirst,both,timeout,180470,600.0017170000002,inf,-inf,600.0
minlphi1.bch,blowup,roundrobin,both,timeout,154236,600.0048380000002,inf,582.2360659314796,600.0
mistake.bch,coconutbenchmark-library2,lsmear,both,timeout,181018,600.0064660000002,-0.9999267767745113,-1.002722602230996,600.0
mistake.bch,coconutbenchmark-library2,lsmear-box,both,timeout,180042,600.0022770000003,-0.9999168192148397,-1.0025296177933352,600.0
mistake.bch,coconutbenchmark-library2,smearsumrel,both,timeout,182024,600.0006920000002,-0.9997659987878119,-1.1792371153260113,600.0
mistake.bch,coconutbenchmark-library2,smearsum,both,timeout,167322,600.0059400000002,-0.9999426936496446,-1.0024821140202433,600.0
mistake.bch,coconutbenchmark-library2,smearmax,both,timeout,168354,600.0041770000003,-0.9999282991912134,-1.0026302189473608,600.0
mistake.bch,coconutbenchmark-library2,smearmaxrel,both,timeout,68236,600.0613110000003,-0.9064736803590743,-318315482.364223,600.0
mistake.bch,coconutbenchmark-library2,largestfirst,both,timeout,156924,600.0036930000001,-0.5582246330644312,-1812431017.2137113,600.0
mistake.bch,coconutbenchmark-library2,roundrobin,both,timeout,179084,600.0026640000001,-0.9999166389335793,-1.0035574793633484,600.0
modele_opti.bch,coconutbenchmark-library2,lsmear,both,timeout,3834466,600.0002270000002,-79289.06037566232,-inf,600.0
modele_opti.bch,coconutbenchmark-library2,lsmear-box,both,timeout,3834996,600.0003430000003,-34303.49827413552,-inf,600.0
modele_opti.bch,coconutbenchmark-library2,smearsumrel,both,timeout,3780428,600.0001230000001,-78931.22940943211,-inf,600.0
modele_opti.bch,coconutbenchmark-library2,smearsum,both,timeout,3795348,600.0000810000003,-79296.34599589418,-inf,600.0
modele_opti.bch,coconutbenchmark-library2,smearmax,both,timeout,3723244,600.0002030000002,-77993.0359021695,-inf,600.0
modele_opti.bch,coconutbenchmark-library2,smearmaxrel,both,timeout,3809430,600.0000580000003,-78931.22940943211,-inf,600.0
modele_opti.bch,coconutbenchmark-library2,largestfirst,both,timeout,4216366,600.0000600000003,-79301.04114365696,-inf,600.0
modele_opti.bch,coconutbenchmark-library2,roundrobin,both,unbounded,790,1.3625490000000005,inf,-inf,600.0
odfits.bch,coconutbenchmark-library2,lsmear,both,complete,3660,8.350397000000003,-2379.7777513034575,-2382.159911214672,600.0
odfits.bch,coconutbenchmark-library2,lsmear-box,both,complete,4958,8.873260000000002,-2379.773099893651,-2382.1552551487994,600.0
odfits.bch,coconutbenchmark-library2,smearsumrel,both,timeout,355774,600.0066210000001,-2379.6849935146292,-2575.099100202904,600.0
odfits.bch,coconutbenchmark-library2,smearsum,both,complete,3302,7.386183000000002,-2379.77132376997,-2382.153477247217,600.0
odfits.bch,coconutbenchmark-library2,smearmax,both,complete,3386,7.719973000000001,-2379.9865226321176,-2382.3688915236407,600.0
odfits.bch,coconutbenchmark-library2,smearmaxrel,both,timeout,361660,600.0030180000002,-2267.139055977627,-44645354.680355534,600.0
odfits.bch,coconutbenchmark-library2,largestfirst,both,timeout,307180,600.0033300000001,-1635.1629004469999,-96205708.09323399,600.0
odfits.bch,coconutbenchmark-library2,roundrobin,both,complete,37902,54.816851000000014,-2379.7696151807663,-2382.1517669477134,600.0
optcntrl.bch,coconutbenchmark-library2,lsmear,both,complete,0,1.000000000001e-06,549.9999905803837,549.4505400403435,600.0
optcntrl.bch,coconutbenchmark-library2,lsmear-box,both,complete,0,2.000000000002e-06,549.9999905803837,549.4505400403435,600.0
optcntrl.bch,coconutbenchmark-library2,smearsumrel,both,complete,0,2.000000000002e-06,549.9999905803837,549.4505400403435,600.0
optcntrl.bch,coconutbenchmark-library2,smearsum,both,complete,0,2.000000000002e-06,549.9999905803837,549.4505400403435,600.0
optcntrl.bch,coconutbenchmark-library2,smearmax,both,complete,0,2.000000000002e-06,549.9999905803837,549.4505400403435,600.0
optcntrl.bch,coconutbenchmark-library2,smearmaxrel,both,complete,0,2.000000000002e-06,549.9999905803837,549.4505400403435,600.0
optcntrl.bch,coconutbenchmark-library2,largestfirst,both,complete,0,2.000000000002e-06,549.9999905803837,549.4505400403435,600.0
optcntrl.bch,coconutbenchmark-library2,roundrobin,both,complete,0,1.000000000001e-06,549.9999905803837,549.4505400403435,600.0
optmass.bch,coconutbenchmark-library2,lsmear,both,timeout,16458,600.0676690000001,-0.1715227913114933,-0.5890951404366462,600.0
optmass.bch,coconutbenchmark-library2,lsmear-box,both,timeout,16332,600.0270120000002,-0.1715227913114933,-0.5890951404366462,600.0
optmass.bch,coconutbenchmark-library2,smearsumrel,both,timeout,15078,600.0087760000002,-0.17631543245256978,-0.58936295146364,600.0
optmass.bch,coconutbenchmark-library2,smearsum,both,timeout,11918,600.0279400000003,-0.1815597162444977,-0.5213951120706285,600.0
optmass.bch,coconutbenchmark-library2,smearmax,both,timeout,13160,600.0328380000002,-0.18712750460437733,-0.543165368025062,600.0
optmass.bch,coconutbenchmark-library2,smearmaxrel,both,timeout,19920,600.0292790000002,-0.17599098761143753,-0.5944301196915502,600.0
optmass.bch,coconutbenchmark-library2,largestfirst,both,timeout,21318,600.0118140000003,-0.17437944844485556,-0.6396542848099142,600.0
optmass.bch,coconutbenchmark-library2,roundrobin,both,timeout,18444,600.0861820000002,-0.16647570377016652,-0.5437803597430623,600.0
optprloc.bch,coconutbenchmark-library2,lsmear,both,complete,8,0.18565100000000012,-16.41964536655185,-16.422135011726652,600.0
optprloc.bch,coconutbenchmark-library2,lsmear-box,both,complete,8,0.18678700000000015,-16.41964536655185,-16.422135011726652,600.0
optprloc.bch,coconutbenchmark-library2,smearsumrel,both,complete,8,0.29229200000000005,-16.406556052966305,-16.4229790319983,600.0
optprloc.bch,coconutbenchmark-library2,smearsum,both,complete,8,0.32776000000000005,-16.406556052966305,-16.4229790319983,600.0
optprloc.bch,coconutbenchmark-library2,smearmax,both,complete,10,0.41858400000000007,-16.415216767892517,-16.420696366552807,600.0
optprloc.bch,coconutbenchmark-library2,smearmaxrel,both,complete,12,0.5822050000000004,-16.41775161851485,-16.421212922683342,600.0
optprloc.bch,coconutbenchmark-library2,largestfirst,both,complete,10,0.1975300000000001,-16.40707463987161,-16.4202156906456,600.0
optprloc.bch,coconutbenchmark-library2,roundrobin,both,complete,12,0.26652000000000003,-16.415188106752016,-16.422714765139855,600.0
orthregb.bch,coconutbenchmark-library2,lsmear,both,timeout,90220,600.0047940000002,inf,-15600000912,600.0
orthregb.bch,coconutbenchmark-library2,lsmear-box,both,timeout,86320,600.0020740000002,inf,-15600000912,600.0
orthregb.bch,coconutbenchmark-library2,smearsumrel,both,timeout,89186,600.0044530000002,inf,-15600000912,600.0
orthregb.bch,coconutbenchmark-library2,smearsum,both,timeout,89348,600.0061280000002,inf,-15600000912,600.0
orthregb.bch,coconutbenchmark-library2,smearmax,both,timeout,72700,600.0305260000002,inf,-15600000912,600.0
orthregb.bch,coconutbenchmark-library2,smearmaxrel,both,timeout,74956,600.0003110000002,inf,-15600000912,600.0
orthregb.bch,coconutbenchmark-library2,largestfirst,both,timeout,73954,600.0014570000002,inf,-15600000912,600.0
orthregb.bch,coconutbenchmark-library2,roundrobin,both,timeout,74714,600.0098130000001,inf,-15600000912,600.0
orthrege.bch,coconutbenchmark-library2,lsmear,both,timeout,61250,600.0101840000002,2.1257753893414733e+17,-2.9640000000000006e+17,600.0
orthrege.bch,coconutbenchmark-library2,lsmear-box,both,timeout,61762,600.0105910000001,2.1235001810334826e+17,-2.9640000000000006e+17,600.0
orthrege.bch,coconutbenchmark-library2,smearsumrel,both,timeout,65636,600.0062120000001,2.1235001810334826e+17,-2.9640000000000006e+17,600.0
orthrege.bch,coconutbenchmark-library2,smearsum,both,timeout,43098,600.0263350000002,inf,-14156040316.668798,600.0
orthrege.bch,coconutbenchmark-library2,smearmax,both,timeout,86936,600.0057090000003,17.721134688952112,-2.7000000012022896e+17,600.0
orthrege.bch,coconutbenchmark-library2,smearmaxrel,both,timeout,24728,600.1293900000004,inf,-14156040316.668798,600.0
orthrege.bch,coconutbenchmark-library2,largestfirst,both,timeout,99648,600.0034400000002,inf,-2.8640000000000003e+17,600.0
orthrege.bch,coconutbenchmark-library2,roundrobin,both,timeout,50146,600.0136150000002,441.87255596419203,-2.1000000135191747e+17,600.0
pentagon.bch,coconutbenchmark-library2,lsmear,both,timeout,722640,600.0015460000001,0.00013890717162643972,7.235651560178256e-08,600.0
pentagon.bch,coconutbenchmark-library2,lsmear-box,both,timeout,714738,600.0009550000002,0.00013893501350415154,7.235651560115643e-08,600.0
pentagon.bch,coconutbenchmark-library2,smearsumrel,both,timeout,726974,600.0015250000001,0.0001378856661395854,7.235651560108259e-08,600.0
pentagon.bch,coconutbenchmark-library2,smearsum,both,timeout,728108,600.0003960000001,0.0001378583693839096,7.23565156010556e-08,600.0
pentagon.bch,coconutbenchmark-library2,smearmax,both,timeout,721860,600.0010810000002,0.0001388704994903153,7.235651560127346e-08,600.0
pentagon.bch,coconutbenchmark-library2,smearmaxrel,both,timeout,727898,600.0012540000001,0.00013784326273719462,7.235651560106222e-08,600.0
pentagon.bch,coconutbenchmark-library2,largestfirst,both,timeout,810720,600.0001870000002,0.00013958244344778776,7.23565156010059e-08,600.0
pentagon.bch,coconutbenchmark-library2,roundrobin,both,complete,14976,18.110189000000005,0.0001365229672902331,0.0001363865807095236,600.0
polak1.bch,coconutbenchmark-library2,lsmear,both,complete,4406,0.9408040000000002,2.718281829459046,2.715566263195851,600.0
polak1.bch,coconutbenchmark-library2,lsmear-box,both,complete,4406,0.9626950000000003,2.718281829459046,2.715566263195851,600.0
polak1.bch,coconutbenchmark-library2,smearsumrel,both,complete,4406,0.9386300000000002,2.718281829459046,2.715566263195851,600.0
polak1.bch,coconutbenchmark-library2,smearsum,both,complete,4406,0.9392820000000002,2.718281829459046,2.715566263195851,600.0
polak1.bch,coconutbenchmark-library2,smearmax,both,complete,4406,0.9444760000000002,2.718281829459046,2.715566263195851,600.0
polak1.bch,coconutbenchmark-library2,smearmaxrel,both,complete,4406,0.9419300000000003,2.718281829459046,2.715566263195851,600.0
polak1.bch,coconutbenchmark-library2,largestfirst,both,complete,4406,0.7083720000000002,2.718281829459046,2.715566263195851,600.0
polak1.bch,coconutbenchmark-library2,roundrobin,both,complete,10,0.001127,1.7976931348623157e+308,1.7958972376246913e+308,600.0
polak2.bch,coconutbenchmark-library2,lsmear,both,complete,22104,1.7632110000000005,54.59815003414477,54.54360642771706,600.0
polak2.bch,coconutbenchmark-library2,lsmear-box,both,complete,22104,1.7659120000000006,54.59815003414477,54.54360642771706,600.0
polak2.bch,coconutbenchmark-library2,smearsumrel,both,complete,22104,1.7565600000000003,54.59815003414477,54.54360642771706,600.0
polak2.bch,coconutbenchmark-library2,smearsum,both,complete,22104,1.7602500000000005,54.59815003414477,54.54360642771706,600.0
polak2.bch,coconutbenchmark-library2,smearmax,both,complete,22104,1.7631170000000007,54.59815003414477,54.54360642771706,600.0
polak2.bch,coconutbenchmark-library2,smearmaxrel,both,complete,22104,1.7665490000000006,54.59815003414477,54.54360642771706,600.0
polak2.bch,coconutbenchmark-library2,largestfirst,both,complete,22104,1.5305470000000003,54.59815003414477,54.54360642771706,600.0
polak2.bch,coconutbenchmark-library2,roundrobin,both,complete,42,0.013144000000000003,1.7976931348623157e+308,1.7958972376246913e+308,600.0
polak3.bch,coconutbenchmark-library2,lsmear,both,timeout,1674440,600.0006070000002,5.937108491649096,2.6895578633467414,600.0
polak3.bch,coconutbenchmark-library2,lsmear-box,both,timeout,1695202,600.0006000000002,5.937108491649096,2.6895578633467414,600.0
polak3.bch,coconutbenchmark-library2,smearsumrel,both,timeout,1697798,600.0004770000003,5.937108491649096,2.6895578633467414,600.0
polak3.bch,coconutbenchmark-library2,smearsum,both,timeout,1695118,600.0003580000002,5.937108491649096,2.6895578633467414,600.0
polak3.bch,coconutbenchmark-library2,smearmax,both,timeout,1697380,600.0004120000002,5.937108491649096,2.6895578633467414,600.0
polak3.bch,coconutbenchmark-library2,smearmaxrel,both,timeout,1696862,600.0001660000001,5.937108491649096,2.6895578633467414,600.0
polak3.bch,coconutbenchmark-library2,largestfirst,both,timeout,1930330,600.0001080000002,5.937108491649096,2.689557863346742,600.0
polak3.bch,coconutbenchmark-library2,roundrobin,both,timeout,67622,600.0085310000002,5.941420293440565,5.809193671160655,600.0
polak4.bch,coconutbenchmark-library2,lsmear,both,complete,3224,0.09712100000000003,1.0000004158072788e-09,0,600.0
polak4.bch,coconutbenchmark-library2,lsmear-box,both,complete,3224,0.09990000000000004,1.0000004158072788e-09,0,600.0
polak4.bch,coconutbenchmark-library2,smearsumrel,both,complete,3224,0.09577400000000003,1.0000004158072788e-09,0,600.0
polak4.bch,coconutbenchmark-library2,smearsum,both,complete,3236,0.10316900000000002,1.0000004158072788e-09,0,600.0
polak4.bch,coconutbenchmark-library2,smearmax,both,complete,3236,0.09895000000000002,1.0000004158072788e-09,0,600.0
polak4.bch,coconutbenchmark-library2,smearmaxrel,both,complete,3224,0.09499400000000002,1.0000004158072788e-09,0,600.0
polak4.bch,coconutbenchmark-library2,largestfirst,both,complete,3198,0.08828300000000001,1.0000004158072788e-09,0,600.0
polak4.bch,coconutbenchmark-library2,roundrobin,both,complete,1270,0.38514800000000016,1.0114846737963035e-09,-9.898851532620368e-08,600.0
polak5.bch,coconutbenchmark-library2,lsmear,both,complete,4344,0.24880600000000005,50.000000001000295,49.95004995104925,600.0
polak5.bch,coconutbenchmark-library2,lsmear-box,both,complete,4344,0.24635200000000007,50.000000001000295,49.95004995104925,600.0
polak5.bch,coconutbenchmark-library2,smearsumrel,both,complete,4344,0.24007700000000007,50.000000001000295,49.95004995104925,600.0
polak5.bch,coconutbenchmark-library2,smearsum,both,complete,4330,0.23779500000000006,50.000000001,49.95004995104895,600.0
polak5.bch,coconutbenchmark-library2,smearmax,both,complete,4330,0.24957400000000005,50.000000001,49.95004995104895,600.0
polak5.bch,coconutbenchmark-library2,smearmaxrel,both,complete,4330,0.23354200000000006,50.000000001,49.95004995104895,600.0
polak5.bch,coconutbenchmark-library2,largestfirst,both,complete,4332,0.19873700000000002,50.01517945992394,49.96521424567827,600.0
polak5.bch,coconutbenchmark-library2,roundrobin,both,complete,300,0.06516200000000001,50.000000001,49.95004995104895,600.0
polak6.bch,coconutbenchmark-library2,lsmear,both,timeout,410060,600.0020720000002,116376,-100000000,600.0
polak6.bch,coconutbenchmark-library2,lsmear-box,both,timeout,417188,600.0014030000002,116376,-100000000,600.0
polak6.bch,coconutbenchmark-library2,smearsumrel,both,timeout,423848,600.0005690000003,116376,-100000000,600.0
polak6.bch,coconutbenchmark-library2,smearsum,both,timeout,433032,600.0005230000002,95894.1764717102,-100000000,600.0
polak6.bch,coconutbenchmark-library2,smearmax,both,timeout,470892,600.0020220000001,78503.1986674969,-100000000,600.0
polak6.bch,coconutbenchmark-library2,smearmaxrel,both,timeout,416236,600.0005340000001,83376.31531302744,-100000000,600.0
polak6.bch,coconutbenchmark-library2,largestfirst,both,timeout,512744,600.0001290000002,247744,-100000000,600.0
polak6.bch,coconutbenchmark-library2,roundrobin,both,timeout,561854,600.0031430000001,inf,-100000000,600.0
pollut.bch,unsolved,lsmear,both,timeout,36924,600.0134210000002,-5353167.0906362245,-5407677.5040377285,600.0
pollut.bch,unsolved,lsmear-box,both,timeout,36630,600.0221940000001,-5353167.0906362245,-5423194.965304717,600.0
pollut.bch,unsolved,smearsumrel,both,timeout,42408,600.0095620000003,-5353266.921053725,-5518109.660663296,600.0
pollut.bch,unsolved,smearsum,both,timeout,38922,600.0321100000001,-5353266.921053724,-5455847.450038529,600.0
pollut.bch,unsolved,smearmax,both,timeout,37952,600.0048530000003,-5353167.0906362245,-5452818.566709378,600.0
pollut.bch,unsolved,smearmaxrel,both,timeout,45074,600.0298750000003,-5353211.467757493,-5559580.877493036,600.0
pollut.bch,unsolved,largestfirst,both,timeout,66944,600.0193250000002,-5353167.0906362245,-5854349.678094037,600.0
pollut.bch,unsolved,roundrobin,both,timeout,43334,600.0256850000003,-5353167.0906362245,-5627462.286375595,600.0
polygon25.bch,others,lsmear,both,timeout,8124,600.1120010000002,inf,-7.1875,600.0
polygon25.bch,others,lsmear-box,both,timeout,11326,600.0094620000001,inf,-7.911588983190471,600.0
polygon25.bch,others,smearsumrel,both,timeout,13774,600.0026060000002,-0.7301028114866885,-10.487436867076477,600.0
polygon25.bch,others,smearsum,both,timeout,12182,600.0540600000002,-0.7449858074147001,-11.250000000000021,600.0
polygon25.bch,others,smearmax,both,timeout,7842,600.1623290000002,inf,-8.594220851487849,600.0
polygon25.bch,others,smearmaxrel,both,timeout,20200,600.0384680000003,inf,-11.5,600.0
polygon25.bch,others,largestfirst,both,timeout,26370,600.0253450000002,inf,-11.5,600.0
polygon25.bch,others,roundrobin,both,timeout,10848,600.0390480000001,-0.5762167968040511,-11,600.0
portfl1.bch,coconutbenchmark-library2,lsmear,both,timeout,77022,600.0051840000001,0.020570592092606286,0.008402866052655571,600.0
portfl1.bch,coconutbenchmark-library2,lsmear-box,both,timeout,77950,600.0025140000001,0.020570592092606286,0.008416949259131267,600.0
portfl1.bch,coconutbenchmark-library2,smearsumrel,both,timeout,80282,600.0031720000003,0.020653620544612502,0.006859984772776161,600.0
portfl1.bch,coconutbenchmark-library2,smearsum,both,timeout,79318,600.0105670000003,0.020653620544612505,0.006423612672206856,600.0
portfl1.bch,coconutbenchmark-library2,smearmax,both,timeout,81974,600.0098810000002,0.02066295466544839,0.0063966442941536155,600.0
portfl1.bch,coconutbenchmark-library2,smearmaxrel,both,timeout,79790,600.0147450000003,0.02067105721215503,0.007572895835111839,600.0
portfl1.bch,coconutbenchmark-library2,largestfirst,both,timeout,112698,600.0073540000002,0.025234249417192236,0.0007547679850676925,600.0
portfl1.bch,coconutbenchmark-library2,roundrobin,both,timeout,84632,600.0015100000003,0.020612232351219915,0.009038563218277288,600.0
pressure-vessel.bch,easy,lsmear,both,complete,8,0.007341000000000002,3085.3100485887526,3082.227820767985,600.0
pressure-vessel.bch,easy,lsmear-box,both,complete,8,0.006466000000000001,3085.3100485887526,3082.227820767985,600.0
pressure-vessel.bch,easy,smearsumrel,both,complete,8,0.005777000000000001,3085.3100485887526,3082.227820767985,600.0
pressure-vessel.bch,easy,smearsum,both,complete,10,0.005203000000000001,3085.6538837163525,3082.571312403949,600.0
pressure-vessel.bch,easy,smearmax,both,complete,10,0.005191000000000002,3085.6538837163525,3082.571312403949,600.0
pressure-vessel.bch,easy,smearmaxrel,both,complete,8,0.005939000000000003,3085.3100485887526,3082.227820767985,600.0
pressure-vessel.bch,easy,largestfirst,both,complete,10,0.006305000000000001,3085.8296343090115,3082.74688742159,600.0
pressure-vessel.bch,easy,roundrobin,both,complete,10,0.007766000000000003,3084.7193998290186,3081.6377620669523,600.0
process.bch,easy,lsmear,both,complete,96,0.3745740000000001,-1161.3347678607342,-1162.49726512586,600.0
process.bch,easy,lsmear-box,both,complete,160,0.6433050000000002,-1161.3333528271469,-1162.4958486758226,600.0
process.bch,easy,smearsumrel,both,complete,164,0.5193350000000001,-1161.3095187682593,-1162.4719907590181,600.0
process.bch,easy,smearsum,both,complete,196,0.6740440000000002,-1161.0082456079763,-1162.1704160240001,600.0
process.bch,easy,smearmax,both,complete,184,0.6482990000000003,-1161.3306096592596,-1162.4931027620214,600.0
process.bch,easy,smearmaxrel,both,complete,746,1.2981950000000004,-1161.3175668389222,-1162.4800468858077,600.0
process.bch,easy,largestfirst,both,complete,950,3.281970000000001,-1161.3071811896552,-1161.383009669094,600.0
process.bch,easy,roundrobin,both,complete,200,0.6633470000000002,-1161.2865801627613,-1162.449029191953,600.0
prolog.bch,unsolved,lsmear,both,timeout,22972,600.0426730000001,2.6034103939309716e-06,-389203.27307214926,600.0
prolog.bch,unsolved,lsmear-box,both,timeout,22104,600.0359630000002,2.6034103939309716e-06,-389203.27307214926,600.0
prolog.bch,unsolved,smearsumrel,both,timeout,40880,600.0129870000002,8.00132766587194,-284556.0745432596,600.0
prolog.bch,unsolved,smearsum,both,timeout,26478,600.0281810000002,8.626841008663177e-06,-692787.3051291027,600.0
prolog.bch,unsolved,smearmax,both,timeout,27180,600.0198920000003,1.7069745808839798e-05,-851747.1650899667,600.0
prolog.bch,unsolved,smearmaxrel,both,timeout,43812,600.0144930000001,246.56602212693542,-944487.4948854357,600.0
prolog.bch,unsolved,largestfirst,both,timeout,58558,600.0082740000001,192.89145512133837,-91278281.97936301,600.0
prolog.bch,unsolved,roundrobin,both,timeout,41704,600.0508120000002,42.588692489381344,-22072933.375139832,600.0
qp1-1.bch,unsolved,lsmear,both,timeout,6368,600.0127520000003,0.021909507821595935,-4.419244624363589,600.0
qp1-1.bch,unsolved,lsmear-box,both,timeout,6442,600.2657470000001,0.021909507821595935,-4.419244624363589,600.0
qp1-1.bch,unsolved,smearsumrel,both,timeout,5314,600.0306000000003,0.029832293914848273,-6.69070807315795,600.0
qp1-1.bch,unsolved,smearsum,both,timeout,5138,600.0596470000003,0.04803681586422749,-4.923092368848437,600.0
qp1-1.bch,unsolved,smearmax,both,timeout,5982,600.0688610000002,0.021567757252913173,-4.404208250237715,600.0
qp1-1.bch,unsolved,smearmaxrel,both,timeout,5158,600.0090820000001,0.03660841491007217,-4.949470797270001,600.0
qp1-1.bch,unsolved,largestfirst,both,timeout,8284,600.0882540000001,0.005346396393925825,-37.91839500734825,600.0
qp1-1.bch,unsolved,roundrobin,both,timeout,6218,600.0455930000003,0.016978525782316723,-5.068837014649583,600.0
qp1.bch,unsolved,lsmear,both,timeout,6144,600.2062070000003,0.023045820235433872,-4.417008978752458,600.0
qp1.bch,unsolved,lsmear-box,both,timeout,6292,600.2668980000002,0.023045820235433872,-4.417008978752458,600.0
qp1.bch,unsolved,smearsumrel,both,timeout,5160,600.0745050000002,0.024657853642102236,-7.028082120977289,600.0
qp1.bch,unsolved,smearsum,both,timeout,5282,600.1747470000003,0.02048735656456592,-4.930460384314098,600.0
qp1.bch,unsolved,smearmax,both,timeout,5412,600.1662020000003,0.03448273298137014,-4.936676116234091,600.0
qp1.bch,unsolved,smearmaxrel,both,timeout,5136,600.0318120000002,0.061646258521700345,-4.949470861848233,600.0
qp1.bch,unsolved,largestfirst,both,timeout,8040,600.0984940000002,0.010404684346814226,-37.91839527294971,600.0
qp1.bch,unsolved,roundrobin,both,timeout,6044,600.0742980000002,0.016978525458446726,-4.917304918450398,600.0
qp2.bch,unsolved,lsmear,both,timeout,10716,600.0245420000002,0.01830489303239252,-4.460285483899816,600.0
qp2.bch,unsolved,lsmear-box,both,timeout,10724,600.0528190000002,0.01830489303239252,-4.460285483899816,600.0
qp2.bch,unsolved,smearsumrel,both,timeout,9354,600.0934390000003,0.021564866722520403,-5.2978926436410925,600.0
qp2.bch,unsolved,smearsum,both,timeout,9990,600.0178850000003,0.017152783533374377,-3.7166527621080014,600.0
qp2.bch,unsolved,smearmax,both,timeout,11840,600.0594750000002,0.011625345910111844,-3.7239631546861656,600.0
qp2.bch,unsolved,smearmaxrel,both,timeout,9238,600.1514340000002,0.03434894880567593,-4.17233684351845,600.0
qp2.bch,unsolved,largestfirst,both,timeout,15624,600.0297810000003,0.006105548445235021,-37.93126294657993,600.0
qp2.bch,unsolved,roundrobin,both,timeout,11652,600.0396660000001,0.014536391838681084,-4.73282402949478,600.0
ramsey.bch,blowup,lsmear,both,complete,90,1.0732370000000002,-2.487286506285492,-2.488824881042774,600.0
ramsey.bch,blowup,lsmear-box,both,complete,100,1.4167740000000002,-2.48730083551469,-2.488824881042774,600.0
ramsey.bch,blowup,smearsumrel,both,complete,158,2.2026790000000007,-2.4858298203898546,-2.4883181385283826,600.0
ramsey.bch,blowup,smearsum,both,complete,46,0.5122950000000002,-2.486493069767971,-2.4889820518197903,600.0
ramsey.bch,blowup,smearmax,both,complete,18,0.308267,-2.4861926682478455,-2.4886489589948537,600.0
ramsey.bch,blowup,smearmaxrel,both,complete,76,0.8216740000000001,-2.4862375181819956,-2.4887262444264215,600.0
ramsey.bch,blowup,largestfirst,both,complete,438,5.310592000000002,-2.4860383575419998,-2.4885268844264257,600.0
ramsey.bch,blowup,roundrobin,both,complete,112,1.2541920000000004,-2.4873904125973754,-2.4898802928902652,600.0
ramseybis.bch,blowup,lsmear,both,complete,154,1.5551660000000003,-2.487396859907943,-2.489194786457735,600.0
ramseybis.bch,blowup,lsmear-box,both,complete,154,1.5548420000000005,-2.4874012776554073,-2.489194786457735,600.0
ramseybis.bch,blowup,smearsumrel,both,complete,286,3.877453000000001,-2.4869564294816073,-2.4886069658005665,600.0
ramseybis.bch,blowup,smearsum,both,complete,60,0.6222520000000002,-2.487274610345903,-2.489764374720623,600.0
ramseybis.bch,blowup,smearmax,both,complete,110,1.1524990000000004,-2.4871769234303023,-2.48850749930829,600.0
ramseybis.bch,blowup,smearmaxrel,both,complete,92,1.0389160000000002,-2.4870319661352465,-2.489521487622869,600.0
ramseybis.bch,blowup,largestfirst,both,complete,396,4.195514000000001,-2.486126258172073,-2.4886148730451176,600.0
ramseybis.bch,blowup,roundrobin,both,complete,96,0.8390620000000002,-2.486074120676718,-2.4885626833600774,600.0
rastrigin.bch,easy,lsmear,both,complete,10,0.007869000000000001,2.1316282072803006e-14,0,600.0
rastrigin.bch,easy,lsmear-box,both,complete,10,0.0077870000000000005,2.1316282072803006e-14,0,600.0
rastrigin.bch,easy,smearsumrel,both,complete,10,0.007565000000000001,2.1316282072803006e-14,0,600.0
rastrigin.bch,easy,smearsum,both,complete,10,0.007438000000000001,2.1316282072803006e-14,0,600.0
rastrigin.bch,easy,smearmax,both,complete,10,0.0075070000000000015,2.1316282072803006e-14,0,600.0
rastrigin.bch,easy,smearmaxrel,both,complete,14,0.010298000000000002,2.1316282072803006e-14,0,600.0
rastrigin.bch,easy,largestfirst,both,complete,526,0.24730700000000003,2.240518881535536e-09,0,600.0
rastrigin.bch,easy,roundrobin,both,complete,10,0.006220000000000001,2.1316282072803006e-14,0,600.0
rk23.bch,coconutbenchmark-library2,lsmear,both,timeout,6600978,600.0001100000002,inf,0,600.0
rk23.bch,coconutbenchmark-library2,lsmear-box,both,timeout,6582910,600.0000960000002,inf,0,600.0
rk23.bch,coconutbenchmark-library2,smearsumrel,both,timeout,6592534,600.0001070000003,inf,0,600.0
rk23.bch,coconutbenchmark-library2,smearsum,both,timeout,6592394,600.0002100000002,inf,0,600.0
rk23.bch,coconutbenchmark-library2,smearmax,both,timeout,6551908,600.0001600000003,inf,0,600.0
rk23.bch,coconutbenchmark-library2,smearmaxrel,both,timeout,6621592,600.0001300000002,inf,0,600.0
rk23.bch,coconutbenchmark-library2,largestfirst,both,timeout,7419982,600.0001150000003,inf,0,600.0
rk23.bch,coconutbenchmark-library2,roundrobin,both,timeout,7008566,600.0001540000002,inf,0,600.0
robot.bch,coconutbenchmark-library2,lsmear,both,killed,0,960.0,inf,-inf,600.0
robot.bch,coconutbenchmark-library2,lsmear-box,both,killed,0,960.0,inf,-inf,600.0
robot.bch,coconutbenchmark-library2,smearsumrel,both,killed,0,960.0,inf,-inf,600.0
robot.bch,coconutbenchmark-library2,smearsum,both,killed,0,960.0,inf,-inf,600.0
robot.bch,coconutbenchmark-library2,smearmax,both,killed,0,960.0,inf,-inf,600.0
robot.bch,coconutbenchmark-library2,smearmaxrel,both,killed,0,960.0,inf,-inf,600.0
robot.bch,coconutbenchmark-library2,largestfirst,both,killed,0,960.0,inf,-inf,600.0
robot.bch,coconutbenchmark-library2,roundrobin,both,killed,0,960.0,inf,-inf,600.0
rosenbrock.bch,easy,lsmear,both,complete,26,0.009493000000000005,8.684164890845983e-08,0,600.0
rosenbrock.bch,easy,lsmear-box,both,complete,26,0.009176000000000004,8.684164890845983e-08,0,600.0
rosenbrock.bch,easy,smearsumrel,both,complete,26,0.008077000000000003,8.684164890845983e-08,0,600.0
rosenbrock.bch,easy,smearsum,both,complete,26,0.008089,8.684164890845983e-08,0,600.0
rosenbrock.bch,easy,smearmax,both,complete,26,0.008088000000000003,8.684164890845983e-08,0,600.0
rosenbrock.bch,easy,smearmaxrel,both,complete,26,0.008100000000000001,8.684164890845983e-08,0,600.0
rosenbrock.bch,easy,largestfirst,both,complete,26,0.007642000000000004,3.0502629393252446e-08,0,600.0
rosenbrock.bch,easy,roundrobin,both,complete,44,0.013688000000000002,1.1163298775639015e-09,0,600.0
rosenbrock10.bch,easy,lsmear,both,complete,508,0.6145860000000002,7.255521774228918e-08,0,600.0
rosenbrock10.bch,easy,lsmear-box,both,complete,508,0.6206940000000003,7.255521774228918e-08,0,600.0
rosenbrock10.bch,easy,smearsumrel,both,complete,508,0.5709290000000001,7.255521774228918e-08,0,600.0
rosenbrock10.bch,easy,smearsum,both,complete,508,0.5758030000000002,7.255521774228918e-08,0,600.0
rosenbrock10.bch,easy,smearmax,both,complete,508,0.5743510000000002,7.255521774228918e-08,0,600.0
rosenbrock10.bch,easy,smearmaxrel,both,complete,508,0.5772120000000002,7.255521774228918e-08,0,600.0
rosenbrock10.bch,easy,largestfirst,both,complete,950,0.6412270000000002,2.5104443128617066e-08,0,600.0
rosenbrock10.bch,easy,roundrobin,both,complete,304,0.30519200000000013,7.877675956391796e-08,0,600.0
s365mod.bch,coconutbenchmark-library2,lsmear,both,timeout,472950,600.0017100000002,inf,0.25000000000000006,600.0
s365mod.bch,coconutbenchmark-library2,lsmear-box,both,timeout,494226,600.0011320000002,inf,0.25000000000000006,600.0
s365mod.bch,coconutbenchmark-library2,smearsumrel,both,timeout,562314,600.0016180000002,inf,0.25000000000000006,600.0
s365mod.bch,coconutbenchmark-library2,smearsum,both,timeout,743280,600.0024640000001,inf,0.25,600.0
s365mod.bch,coconutbenchmark-library2,smearmax,both,timeout,720728,600.0012920000001,inf,0.25,600.0
s365mod.bch,coconutbenchmark-library2,smearmaxrel,both,timeout,653298,600.0000390000001,inf,0.25,600.0
s365mod.bch,coconutbenchmark-library2,largestfirst,both,timeout,138264,600.0021510000003,inf,0.25000000000000033,600.0
s365mod.bch,coconutbenchmark-library2,roundrobin,both,timeout,650078,600.0001190000002,inf,0.25,600.0
sambal.bch,hard,lsmear,both,complete,21448,109.49179500000002,3.970355958906888,3.966389569337551,600.0
sambal.bch,hard,lsmear-box,both,complete,19702,100.28117700000001,3.9700515164805052,3.966085431049456,600.0
sambal.bch,hard,smearsumrel,both,complete,32118,199.57964100000007,3.970161354962104,3.9661951598023024,600.0
sambal.bch,hard,smearsum,both,complete,37792,220.89942200000007,3.96919131525859,3.9652260891694207,600.0
sambal.bch,hard,smearmax,both,complete,39560,239.44426000000004,3.96970155548025,3.9657358196605896,600.0
sambal.bch,hard,smearmaxrel,both,timeout,111964,600.0047190000001,3.9758015392013712,3.721950347541398,600.0
sambal.bch,hard,largestfirst,both,timeout,267338,600.0018940000002,4.203619336731774,1.4225791657485571e-28,600.0
sambal.bch,hard,roundrobin,both,complete,33058,174.09841000000006,3.970031901918662,3.96606583608258,600.0
schaffer.bch,easy,lsmear,both,complete,66,0.020636000000000005,2.55351295663786e-15,0,600.0
schaffer.bch,easy,lsmear-box,both,complete,66,0.020561000000000006,2.55351295663786e-15,0,600.0
schaffer.bch,easy,smearsumrel,both,complete,66,0.020875000000000005,2.55351295663786e-15,0,600.0
schaffer.bch,easy,smearsum,both,complete,66,0.020166000000000003,2.55351295663786e-15,0,600.0
schaffer.bch,easy,smearmax,both,complete,66,0.020717000000000003,2.55351295663786e-15,0,600.0
schaffer.bch,easy,smearmaxrel,both,complete,66,0.020767000000000004,2.55351295663786e-15,0,600.0
schaffer.bch,easy,largestfirst,both,complete,68,0.020926000000000007,4.648798762607598e-08,0,600.0
schaffer.bch,easy,roundrobin,both,complete,6,0.0018900000000000002,5.551115123125783e-17,0,600.0
schwefel5-abs.bch,medium,lsmear,both,timeout,1673368,600.0005100000001,0.5141407366400017,-324.06838727244786,600.0
schwefel5-abs.bch,medium,lsmear-box,both,timeout,1711832,600.0005140000001,0.5141407366400017,-324.06838727244786,600.0
schwefel5-abs.bch,medium,smearsumrel,both,timeout,1716388,600.0006670000002,0.5141407366400017,-324.06838727244786,600.0
schwefel5-abs.bch,medium,smearsum,both,timeout,1723246,600.0005610000002,0.5141407366400017,-324.06838727244786,600.0
schwefel5-abs.bch,medium,smearmax,both,timeout,1693382,600.0001930000002,0.5141407366400017,-324.06838727244786,600.0
schwefel5-abs.bch,medium,smearmaxrel,both,timeout,1731472,600.0000770000001,0.5141407366400017,-324.06838727244786,600.0
schwefel5-abs.bch,medium,largestfirst,both,timeout,1746256,600.0007460000003,0.5141407366400017,-324.06838727244786,600.0
schwefel5-abs.bch,medium,roundrobin,both,complete,1294,1.4826440000000005,6.366970319504617e-05,6.356970319504619e-05,600.0
schwefel5.bch,medium,lsmear,both,timeout,1672182,600.0004130000002,0.5139199318687133,-324.0683872724479,600.0
schwefel5.bch,medium,lsmear-box,both,timeout,1673972,600.0003860000002,0.5139199318687133,-324.0683872724479,600.0
schwefel5.bch,medium,smearsumrel,both,timeout,1695674,600.0005980000002,0.5139199318687133,-324.0683872724479,600.0
schwefel5.bch,medium,smearsum,both,timeout,1655418,600.0001950000001,0.5139199318687133,-324.0683872724479,600.0
schwefel5.bch,medium,smearmax,both,timeout,1680862,600.0001860000002,0.5139199318687133,-324.0683872724479,600.0
schwefel5.bch,medium,smearmaxrel,both,timeout,1620470,600.0001250000003,0.5139199318687133,-324.0683872724479,600.0
schwefel5.bch,medium,largestfirst,both,timeout,1704612,600.0002360000001,0.5139199318687133,-324.0683872724479,600.0
schwefel5.bch,medium,roundrobin,both,complete,1328,1.5381240000000005,6.365751369230566e-05,6.355751369230568e-05,600.0
ship-1.bch,easy,lsmear,both,timeout,601010,600.0008910000003,1.2386495930217845,0,600.0
ship-1.bch,easy,lsmear-box,both,timeout,498862,600.0012500000001,1.1170121217641076,0,600.0
ship-1.bch,easy,smearsumrel,both,timeout,463388,600.0013490000003,1.116786191601352,0,600.0
ship-1.bch,easy,smearsum,both,timeout,563222,600.0001940000001,1.1058296088237158,0,600.0
ship-1.bch,easy,smearmax,both,timeout,460482,600.0006440000003,1.105829609000234,0,600.0
ship-1.bch,easy,smearmaxrel,both,timeout,522942,600.0009880000001,1.1131854250425353,0,600.0
ship-1.bch,easy,largestfirst,both,timeout,462194,600.0014430000003,1.1063527688857335,0,600.0
ship-1.bch,easy,roundrobin,both,complete,222,0.41256900000000013,0,0,600.0
ship.bch,others,lsmear,both,unbounded,2900,18.027403000000007,inf,-inf,600.0
ship.bch,others,lsmear-box,both,unbounded,2900,17.997863000000006,inf,-inf,600.0
ship.bch,others,smearsumrel,both,unbounded,2900,18.031897000000008,inf,-inf,600.0
ship.bch,others,smearsum,both,unbounded,2900,17.969968000000005,inf,-inf,600.0
ship.bch,others,smearmax,both,unbounded,2900,18.031796000000007,inf,-inf,600.0
ship.bch,others,smearmaxrel,both,unbounded,2900,18.011126000000004,inf,-inf,600.0
ship.bch,others,largestfirst,both,unbounded,2900,17.923961000000002,inf,-inf,600.0
ship.bch,others,roundrobin,both,unbounded,856,0.24373800000000007,inf,-inf,600.0
srcpm.bch,medium,lsmear,both,complete,202,4.328300000000001,2110.4636956778504,2108.3553403375136,600.0
srcpm.bch,medium,lsmear-box,both,complete,214,4.435774000000002,2110.75405817697,2108.6454127642064,600.0
srcpm.bch,medium,smearsumrel,both,timeout,47996,600.0313060000002,2112.7061648174163,1548.4709249390546,600.0
srcpm.bch,medium,smearsum,both,complete,378,7.811527000000002,2110.838746193487,2108.7300161773105,600.0
srcpm.bch,medium,smearmax,both,complete,242,5.124504000000002,2110.928634804864,2108.819814989875,600.0
srcpm.bch,medium,smearmaxrel,both,timeout,52432,600.0247780000002,2113.940535074047,1377.4839161678744,600.0
srcpm.bch,medium,largestfirst,both,timeout,98086,600.0066670000002,2127.7485241691306,1147.048746193765,600.0
srcpm.bch,medium,roundrobin,both,timeout,53594,600.0093130000002,2112.2060460653797,1370.973400127665,600.0
synthes1.bch,coconutbenchmark-library2,lsmear,both,complete,22,0.04799000000000001,0.7592901785993398,0.7585316469523875,600.0
synthes1.bch,coconutbenchmark-library2,lsmear-box,both,complete,22,0.04857900000000002,0.7592901785993398,0.7585316469523875,600.0
synthes1.bch,coconutbenchmark-library2,smearsumrel,both,complete,20,0.04058500000000001,0.7593367686768744,0.7585781904863881,600.0
synthes1.bch,coconutbenchmark-library2,smearsum,both,complete,20,0.04698800000000001,0.7593385363846235,0.7585799564281953,600.0
synthes1.bch,coconutbenchmark-library2,smearmax,both,complete,20,0.04648800000000001,0.7595775707466377,0.7588187519946431,600.0
synthes1.bch,coconutbenchmark-library2,smearmaxrel,both,complete,22,0.047289000000000005,0.7593463341250057,0.7585877463786272,600.0
synthes1.bch,coconutbenchmark-library2,largestfirst,both,complete,134,0.17813200000000004,0.7592856411304876,0.7585271140164712,600.0
synthes1.bch,coconutbenchmark-library2,roundrobin,both,complete,30,0.058324000000000015,0.7597393648190192,0.7589803844345847,600.0
test_infinity2.bch,easy,lsmear,both,complete,4,0.002198,0,0,600.0
test_infinity2.bch,easy,lsmear-box,both,complete,4,0.002183000000000001,0,0,600.0
test_infinity2.bch,easy,smearsumrel,both,complete,4,0.0021010000000000004,0,0,600.0
test_infinity2.bch,easy,smearsum,both,complete,10,0.003779000000000001,0,0,600.0
test_infinity2.bch,easy,smearmax,both,complete,10,0.003843000000000001,0,0,600.0
test_infinity2.bch,easy,smearmaxrel,both,complete,4,0.0021060000000000007,0,0,600.0
test_infinity2.bch,easy,largestfirst,both,complete,32,0.009744000000000003,1.2366757231057333e-08,0,600.0
test_infinity2.bch,easy,roundrobin,both,complete,4,0.0019560000000000003,0,0,600.0
test_infinity3.bch,others,lsmear,both,unbounded,112,0.0028680000000000008,5.9086217615757586e+56,-inf,600.0
test_infinity3.bch,others,lsmear-box,both,unbounded,112,0.0030970000000000012,5.9086217615757586e+56,-inf,600.0
test_infinity3.bch,others,smearsumrel,both,unbounded,112,0.0029950000000000016,5.9086217615757586e+56,-inf,600.0
test_infinity3.bch,others,smearsum,both,unbounded,112,0.0028850000000000013,5.9086217615757586e+56,-inf,600.0
test_infinity3.bch,others,smearmax,both,unbounded,112,0.0029080000000000004,5.9086217615757586e+56,-inf,600.0
test_infinity3.bch,others,smearmaxrel,both,unbounded,112,0.002875000000000001,5.9086217615757586e+56,-inf,600.0
test_infinity3.bch,others,largestfirst,both,unbounded,112,0.002746000000000001,5.9086217615757586e+56,-inf,600.0
test_infinity3.bch,others,roundrobin,both,unbounded,110,0.0027820000000000006,5.9086217615757586e+56,-inf,600.0
test_infinity4.bch,others,lsmear,both,unbounded,214,0.012042000000000002,-1.7976931348623157e+308,-inf,600.0
test_infinity4.bch,others,lsmear-box,both,unbounded,214,0.011762000000000002,-1.7976931348623157e+308,-inf,600.0
test_infinity4.bch,others,smearsumrel,both,unbounded,214,0.011887000000000002,-1.7976931348623157e+308,-inf,600.0
test_infinity4.bch,others,smearsum,both,unbounded,214,0.012547000000000003,-1.7976931348623157e+308,-inf,600.0
test_infinity4.bch,others,smearmax,both,unbounded,214,0.012128000000000002,-1.7976931348623157e+308,-inf,600.0
test_infinity4.bch,others,smearmaxrel,both,unbounded,214,0.012250000000000004,-1.7976931348623157e+308,-inf,600.0
test_infinity4.bch,others,largestfirst,both,unbounded,214,0.012079000000000001,-1.7976931348623157e+308,-inf,600.0
test_infinity4.bch,others,roundrobin,both,unbounded,218,0.011305000000000004,-1.7976931348623157e+308,-inf,600.0
wall.bch,easy,lsmear,both,infeasible,0,2.0000000000002655e-06,inf,-inf,600.0
wall.bch,easy,lsmear-box,both,infeasible,0,2.0000000000002655e-06,inf,-inf,600.0
wall.bch,easy,smearsumrel,both,infeasible,0,2.0000000000002655e-06,inf,-inf,600.0
wall.bch,easy,smearsum,both,infeasible,0,1.000000000001e-06,inf,-inf,600.0
wall.bch,easy,smearmax,both,infeasible,0,2.0000000000002655e-06,inf,-inf,600.0
wall.bch,easy,smearmaxrel,both,infeasible,0,2.0000000000002655e-06,inf,-inf,600.0
wall.bch,easy,largestfirst,both,infeasible,0,2.0000000000002655e-06,inf,-inf,600.0
wall.bch,easy,roundrobin,both,infeasible,0,2.0000000000002655e-06,inf,-inf,600.0
water-abs.bch,unsolved,lsmear,both,timeout,21778,600.0238110000003,inf,356.71389650659296,600.0
water-abs.bch,unsolved,lsmear-box,both,timeout,22806,600.0079650000001,inf,383.13987049537496,600.0
water-abs.bch,unsolved,smearsumrel,both,timeout,36692,600.0351460000002,1550.7277376994566,221.84866540688674,600.0
water-abs.bch,unsolved,smearsum,both,timeout,35950,600.0380720000002,3305.8277082294067,187.12741374300694,600.0
water-abs.bch,unsolved,smearmax,both,timeout,25792,600.0085610000002,1534.6906177322217,231.7871614022276,600.0
water-abs.bch,unsolved,smearmaxrel,both,timeout,31572,600.0315310000002,2352.6963224432625,200.0286795196953,600.0
water-abs.bch,unsolved,largestfirst,both,timeout,64088,600.1571830000003,inf,136.1228613457745,600.0
water-abs.bch,unsolved,roundrobin,both,timeout,30698,600.0240950000002,inf,397.15194631404404,600.0
water.bch,unsolved,lsmear,both,timeout,31614,600.0187260000002,inf,141.2517612097745,600.0
water.bch,unsolved,lsmear-box,both,timeout,31536,600.0238740000002,inf,141.2517612097745,600.0
water.bch,unsolved,smearsumrel,both,timeout,31532,600.0443270000002,inf,141.2517612097745,600.0
water.bch,unsolved,smearsum,both,timeout,31286,600.0060870000002,inf,141.2517612097745,600.0
water.bch,unsolved,smearmax,both,timeout,31584,600.0032470000001,inf,141.2517612097745,600.0
water.bch,unsolved,smearmaxrel,both,timeout,31668,600.0106110000002,inf,141.2517612097745,600.0
water.bch,unsolved,largestfirst,both,timeout,31708,600.0007470000002,inf,141.2517612097745,600.0
water.bch,unsolved,roundrobin,both,timeout,34364,600.0120950000003,5664.645989696819,182.3236814120888,600.0
water1-abs.bch,unsolved,lsmear,both,timeout,26118,600.0139090000001,inf,148.51610276789592,600.0
water1-abs.bch,unsolved,lsmear-box,both,timeout,18480,600.0454010000003,1923.4687891186966,205.6589485963555,600.0
water1-abs.bch,unsolved,smearsumrel,both,timeout,25458,600.0278000000002,23158.023885172082,158.42748459134054,600.0
water1-abs.bch,unsolved,smearsum,both,timeout,20246,600.0262970000003,200240.24744521308,146.60975496115302,600.0
water1-abs.bch,unsolved,smearmax,both,timeout,20040,600.0096420000001,inf,146.2845656836633,600.0
water1-abs.bch,unsolved,smearmaxrel,both,timeout,31922,600.0398240000002,inf,141.2517612097745,600.0
water1-abs.bch,unsolved,largestfirst,both,timeout,47188,600.0136590000002,inf,141.25176120938428,600.0
water1-abs.bch,unsolved,roundrobin,both,timeout,32508,600.0266850000004,2436920.3083368647,141.29984295940102,600.0
water1.bch,unsolved,lsmear,both,timeout,47336,600.0013420000002,inf,141.25176120977446,600.0
water1.bch,unsolved,lsmear-box,both,timeout,47610,600.0165320000003,inf,141.25176120977446,600.0
water1.bch,unsolved,smearsumrel,both,timeout,47508,600.0124370000001,inf,141.25176120977446,600.0
water1.bch,unsolved,smearsum,both,timeout,47626,600.0345470000002,inf,141.25176120977446,600.0
water1.bch,unsolved,smearmax,both,timeout,47752,600.0003250000003,inf,141.25176120977446,600.0
water1.bch,unsolved,smearmaxrel,both,timeout,47604,600.0227060000003,inf,141.25176120977446,600.0
water1.bch,unsolved,largestfirst,both,timeout,47750,600.0165320000002,inf,141.25176120977446,600.0
water1.bch,unsolved,roundrobin,both,timeout,28600,600.0429910000004,2190.53327377702,504.9115736554173,600.0
